FlSort,FlCde,Fleet,Flotte,Year/An,TFCde,TypeFishery,TypePêcherie,GrSort,GrCde,Gear,Engin,GrGroup,GrGroupe,GrMult,ClassLow,ClassHigh,ClassTypeCode,CLass type,noBoats_nBateaux,Fgrounds
26,"JPN    ",JAPAN,JAPON,1952,IND,Industrial Fishing,Pêcheries industrielles,5,LL,Longline,Palangre dérivante au-dessus de 1800 hameçons,Longline,Palangre,0,24,40,LOA,Length overall,1,PELAGIC
26,"JPN    ",JAPAN,JAPON,1952,IND,Industrial Fishing,Pêcheries industrielles,5,LL,Longline,Palangre dérivante au-dessus de 1800 hameçons,Longline,Palangre,0,40,60,LOA,Length overall,1,PELAGIC
26,"JPN    ",JAPAN,JAPON,1953,IND,Industrial Fishing,Pêcheries industrielles,5,LL,Longline,Palangre dérivante au-dessus de 1800 hameçons,Longline,Palangre,0,24,40,LOA,Length overall,4,PELAGIC
26,"JPN    ",JAPAN,JAPON,1953,IND,Industrial Fishing,Pêcheries industrielles,5,LL,Longline,Palangre dérivante au-dessus de 1800 hameçons,Longline,Palangre,0,40,60,LOA,Length overall,6,PELAGIC
6,"TWN    ","TAIWAN,CHINA","TAIWAN,CHINE",1954,IND,Industrial Fishing,Pêcheries industrielles,5,LL,Longline,Palangre dérivante au-dessus de 1800 hameçons,Longline,Palangre,0,24,40,LOA,Length overall,1,PELAGIC
6,"TWN    ","TAIWAN,CHINA","TAIWAN,CHINE",1954,IND,Industrial Fishing,Pêcheries industrielles,5,LL,Longline,Palangre dérivante au-dessus de 1800 hameçons,Longline,Palangre,0,40,60,LOA,Length overall,2,PELAGIC
26,"JPN    ",JAPAN,JAPON,1954,IND,Industrial Fishing,Pêcheries industrielles,5,LL,Longline,Palangre dérivante au-dessus de 1800 hameçons,Longline,Palangre,0,24,40,LOA,Length overall,10,PELAGIC
26,"JPN    ",JAPAN,JAPON,1954,IND,Industrial Fishing,Pêcheries industrielles,5,LL,Longline,Palangre dérivante au-dessus de 1800 hameçons,Longline,Palangre,0,40,60,LOA,Length overall,17,PELAGIC
6,"TWN    ","TAIWAN,CHINA","TAIWAN,CHINE",1955,IND,Industrial Fishing,Pêcheries industrielles,5,LL,Longline,Palangre dérivante au-dessus de 1800 hameçons,Longline,Palangre,0,24,40,LOA,Length overall,4,PELAGIC
6,"TWN    ","TAIWAN,CHINA","TAIWAN,CHINE",1955,IND,Industrial Fishing,Pêcheries industrielles,5,LL,Longline,Palangre dérivante au-dessus de 1800 hameçons,Longline,Palangre,0,40,60,LOA,Length overall,4,PELAGIC
26,"JPN    ",JAPAN,JAPON,1955,IND,Industrial Fishing,Pêcheries industrielles,5,LL,Longline,Palangre dérivante au-dessus de 1800 hameçons,Longline,Palangre,0,24,40,LOA,Length overall,13,PELAGIC
26,"JPN    ",JAPAN,JAPON,1955,IND,Industrial Fishing,Pêcheries industrielles,5,LL,Longline,Palangre dérivante au-dessus de 1800 hameçons,Longline,Palangre,0,40,60,LOA,Length overall,23,PELAGIC
6,"TWN    ","TAIWAN,CHINA","TAIWAN,CHINE",1956,IND,Industrial Fishing,Pêcheries industrielles,5,LL,Longline,Palangre dérivante au-dessus de 1800 hameçons,Longline,Palangre,0,24,40,LOA,Length overall,8,PELAGIC
6,"TWN    ","TAIWAN,CHINA","TAIWAN,CHINE",1956,IND,Industrial Fishing,Pêcheries industrielles,5,LL,Longline,Palangre dérivante au-dessus de 1800 hameçons,Longline,Palangre,0,40,60,LOA,Length overall,8,PELAGIC
26,"JPN    ",JAPAN,JAPON,1956,IND,Industrial Fishing,Pêcheries industrielles,5,LL,Longline,Palangre dérivante au-dessus de 1800 hameçons,Longline,Palangre,0,24,40,LOA,Length overall,24,PELAGIC
26,"JPN    ",JAPAN,JAPON,1956,IND,Industrial Fishing,Pêcheries industrielles,5,LL,Longline,Palangre dérivante au-dessus de 1800 hameçons,Longline,Palangre,0,40,60,LOA,Length overall,42,PELAGIC
6,"TWN    ","TAIWAN,CHINA","TAIWAN,CHINE",1957,IND,Industrial Fishing,Pêcheries industrielles,5,LL,Longline,Palangre dérivante au-dessus de 1800 hameçons,Longline,Palangre,0,15,24,LOA,Length overall,1,PELAGIC
6,"TWN    ","TAIWAN,CHINA","TAIWAN,CHINE",1957,IND,Industrial Fishing,Pêcheries industrielles,5,LL,Longline,Palangre dérivante au-dessus de 1800 hameçons,Longline,Palangre,0,24,40,LOA,Length overall,10,PELAGIC
6,"TWN    ","TAIWAN,CHINA","TAIWAN,CHINE",1957,IND,Industrial Fishing,Pêcheries industrielles,5,LL,Longline,Palangre dérivante au-dessus de 1800 hameçons,Longline,Palangre,0,40,60,LOA,Length overall,9,PELAGIC
26,"JPN    ",JAPAN,JAPON,1957,IND,Industrial Fishing,Pêcheries industrielles,5,LL,Longline,Palangre dérivante au-dessus de 1800 hameçons,Longline,Palangre,0,24,40,LOA,Length overall,22,PELAGIC
26,"JPN    ",JAPAN,JAPON,1957,IND,Industrial Fishing,Pêcheries industrielles,5,LL,Longline,Palangre dérivante au-dessus de 1800 hameçons,Longline,Palangre,0,40,60,LOA,Length overall,37,PELAGIC
6,"TWN    ","TAIWAN,CHINA","TAIWAN,CHINE",1958,IND,Industrial Fishing,Pêcheries industrielles,5,LL,Longline,Palangre dérivante au-dessus de 1800 hameçons,Longline,Palangre,0,15,24,LOA,Length overall,1,PELAGIC
6,"TWN    ","TAIWAN,CHINA","TAIWAN,CHINE",1958,IND,Industrial Fishing,Pêcheries industrielles,5,LL,Longline,Palangre dérivante au-dessus de 1800 hameçons,Longline,Palangre,0,24,40,LOA,Length overall,14,PELAGIC
6,"TWN    ","TAIWAN,CHINA","TAIWAN,CHINE",1958,IND,Industrial Fishing,Pêcheries industrielles,5,LL,Longline,Palangre dérivante au-dessus de 1800 hameçons,Longline,Palangre,0,40,60,LOA,Length overall,15,PELAGIC
26,"JPN    ",JAPAN,JAPON,1958,IND,Industrial Fishing,Pêcheries industrielles,5,LL,Longline,Palangre dérivante au-dessus de 1800 hameçons,Longline,Palangre,0,24,40,LOA,Length overall,19,PELAGIC
26,"JPN    ",JAPAN,JAPON,1958,IND,Industrial Fishing,Pêcheries industrielles,5,LL,Longline,Palangre dérivante au-dessus de 1800 hameçons,Longline,Palangre,0,40,60,LOA,Length overall,32,PELAGIC
6,"TWN    ","TAIWAN,CHINA","TAIWAN,CHINE",1959,IND,Industrial Fishing,Pêcheries industrielles,5,LL,Longline,Palangre dérivante au-dessus de 1800 hameçons,Longline,Palangre,0,15,24,LOA,Length overall,1,PELAGIC
6,"TWN    ","TAIWAN,CHINA","TAIWAN,CHINE",1959,IND,Industrial Fishing,Pêcheries industrielles,5,LL,Longline,Palangre dérivante au-dessus de 1800 hameçons,Longline,Palangre,0,24,40,LOA,Length overall,18,PELAGIC
6,"TWN    ","TAIWAN,CHINA","TAIWAN,CHINE",1959,IND,Industrial Fishing,Pêcheries industrielles,5,LL,Longline,Palangre dérivante au-dessus de 1800 hameçons,Longline,Palangre,0,40,60,LOA,Length overall,19,PELAGIC
26,"JPN    ",JAPAN,JAPON,1959,IND,Industrial Fishing,Pêcheries industrielles,5,LL,Longline,Palangre dérivante au-dessus de 1800 hameçons,Longline,Palangre,0,24,40,LOA,Length overall,28,PELAGIC
26,"JPN    ",JAPAN,JAPON,1959,IND,Industrial Fishing,Pêcheries industrielles,5,LL,Longline,Palangre dérivante au-dessus de 1800 hameçons,Longline,Palangre,0,40,60,LOA,Length overall,49,PELAGIC
6,"TWN    ","TAIWAN,CHINA","TAIWAN,CHINE",1960,IND,Industrial Fishing,Pêcheries industrielles,5,LL,Longline,Palangre dérivante au-dessus de 1800 hameçons,Longline,Palangre,0,15,24,LOA,Length overall,1,PELAGIC
6,"TWN    ","TAIWAN,CHINA","TAIWAN,CHINE",1960,IND,Industrial Fishing,Pêcheries industrielles,5,LL,Longline,Palangre dérivante au-dessus de 1800 hameçons,Longline,Palangre,0,24,40,LOA,Length overall,16,PELAGIC
6,"TWN    ","TAIWAN,CHINA","TAIWAN,CHINE",1960,IND,Industrial Fishing,Pêcheries industrielles,5,LL,Longline,Palangre dérivante au-dessus de 1800 hameçons,Longline,Palangre,0,40,60,LOA,Length overall,16,PELAGIC
26,"JPN    ",JAPAN,JAPON,1960,IND,Industrial Fishing,Pêcheries industrielles,5,LL,Longline,Palangre dérivante au-dessus de 1800 hameçons,Longline,Palangre,0,24,40,LOA,Length overall,44,PELAGIC
26,"JPN    ",JAPAN,JAPON,1960,IND,Industrial Fishing,Pêcheries industrielles,5,LL,Longline,Palangre dérivante au-dessus de 1800 hameçons,Longline,Palangre,0,40,60,LOA,Length overall,75,PELAGIC
6,"TWN    ","TAIWAN,CHINA","TAIWAN,CHINE",1961,IND,Industrial Fishing,Pêcheries industrielles,5,LL,Longline,Palangre dérivante au-dessus de 1800 hameçons,Longline,Palangre,0,15,24,LOA,Length overall,1,PELAGIC
6,"TWN    ","TAIWAN,CHINA","TAIWAN,CHINE",1961,IND,Industrial Fishing,Pêcheries industrielles,5,LL,Longline,Palangre dérivante au-dessus de 1800 hameçons,Longline,Palangre,0,24,40,LOA,Length overall,20,PELAGIC
6,"TWN    ","TAIWAN,CHINA","TAIWAN,CHINE",1961,IND,Industrial Fishing,Pêcheries industrielles,5,LL,Longline,Palangre dérivante au-dessus de 1800 hameçons,Longline,Palangre,0,40,60,LOA,Length overall,21,PELAGIC
26,"JPN    ",JAPAN,JAPON,1961,IND,Industrial Fishing,Pêcheries industrielles,5,LL,Longline,Palangre dérivante au-dessus de 1800 hameçons,Longline,Palangre,0,24,40,LOA,Length overall,50,PELAGIC
26,"JPN    ",JAPAN,JAPON,1961,IND,Industrial Fishing,Pêcheries industrielles,5,LL,Longline,Palangre dérivante au-dessus de 1800 hameçons,Longline,Palangre,0,40,60,LOA,Length overall,86,PELAGIC
45,"SUN    ",SOVIET UNION,UNION SOVIÉTIQUE,1961,IND,Industrial Fishing,Pêcheries industrielles,5,LL,Longline,Palangre dérivante au-dessus de 1800 hameçons,Longline,Palangre,0,24,40,LOA,Length overall,3,PELAGIC
6,"TWN    ","TAIWAN,CHINA","TAIWAN,CHINE",1962,IND,Industrial Fishing,Pêcheries industrielles,5,LL,Longline,Palangre dérivante au-dessus de 1800 hameçons,Longline,Palangre,0,15,24,LOA,Length overall,1,PELAGIC
6,"TWN    ","TAIWAN,CHINA","TAIWAN,CHINE",1962,IND,Industrial Fishing,Pêcheries industrielles,5,LL,Longline,Palangre dérivante au-dessus de 1800 hameçons,Longline,Palangre,0,24,40,LOA,Length overall,20,PELAGIC
6,"TWN    ","TAIWAN,CHINA","TAIWAN,CHINE",1962,IND,Industrial Fishing,Pêcheries industrielles,5,LL,Longline,Palangre dérivante au-dessus de 1800 hameçons,Longline,Palangre,0,40,60,LOA,Length overall,20,PELAGIC
26,"JPN    ",JAPAN,JAPON,1962,IND,Industrial Fishing,Pêcheries industrielles,5,LL,Longline,Palangre dérivante au-dessus de 1800 hameçons,Longline,Palangre,0,24,40,LOA,Length overall,54,PELAGIC
26,"JPN    ",JAPAN,JAPON,1962,IND,Industrial Fishing,Pêcheries industrielles,5,LL,Longline,Palangre dérivante au-dessus de 1800 hameçons,Longline,Palangre,0,40,60,LOA,Length overall,93,PELAGIC
45,"SUN    ",SOVIET UNION,UNION SOVIÉTIQUE,1962,IND,Industrial Fishing,Pêcheries industrielles,5,LL,Longline,Palangre dérivante au-dessus de 1800 hameçons,Longline,Palangre,0,24,40,LOA,Length overall,3,PELAGIC
6,"TWN    ","TAIWAN,CHINA","TAIWAN,CHINE",1963,IND,Industrial Fishing,Pêcheries industrielles,5,LL,Longline,Palangre dérivante au-dessus de 1800 hameçons,Longline,Palangre,0,15,24,LOA,Length overall,1,PELAGIC
6,"TWN    ","TAIWAN,CHINA","TAIWAN,CHINE",1963,IND,Industrial Fishing,Pêcheries industrielles,5,LL,Longline,Palangre dérivante au-dessus de 1800 hameçons,Longline,Palangre,0,24,40,LOA,Length overall,24,PELAGIC
6,"TWN    ","TAIWAN,CHINA","TAIWAN,CHINE",1963,IND,Industrial Fishing,Pêcheries industrielles,5,LL,Longline,Palangre dérivante au-dessus de 1800 hameçons,Longline,Palangre,0,40,60,LOA,Length overall,24,PELAGIC
26,"JPN    ",JAPAN,JAPON,1963,IND,Industrial Fishing,Pêcheries industrielles,5,LL,Longline,Palangre dérivante au-dessus de 1800 hameçons,Longline,Palangre,0,24,40,LOA,Length overall,47,PELAGIC
26,"JPN    ",JAPAN,JAPON,1963,IND,Industrial Fishing,Pêcheries industrielles,5,LL,Longline,Palangre dérivante au-dessus de 1800 hameçons,Longline,Palangre,0,40,60,LOA,Length overall,80,PELAGIC
45,"SUN    ",SOVIET UNION,UNION SOVIÉTIQUE,1963,IND,Industrial Fishing,Pêcheries industrielles,5,LL,Longline,Palangre dérivante au-dessus de 1800 hameçons,Longline,Palangre,0,24,40,LOA,Length overall,3,PELAGIC
45,"SUN    ",SOVIET UNION,UNION SOVIÉTIQUE,1963,IND,Industrial Fishing,Pêcheries industrielles,1,PS,Purse seine,Senne tournante aux thons,Purse Seine,Senne tournante,0,24,40,LOA,Length overall,2,PELAGIC
6,"TWN    ","TAIWAN,CHINA","TAIWAN,CHINE",1964,IND,Industrial Fishing,Pêcheries industrielles,5,LL,Longline,Palangre dérivante au-dessus de 1800 hameçons,Longline,Palangre,0,15,24,LOA,Length overall,1,PELAGIC
6,"TWN    ","TAIWAN,CHINA","TAIWAN,CHINE",1964,IND,Industrial Fishing,Pêcheries industrielles,5,LL,Longline,Palangre dérivante au-dessus de 1800 hameçons,Longline,Palangre,0,24,40,LOA,Length overall,23,PELAGIC
6,"TWN    ","TAIWAN,CHINA","TAIWAN,CHINE",1964,IND,Industrial Fishing,Pêcheries industrielles,5,LL,Longline,Palangre dérivante au-dessus de 1800 hameçons,Longline,Palangre,0,40,60,LOA,Length overall,23,PELAGIC
26,"JPN    ",JAPAN,JAPON,1964,IND,Industrial Fishing,Pêcheries industrielles,5,LL,Longline,Palangre dérivante au-dessus de 1800 hameçons,Longline,Palangre,0,24,40,LOA,Length overall,57,PELAGIC
26,"JPN    ",JAPAN,JAPON,1964,IND,Industrial Fishing,Pêcheries industrielles,5,LL,Longline,Palangre dérivante au-dessus de 1800 hameçons,Longline,Palangre,0,40,60,LOA,Length overall,98,PELAGIC
45,"SUN    ",SOVIET UNION,UNION SOVIÉTIQUE,1964,IND,Industrial Fishing,Pêcheries industrielles,5,LL,Longline,Palangre dérivante au-dessus de 1800 hameçons,Longline,Palangre,0,24,40,LOA,Length overall,3,PELAGIC
45,"SUN    ",SOVIET UNION,UNION SOVIÉTIQUE,1964,IND,Industrial Fishing,Pêcheries industrielles,1,PS,Purse seine,Senne tournante aux thons,Purse Seine,Senne tournante,0,10,24,LOA,Length overall,6,PELAGIC
45,"SUN    ",SOVIET UNION,UNION SOVIÉTIQUE,1964,IND,Industrial Fishing,Pêcheries industrielles,1,PS,Purse seine,Senne tournante aux thons,Purse Seine,Senne tournante,0,24,40,LOA,Length overall,4,PELAGIC
6,"TWN    ","TAIWAN,CHINA","TAIWAN,CHINE",1965,IND,Industrial Fishing,Pêcheries industrielles,5,LL,Longline,Palangre dérivante au-dessus de 1800 hameçons,Longline,Palangre,0,15,24,LOA,Length overall,1,PELAGIC
6,"TWN    ","TAIWAN,CHINA","TAIWAN,CHINE",1965,IND,Industrial Fishing,Pêcheries industrielles,5,LL,Longline,Palangre dérivante au-dessus de 1800 hameçons,Longline,Palangre,0,24,40,LOA,Length overall,17,PELAGIC
6,"TWN    ","TAIWAN,CHINA","TAIWAN,CHINE",1965,IND,Industrial Fishing,Pêcheries industrielles,5,LL,Longline,Palangre dérivante au-dessus de 1800 hameçons,Longline,Palangre,0,40,60,LOA,Length overall,17,PELAGIC
26,"JPN    ",JAPAN,JAPON,1965,IND,Industrial Fishing,Pêcheries industrielles,5,LL,Longline,Palangre dérivante au-dessus de 1800 hameçons,Longline,Palangre,0,24,40,LOA,Length overall,68,PELAGIC
26,"JPN    ",JAPAN,JAPON,1965,IND,Industrial Fishing,Pêcheries industrielles,5,LL,Longline,Palangre dérivante au-dessus de 1800 hameçons,Longline,Palangre,0,40,60,LOA,Length overall,117,PELAGIC
29,"KOR    ",KOREA REP.,CORÉE RÉP.,1965,IND,Industrial Fishing,Pêcheries industrielles,5,LL,Longline,Palangre dérivante au-dessus de 1800 hameçons,Longline,Palangre,0,40,60,LOA,Length overall,3,PELAGIC
45,"SUN    ",SOVIET UNION,UNION SOVIÉTIQUE,1965,IND,Industrial Fishing,Pêcheries industrielles,5,LL,Longline,Palangre dérivante au-dessus de 1800 hameçons,Longline,Palangre,0,24,40,LOA,Length overall,6,PELAGIC
45,"SUN    ",SOVIET UNION,UNION SOVIÉTIQUE,1965,IND,Industrial Fishing,Pêcheries industrielles,1,PS,Purse seine,Senne tournante aux thons,Purse Seine,Senne tournante,0,10,24,LOA,Length overall,3,PELAGIC
45,"SUN    ",SOVIET UNION,UNION SOVIÉTIQUE,1965,IND,Industrial Fishing,Pêcheries industrielles,1,PS,Purse seine,Senne tournante aux thons,Purse Seine,Senne tournante,0,24,40,LOA,Length overall,4,PELAGIC
6,"TWN    ","TAIWAN,CHINA","TAIWAN,CHINE",1966,IND,Industrial Fishing,Pêcheries industrielles,5,LL,Longline,Palangre dérivante au-dessus de 1800 hameçons,Longline,Palangre,0,15,24,LOA,Length overall,2,PELAGIC
6,"TWN    ","TAIWAN,CHINA","TAIWAN,CHINE",1966,IND,Industrial Fishing,Pêcheries industrielles,5,LL,Longline,Palangre dérivante au-dessus de 1800 hameçons,Longline,Palangre,0,24,40,LOA,Length overall,25,PELAGIC
6,"TWN    ","TAIWAN,CHINA","TAIWAN,CHINE",1966,IND,Industrial Fishing,Pêcheries industrielles,5,LL,Longline,Palangre dérivante au-dessus de 1800 hameçons,Longline,Palangre,0,40,60,LOA,Length overall,26,PELAGIC
26,"JPN    ",JAPAN,JAPON,1966,IND,Industrial Fishing,Pêcheries industrielles,5,LL,Longline,Palangre dérivante au-dessus de 1800 hameçons,Longline,Palangre,0,24,40,LOA,Length overall,78,PELAGIC
26,"JPN    ",JAPAN,JAPON,1966,IND,Industrial Fishing,Pêcheries industrielles,5,LL,Longline,Palangre dérivante au-dessus de 1800 hameçons,Longline,Palangre,0,40,60,LOA,Length overall,134,PELAGIC
29,"KOR    ",KOREA REP.,CORÉE RÉP.,1966,IND,Industrial Fishing,Pêcheries industrielles,5,LL,Longline,Palangre dérivante au-dessus de 1800 hameçons,Longline,Palangre,0,40,60,LOA,Length overall,3,PELAGIC
45,"SUN    ",SOVIET UNION,UNION SOVIÉTIQUE,1966,IND,Industrial Fishing,Pêcheries industrielles,5,LL,Longline,Palangre dérivante au-dessus de 1800 hameçons,Longline,Palangre,0,24,40,LOA,Length overall,5,PELAGIC
6,"TWN    ","TAIWAN,CHINA","TAIWAN,CHINE",1967,IND,Industrial Fishing,Pêcheries industrielles,5,LL,Longline,Palangre dérivante au-dessus de 1800 hameçons,Longline,Palangre,0,15,24,LOA,Length overall,1,PELAGIC
6,"TWN    ","TAIWAN,CHINA","TAIWAN,CHINE",1967,IND,Industrial Fishing,Pêcheries industrielles,5,LL,Longline,Palangre dérivante au-dessus de 1800 hameçons,Longline,Palangre,0,24,40,LOA,Length overall,24,PELAGIC
6,"TWN    ","TAIWAN,CHINA","TAIWAN,CHINE",1967,IND,Industrial Fishing,Pêcheries industrielles,5,LL,Longline,Palangre dérivante au-dessus de 1800 hameçons,Longline,Palangre,0,40,60,LOA,Length overall,24,PELAGIC
26,"JPN    ",JAPAN,JAPON,1967,IND,Industrial Fishing,Pêcheries industrielles,5,LL,Longline,Palangre dérivante au-dessus de 1800 hameçons,Longline,Palangre,0,24,40,LOA,Length overall,110,PELAGIC
26,"JPN    ",JAPAN,JAPON,1967,IND,Industrial Fishing,Pêcheries industrielles,5,LL,Longline,Palangre dérivante au-dessus de 1800 hameçons,Longline,Palangre,0,40,60,LOA,Length overall,188,PELAGIC
29,"KOR    ",KOREA REP.,CORÉE RÉP.,1967,IND,Industrial Fishing,Pêcheries industrielles,5,LL,Longline,Palangre dérivante au-dessus de 1800 hameçons,Longline,Palangre,0,40,60,LOA,Length overall,46,PELAGIC
45,"SUN    ",SOVIET UNION,UNION SOVIÉTIQUE,1967,IND,Industrial Fishing,Pêcheries industrielles,5,LL,Longline,Palangre dérivante au-dessus de 1800 hameçons,Longline,Palangre,0,24,40,LOA,Length overall,2,PELAGIC
6,"TWN    ","TAIWAN,CHINA","TAIWAN,CHINE",1968,IND,Industrial Fishing,Pêcheries industrielles,5,LL,Longline,Palangre dérivante au-dessus de 1800 hameçons,Longline,Palangre,0,15,24,LOA,Length overall,8,PELAGIC
6,"TWN    ","TAIWAN,CHINA","TAIWAN,CHINE",1968,IND,Industrial Fishing,Pêcheries industrielles,5,LL,Longline,Palangre dérivante au-dessus de 1800 hameçons,Longline,Palangre,0,24,40,LOA,Length overall,111,PELAGIC
6,"TWN    ","TAIWAN,CHINA","TAIWAN,CHINE",1968,IND,Industrial Fishing,Pêcheries industrielles,5,LL,Longline,Palangre dérivante au-dessus de 1800 hameçons,Longline,Palangre,0,40,60,LOA,Length overall,113,PELAGIC
26,"JPN    ",JAPAN,JAPON,1968,IND,Industrial Fishing,Pêcheries industrielles,5,LL,Longline,Palangre dérivante au-dessus de 1800 hameçons,Longline,Palangre,0,24,40,LOA,Length overall,105,PELAGIC
26,"JPN    ",JAPAN,JAPON,1968,IND,Industrial Fishing,Pêcheries industrielles,5,LL,Longline,Palangre dérivante au-dessus de 1800 hameçons,Longline,Palangre,0,40,60,LOA,Length overall,180,PELAGIC
29,"KOR    ",KOREA REP.,CORÉE RÉP.,1968,IND,Industrial Fishing,Pêcheries industrielles,5,LL,Longline,Palangre dérivante au-dessus de 1800 hameçons,Longline,Palangre,0,40,60,LOA,Length overall,33,PELAGIC
45,"SUN    ",SOVIET UNION,UNION SOVIÉTIQUE,1968,IND,Industrial Fishing,Pêcheries industrielles,5,LL,Longline,Palangre dérivante au-dessus de 1800 hameçons,Longline,Palangre,0,24,40,LOA,Length overall,23,PELAGIC
6,"TWN    ","TAIWAN,CHINA","TAIWAN,CHINE",1969,IND,Industrial Fishing,Pêcheries industrielles,5,LL,Longline,Palangre dérivante au-dessus de 1800 hameçons,Longline,Palangre,0,15,24,LOA,Length overall,8,PELAGIC
6,"TWN    ","TAIWAN,CHINA","TAIWAN,CHINE",1969,IND,Industrial Fishing,Pêcheries industrielles,5,LL,Longline,Palangre dérivante au-dessus de 1800 hameçons,Longline,Palangre,0,24,40,LOA,Length overall,113,PELAGIC
6,"TWN    ","TAIWAN,CHINA","TAIWAN,CHINE",1969,IND,Industrial Fishing,Pêcheries industrielles,5,LL,Longline,Palangre dérivante au-dessus de 1800 hameçons,Longline,Palangre,0,40,60,LOA,Length overall,115,PELAGIC
26,"JPN    ",JAPAN,JAPON,1969,IND,Industrial Fishing,Pêcheries industrielles,5,LL,Longline,Palangre dérivante au-dessus de 1800 hameçons,Longline,Palangre,0,24,40,LOA,Length overall,80,PELAGIC
26,"JPN    ",JAPAN,JAPON,1969,IND,Industrial Fishing,Pêcheries industrielles,5,LL,Longline,Palangre dérivante au-dessus de 1800 hameçons,Longline,Palangre,0,40,60,LOA,Length overall,169,PELAGIC
29,"KOR    ",KOREA REP.,CORÉE RÉP.,1969,IND,Industrial Fishing,Pêcheries industrielles,5,LL,Longline,Palangre dérivante au-dessus de 1800 hameçons,Longline,Palangre,0,40,60,LOA,Length overall,41,PELAGIC
45,"SUN    ",SOVIET UNION,UNION SOVIÉTIQUE,1969,IND,Industrial Fishing,Pêcheries industrielles,5,LL,Longline,Palangre dérivante au-dessus de 1800 hameçons,Longline,Palangre,0,24,40,LOA,Length overall,5,PELAGIC
33,"MDV    ",MALDIVES,MALDIVES,1970,ART,Artisanal Fishing,Pêcheries artisanales,3,BB,Baitboat,Canne,Baitboat,Canne,0,10,15,LOA,Length overall,1929,PELAGIC
6,"TWN    ","TAIWAN,CHINA","TAIWAN,CHINE",1970,IND,Industrial Fishing,Pêcheries industrielles,5,LL,Longline,Palangre dérivante au-dessus de 1800 hameçons,Longline,Palangre,0,15,24,LOA,Length overall,7,PELAGIC
6,"TWN    ","TAIWAN,CHINA","TAIWAN,CHINE",1970,IND,Industrial Fishing,Pêcheries industrielles,5,LL,Longline,Palangre dérivante au-dessus de 1800 hameçons,Longline,Palangre,0,24,40,LOA,Length overall,106,PELAGIC
6,"TWN    ","TAIWAN,CHINA","TAIWAN,CHINE",1970,IND,Industrial Fishing,Pêcheries industrielles,5,LL,Longline,Palangre dérivante au-dessus de 1800 hameçons,Longline,Palangre,0,40,60,LOA,Length overall,108,PELAGIC
26,"JPN    ",JAPAN,JAPON,1970,IND,Industrial Fishing,Pêcheries industrielles,5,LL,Longline,Palangre dérivante au-dessus de 1800 hameçons,Longline,Palangre,0,24,40,LOA,Length overall,55,PELAGIC
26,"JPN    ",JAPAN,JAPON,1970,IND,Industrial Fishing,Pêcheries industrielles,5,LL,Longline,Palangre dérivante au-dessus de 1800 hameçons,Longline,Palangre,0,40,60,LOA,Length overall,152,PELAGIC
29,"KOR    ",KOREA REP.,CORÉE RÉP.,1970,IND,Industrial Fishing,Pêcheries industrielles,5,LL,Longline,Palangre dérivante au-dessus de 1800 hameçons,Longline,Palangre,0,40,60,LOA,Length overall,36,PELAGIC
45,"SUN    ",SOVIET UNION,UNION SOVIÉTIQUE,1970,IND,Industrial Fishing,Pêcheries industrielles,5,LL,Longline,Palangre dérivante au-dessus de 1800 hameçons,Longline,Palangre,0,24,40,LOA,Length overall,18,PELAGIC
33,"MDV    ",MALDIVES,MALDIVES,1970,ART,Artisanal Fishing,Pêcheries artisanales,6,TROL,Troll line,Ligne de traîne,Line,Lignes,0,5,10,LOA,Length overall,2789,PELAGIC
48,"TZA    ",TANZANIA,TANZANIE,1970,ART,Artisanal Fishing,Pêcheries artisanales,9,UNCL,Unclassified,Non classé,Other,Autres,1,1,10,GRT,Gross Registered Tonnage,2639,COASTAL
33,"MDV    ",MALDIVES,MALDIVES,1971,ART,Artisanal Fishing,Pêcheries artisanales,3,BB,Baitboat,Canne,Baitboat,Canne,0,10,15,LOA,Length overall,2011,PELAGIC
6,"TWN    ","TAIWAN,CHINA","TAIWAN,CHINE",1971,IND,Industrial Fishing,Pêcheries industrielles,5,LL,Longline,Palangre dérivante au-dessus de 1800 hameçons,Longline,Palangre,0,15,24,LOA,Length overall,5,PELAGIC
6,"TWN    ","TAIWAN,CHINA","TAIWAN,CHINE",1971,IND,Industrial Fishing,Pêcheries industrielles,5,LL,Longline,Palangre dérivante au-dessus de 1800 hameçons,Longline,Palangre,0,24,40,LOA,Length overall,76,PELAGIC
6,"TWN    ","TAIWAN,CHINA","TAIWAN,CHINE",1971,IND,Industrial Fishing,Pêcheries industrielles,5,LL,Longline,Palangre dérivante au-dessus de 1800 hameçons,Longline,Palangre,0,40,60,LOA,Length overall,158,PELAGIC
26,"JPN    ",JAPAN,JAPON,1971,IND,Industrial Fishing,Pêcheries industrielles,5,LL,Longline,Palangre dérivante au-dessus de 1800 hameçons,Longline,Palangre,0,24,40,LOA,Length overall,54,PELAGIC
26,"JPN    ",JAPAN,JAPON,1971,IND,Industrial Fishing,Pêcheries industrielles,5,LL,Longline,Palangre dérivante au-dessus de 1800 hameçons,Longline,Palangre,0,40,60,LOA,Length overall,170,PELAGIC
29,"KOR    ",KOREA REP.,CORÉE RÉP.,1971,IND,Industrial Fishing,Pêcheries industrielles,5,LL,Longline,Palangre dérivante au-dessus de 1800 hameçons,Longline,Palangre,0,40,60,LOA,Length overall,52,PELAGIC
45,"SUN    ",SOVIET UNION,UNION SOVIÉTIQUE,1971,IND,Industrial Fishing,Pêcheries industrielles,5,LL,Longline,Palangre dérivante au-dessus de 1800 hameçons,Longline,Palangre,0,24,40,LOA,Length overall,15,PELAGIC
33,"MDV    ",MALDIVES,MALDIVES,1971,ART,Artisanal Fishing,Pêcheries artisanales,6,TROL,Troll line,Ligne de traîne,Line,Lignes,0,5,10,LOA,Length overall,2898,PELAGIC
33,"MDV    ",MALDIVES,MALDIVES,1972,ART,Artisanal Fishing,Pêcheries artisanales,3,BB,Baitboat,Canne,Baitboat,Canne,0,10,15,LOA,Length overall,2089,PELAGIC
46,"LKA    ",SRI LANKA,SRI LANKA,1972,ART,Artisanal Fishing,Pêcheries artisanales,4,G/L,Gillnet and Longline combination,Filet maillant et Palangre,Gillnet,Filet maillant,1,9,18,LOA,Length overall,886,PELAGIC
6,"TWN    ","TAIWAN,CHINA","TAIWAN,CHINE",1972,IND,Industrial Fishing,Pêcheries industrielles,5,LL,Longline,Palangre dérivante au-dessus de 1800 hameçons,Longline,Palangre,0,15,24,LOA,Length overall,6,PELAGIC
6,"TWN    ","TAIWAN,CHINA","TAIWAN,CHINE",1972,IND,Industrial Fishing,Pêcheries industrielles,5,LL,Longline,Palangre dérivante au-dessus de 1800 hameçons,Longline,Palangre,0,24,40,LOA,Length overall,105,PELAGIC
6,"TWN    ","TAIWAN,CHINA","TAIWAN,CHINE",1972,IND,Industrial Fishing,Pêcheries industrielles,5,LL,Longline,Palangre dérivante au-dessus de 1800 hameçons,Longline,Palangre,0,40,60,LOA,Length overall,59,PELAGIC
26,"JPN    ",JAPAN,JAPON,1972,IND,Industrial Fishing,Pêcheries industrielles,5,LL,Longline,Palangre dérivante au-dessus de 1800 hameçons,Longline,Palangre,0,24,40,LOA,Length overall,42,PELAGIC
26,"JPN    ",JAPAN,JAPON,1972,IND,Industrial Fishing,Pêcheries industrielles,5,LL,Longline,Palangre dérivante au-dessus de 1800 hameçons,Longline,Palangre,0,40,60,LOA,Length overall,144,PELAGIC
29,"KOR    ",KOREA REP.,CORÉE RÉP.,1972,IND,Industrial Fishing,Pêcheries industrielles,5,LL,Longline,Palangre dérivante au-dessus de 1800 hameçons,Longline,Palangre,0,40,60,LOA,Length overall,75,PELAGIC
45,"SUN    ",SOVIET UNION,UNION SOVIÉTIQUE,1972,IND,Industrial Fishing,Pêcheries industrielles,5,LL,Longline,Palangre dérivante au-dessus de 1800 hameçons,Longline,Palangre,0,24,40,LOA,Length overall,14,PELAGIC
33,"MDV    ",MALDIVES,MALDIVES,1972,ART,Artisanal Fishing,Pêcheries artisanales,6,TROL,Troll line,Ligne de traîne,Line,Lignes,0,5,10,LOA,Length overall,2986,PELAGIC
46,"LKA    ",SRI LANKA,SRI LANKA,1972,ART,Artisanal Fishing,Pêcheries artisanales,9,UNCL,Unclassified,Non classé,Other,Autres,1,1,8,LOA,Length overall,32077,"ALL    "
46,"LKA    ",SRI LANKA,SRI LANKA,1972,ART,Artisanal Fishing,Pêcheries artisanales,9,UNCL,Unclassified,Non classé,Other,Autres,1,8,9,LOA,Length overall,1292,"ALL    "
48,"TZA    ",TANZANIA,TANZANIE,1972,ART,Artisanal Fishing,Pêcheries artisanales,9,UNCL,Unclassified,Non classé,Other,Autres,1,1,10,GRT,Gross Registered Tonnage,3113,COASTAL
33,"MDV    ",MALDIVES,MALDIVES,1973,ART,Artisanal Fishing,Pêcheries artisanales,3,BB,Baitboat,Canne,Baitboat,Canne,0,10,15,LOA,Length overall,2146,PELAGIC
23,"IDN    ",INDONESIA,INDONÉSIE,1973,IND,Industrial Fishing,Pêcheries industrielles,5,FLL,Longline Fresh,Palangre Frais,Longline,Palangre,0,0,15,LOA,Length overall,0,PELAGIC
23,"IDN    ",INDONESIA,INDONÉSIE,1973,IND,Industrial Fishing,Pêcheries industrielles,5,FLL,Longline Fresh,Palangre Frais,Longline,Palangre,0,15,24,LOA,Length overall,2,PELAGIC
23,"IDN    ",INDONESIA,INDONÉSIE,1973,IND,Industrial Fishing,Pêcheries industrielles,5,FLL,Longline Fresh,Palangre Frais,Longline,Palangre,0,24,40,LOA,Length overall,1,PELAGIC
46,"LKA    ",SRI LANKA,SRI LANKA,1973,ART,Artisanal Fishing,Pêcheries artisanales,4,G/L,Gillnet and Longline combination,Filet maillant et Palangre,Gillnet,Filet maillant,1,9,18,LOA,Length overall,1341,PELAGIC
6,"TWN    ","TAIWAN,CHINA","TAIWAN,CHINE",1973,IND,Industrial Fishing,Pêcheries industrielles,5,LL,Longline,Palangre dérivante au-dessus de 1800 hameçons,Longline,Palangre,0,15,24,LOA,Length overall,6,PELAGIC
6,"TWN    ","TAIWAN,CHINA","TAIWAN,CHINE",1973,IND,Industrial Fishing,Pêcheries industrielles,5,LL,Longline,Palangre dérivante au-dessus de 1800 hameçons,Longline,Palangre,0,24,40,LOA,Length overall,57,PELAGIC
6,"TWN    ","TAIWAN,CHINA","TAIWAN,CHINE",1973,IND,Industrial Fishing,Pêcheries industrielles,5,LL,Longline,Palangre dérivante au-dessus de 1800 hameçons,Longline,Palangre,0,40,60,LOA,Length overall,63,PELAGIC
26,"JPN    ",JAPAN,JAPON,1973,IND,Industrial Fishing,Pêcheries industrielles,5,LL,Longline,Palangre dérivante au-dessus de 1800 hameçons,Longline,Palangre,0,24,40,LOA,Length overall,38,PELAGIC
26,"JPN    ",JAPAN,JAPON,1973,IND,Industrial Fishing,Pêcheries industrielles,5,LL,Longline,Palangre dérivante au-dessus de 1800 hameçons,Longline,Palangre,0,40,60,LOA,Length overall,153,PELAGIC
29,"KOR    ",KOREA REP.,CORÉE RÉP.,1973,IND,Industrial Fishing,Pêcheries industrielles,5,LL,Longline,Palangre dérivante au-dessus de 1800 hameçons,Longline,Palangre,0,40,60,LOA,Length overall,112,PELAGIC
45,"SUN    ",SOVIET UNION,UNION SOVIÉTIQUE,1973,IND,Industrial Fishing,Pêcheries industrielles,5,LL,Longline,Palangre dérivante au-dessus de 1800 hameçons,Longline,Palangre,0,24,40,LOA,Length overall,11,PELAGIC
33,"MDV    ",MALDIVES,MALDIVES,1973,ART,Artisanal Fishing,Pêcheries artisanales,6,TROL,Troll line,Ligne de traîne,Line,Lignes,0,5,10,LOA,Length overall,3012,PELAGIC
46,"LKA    ",SRI LANKA,SRI LANKA,1973,ART,Artisanal Fishing,Pêcheries artisanales,9,UNCL,Unclassified,Non classé,Other,Autres,1,1,8,LOA,Length overall,34414,"ALL    "
46,"LKA    ",SRI LANKA,SRI LANKA,1973,ART,Artisanal Fishing,Pêcheries artisanales,9,UNCL,Unclassified,Non classé,Other,Autres,1,8,9,LOA,Length overall,1818,"ALL    "
48,"TZA    ",TANZANIA,TANZANIE,1973,ART,Artisanal Fishing,Pêcheries artisanales,9,UNCL,Unclassified,Non classé,Other,Autres,1,1,10,GRT,Gross Registered Tonnage,3113,COASTAL
33,"MDV    ",MALDIVES,MALDIVES,1974,ART,Artisanal Fishing,Pêcheries artisanales,3,BB,Baitboat,Canne,Baitboat,Canne,0,10,15,LOA,Length overall,2132,PELAGIC
23,"IDN    ",INDONESIA,INDONÉSIE,1974,IND,Industrial Fishing,Pêcheries industrielles,5,FLL,Longline Fresh,Palangre Frais,Longline,Palangre,0,0,15,LOA,Length overall,1,PELAGIC
23,"IDN    ",INDONESIA,INDONÉSIE,1974,IND,Industrial Fishing,Pêcheries industrielles,5,FLL,Longline Fresh,Palangre Frais,Longline,Palangre,0,15,24,LOA,Length overall,9,PELAGIC
23,"IDN    ",INDONESIA,INDONÉSIE,1974,IND,Industrial Fishing,Pêcheries industrielles,5,FLL,Longline Fresh,Palangre Frais,Longline,Palangre,0,24,40,LOA,Length overall,2,PELAGIC
46,"LKA    ",SRI LANKA,SRI LANKA,1974,ART,Artisanal Fishing,Pêcheries artisanales,4,G/L,Gillnet and Longline combination,Filet maillant et Palangre,Gillnet,Filet maillant,1,9,18,LOA,Length overall,1383,PELAGIC
6,"TWN    ","TAIWAN,CHINA","TAIWAN,CHINE",1974,IND,Industrial Fishing,Pêcheries industrielles,5,LL,Longline,Palangre dérivante au-dessus de 1800 hameçons,Longline,Palangre,0,0,15,LOA,Length overall,3,PELAGIC
6,"TWN    ","TAIWAN,CHINA","TAIWAN,CHINE",1974,IND,Industrial Fishing,Pêcheries industrielles,5,LL,Longline,Palangre dérivante au-dessus de 1800 hameçons,Longline,Palangre,0,15,24,LOA,Length overall,5,PELAGIC
6,"TWN    ","TAIWAN,CHINA","TAIWAN,CHINE",1974,IND,Industrial Fishing,Pêcheries industrielles,5,LL,Longline,Palangre dérivante au-dessus de 1800 hameçons,Longline,Palangre,0,24,40,LOA,Length overall,102,PELAGIC
6,"TWN    ","TAIWAN,CHINA","TAIWAN,CHINE",1974,IND,Industrial Fishing,Pêcheries industrielles,5,LL,Longline,Palangre dérivante au-dessus de 1800 hameçons,Longline,Palangre,0,40,60,LOA,Length overall,67,PELAGIC
26,"JPN    ",JAPAN,JAPON,1974,IND,Industrial Fishing,Pêcheries industrielles,5,LL,Longline,Palangre dérivante au-dessus de 1800 hameçons,Longline,Palangre,0,24,40,LOA,Length overall,35,PELAGIC
26,"JPN    ",JAPAN,JAPON,1974,IND,Industrial Fishing,Pêcheries industrielles,5,LL,Longline,Palangre dérivante au-dessus de 1800 hameçons,Longline,Palangre,0,40,60,LOA,Length overall,167,PELAGIC
29,"KOR    ",KOREA REP.,CORÉE RÉP.,1974,IND,Industrial Fishing,Pêcheries industrielles,5,LL,Longline,Palangre dérivante au-dessus de 1800 hameçons,Longline,Palangre,0,40,60,LOA,Length overall,173,PELAGIC
45,"SUN    ",SOVIET UNION,UNION SOVIÉTIQUE,1974,IND,Industrial Fishing,Pêcheries industrielles,5,LL,Longline,Palangre dérivante au-dessus de 1800 hameçons,Longline,Palangre,0,24,40,LOA,Length overall,6,PELAGIC
33,"MDV    ",MALDIVES,MALDIVES,1974,ART,Artisanal Fishing,Pêcheries artisanales,6,TROL,Troll line,Ligne de traîne,Line,Lignes,0,5,10,LOA,Length overall,3056,PELAGIC
46,"LKA    ",SRI LANKA,SRI LANKA,1974,ART,Artisanal Fishing,Pêcheries artisanales,9,UNCL,Unclassified,Non classé,Other,Autres,1,1,8,LOA,Length overall,36768,"ALL    "
46,"LKA    ",SRI LANKA,SRI LANKA,1974,ART,Artisanal Fishing,Pêcheries artisanales,9,UNCL,Unclassified,Non classé,Other,Autres,1,8,9,LOA,Length overall,1861,"ALL    "
48,"TZA    ",TANZANIA,TANZANIE,1974,ART,Artisanal Fishing,Pêcheries artisanales,9,UNCL,Unclassified,Non classé,Other,Autres,1,1,10,GRT,Gross Registered Tonnage,2929,COASTAL
33,"MDV    ",MALDIVES,MALDIVES,1975,ART,Artisanal Fishing,Pêcheries artisanales,3,BB,Baitboat,Canne,Baitboat,Canne,0,10,15,LOA,Length overall,2082,PELAGIC
23,"IDN    ",INDONESIA,INDONÉSIE,1975,IND,Industrial Fishing,Pêcheries industrielles,5,FLL,Longline Fresh,Palangre Frais,Longline,Palangre,0,0,15,LOA,Length overall,1,PELAGIC
23,"IDN    ",INDONESIA,INDONÉSIE,1975,IND,Industrial Fishing,Pêcheries industrielles,5,FLL,Longline Fresh,Palangre Frais,Longline,Palangre,0,15,24,LOA,Length overall,14,PELAGIC
23,"IDN    ",INDONESIA,INDONÉSIE,1975,IND,Industrial Fishing,Pêcheries industrielles,5,FLL,Longline Fresh,Palangre Frais,Longline,Palangre,0,24,40,LOA,Length overall,3,PELAGIC
46,"LKA    ",SRI LANKA,SRI LANKA,1975,ART,Artisanal Fishing,Pêcheries artisanales,4,G/L,Gillnet and Longline combination,Filet maillant et Palangre,Gillnet,Filet maillant,1,9,18,LOA,Length overall,1437,PELAGIC
6,"TWN    ","TAIWAN,CHINA","TAIWAN,CHINE",1975,IND,Industrial Fishing,Pêcheries industrielles,5,LL,Longline,Palangre dérivante au-dessus de 1800 hameçons,Longline,Palangre,0,24,40,LOA,Length overall,30,PELAGIC
6,"TWN    ","TAIWAN,CHINA","TAIWAN,CHINE",1975,IND,Industrial Fishing,Pêcheries industrielles,5,LL,Longline,Palangre dérivante au-dessus de 1800 hameçons,Longline,Palangre,0,40,60,LOA,Length overall,29,PELAGIC
26,"JPN    ",JAPAN,JAPON,1975,IND,Industrial Fishing,Pêcheries industrielles,5,LL,Longline,Palangre dérivante au-dessus de 1800 hameçons,Longline,Palangre,0,24,40,LOA,Length overall,32,PELAGIC
26,"JPN    ",JAPAN,JAPON,1975,IND,Industrial Fishing,Pêcheries industrielles,5,LL,Longline,Palangre dérivante au-dessus de 1800 hameçons,Longline,Palangre,0,40,60,LOA,Length overall,170,PELAGIC
29,"KOR    ",KOREA REP.,CORÉE RÉP.,1975,IND,Industrial Fishing,Pêcheries industrielles,5,LL,Longline,Palangre dérivante au-dessus de 1800 hameçons,Longline,Palangre,0,40,60,LOA,Length overall,185,PELAGIC
45,"SUN    ",SOVIET UNION,UNION SOVIÉTIQUE,1975,IND,Industrial Fishing,Pêcheries industrielles,5,LL,Longline,Palangre dérivante au-dessus de 1800 hameçons,Longline,Palangre,0,24,40,LOA,Length overall,2,PELAGIC
33,"MDV    ",MALDIVES,MALDIVES,1975,ART,Artisanal Fishing,Pêcheries artisanales,6,TROL,Troll line,Ligne de traîne,Line,Lignes,0,5,10,LOA,Length overall,3156,PELAGIC
46,"LKA    ",SRI LANKA,SRI LANKA,1975,ART,Artisanal Fishing,Pêcheries artisanales,9,UNCL,Unclassified,Non classé,Other,Autres,1,1,8,LOA,Length overall,39046,"ALL    "
46,"LKA    ",SRI LANKA,SRI LANKA,1975,ART,Artisanal Fishing,Pêcheries artisanales,9,UNCL,Unclassified,Non classé,Other,Autres,1,8,9,LOA,Length overall,1978,"ALL    "
48,"TZA    ",TANZANIA,TANZANIE,1975,ART,Artisanal Fishing,Pêcheries artisanales,9,UNCL,Unclassified,Non classé,Other,Autres,1,1,10,GRT,Gross Registered Tonnage,3057,COASTAL
33,"MDV    ",MALDIVES,MALDIVES,1976,ART,Artisanal Fishing,Pêcheries artisanales,3,BB,Baitboat,Canne,Baitboat,Canne,0,10,15,LOA,Length overall,2158,PELAGIC
23,"IDN    ",INDONESIA,INDONÉSIE,1976,IND,Industrial Fishing,Pêcheries industrielles,5,FLL,Longline Fresh,Palangre Frais,Longline,Palangre,0,0,15,LOA,Length overall,1,PELAGIC
23,"IDN    ",INDONESIA,INDONÉSIE,1976,IND,Industrial Fishing,Pêcheries industrielles,5,FLL,Longline Fresh,Palangre Frais,Longline,Palangre,0,15,24,LOA,Length overall,14,PELAGIC
23,"IDN    ",INDONESIA,INDONÉSIE,1976,IND,Industrial Fishing,Pêcheries industrielles,5,FLL,Longline Fresh,Palangre Frais,Longline,Palangre,0,24,40,LOA,Length overall,3,PELAGIC
46,"LKA    ",SRI LANKA,SRI LANKA,1976,ART,Artisanal Fishing,Pêcheries artisanales,4,G/L,Gillnet and Longline combination,Filet maillant et Palangre,Gillnet,Filet maillant,1,9,18,LOA,Length overall,1311,PELAGIC
6,"TWN    ","TAIWAN,CHINA","TAIWAN,CHINE",1976,IND,Industrial Fishing,Pêcheries industrielles,5,LL,Longline,Palangre dérivante au-dessus de 1800 hameçons,Longline,Palangre,0,24,40,LOA,Length overall,30,PELAGIC
6,"TWN    ","TAIWAN,CHINA","TAIWAN,CHINE",1976,IND,Industrial Fishing,Pêcheries industrielles,5,LL,Longline,Palangre dérivante au-dessus de 1800 hameçons,Longline,Palangre,0,40,60,LOA,Length overall,28,PELAGIC
24,"IRN    ",IRAN ISLAMIC REP.,IRAN RÉP. ISLAMIQUE,1976,IND,Industrial Fishing,Pêcheries industrielles,5,LL,Longline,Palangre dérivante au-dessus de 1800 hameçons,Longline,Palangre,0,40,60,LOA,Length overall,3,PELAGIC
26,"JPN    ",JAPAN,JAPON,1976,IND,Industrial Fishing,Pêcheries industrielles,5,LL,Longline,Palangre dérivante au-dessus de 1800 hameçons,Longline,Palangre,0,24,40,LOA,Length overall,28,PELAGIC
26,"JPN    ",JAPAN,JAPON,1976,IND,Industrial Fishing,Pêcheries industrielles,5,LL,Longline,Palangre dérivante au-dessus de 1800 hameçons,Longline,Palangre,0,40,60,LOA,Length overall,159,PELAGIC
29,"KOR    ",KOREA REP.,CORÉE RÉP.,1976,IND,Industrial Fishing,Pêcheries industrielles,5,LL,Longline,Palangre dérivante au-dessus de 1800 hameçons,Longline,Palangre,0,40,60,LOA,Length overall,128,PELAGIC
45,"SUN    ",SOVIET UNION,UNION SOVIÉTIQUE,1976,IND,Industrial Fishing,Pêcheries industrielles,5,LL,Longline,Palangre dérivante au-dessus de 1800 hameçons,Longline,Palangre,0,24,40,LOA,Length overall,1,PELAGIC
33,"MDV    ",MALDIVES,MALDIVES,1976,ART,Artisanal Fishing,Pêcheries artisanales,6,TROL,Troll line,Ligne de traîne,Line,Lignes,0,5,10,LOA,Length overall,3284,PELAGIC
46,"LKA    ",SRI LANKA,SRI LANKA,1976,ART,Artisanal Fishing,Pêcheries artisanales,9,UNCL,Unclassified,Non classé,Other,Autres,1,1,8,LOA,Length overall,33136,"ALL    "
46,"LKA    ",SRI LANKA,SRI LANKA,1976,ART,Artisanal Fishing,Pêcheries artisanales,9,UNCL,Unclassified,Non classé,Other,Autres,1,8,9,LOA,Length overall,1971,"ALL    "
48,"TZA    ",TANZANIA,TANZANIE,1976,ART,Artisanal Fishing,Pêcheries artisanales,9,UNCL,Unclassified,Non classé,Other,Autres,1,1,10,GRT,Gross Registered Tonnage,3717,COASTAL
33,"MDV    ",MALDIVES,MALDIVES,1977,ART,Artisanal Fishing,Pêcheries artisanales,3,BB,Baitboat,Canne,Baitboat,Canne,0,10,15,LOA,Length overall,2214,PELAGIC
23,"IDN    ",INDONESIA,INDONÉSIE,1977,IND,Industrial Fishing,Pêcheries industrielles,5,FLL,Longline Fresh,Palangre Frais,Longline,Palangre,0,0,15,LOA,Length overall,1,PELAGIC
23,"IDN    ",INDONESIA,INDONÉSIE,1977,IND,Industrial Fishing,Pêcheries industrielles,5,FLL,Longline Fresh,Palangre Frais,Longline,Palangre,0,15,24,LOA,Length overall,14,PELAGIC
23,"IDN    ",INDONESIA,INDONÉSIE,1977,IND,Industrial Fishing,Pêcheries industrielles,5,FLL,Longline Fresh,Palangre Frais,Longline,Palangre,0,24,40,LOA,Length overall,3,PELAGIC
46,"LKA    ",SRI LANKA,SRI LANKA,1977,ART,Artisanal Fishing,Pêcheries artisanales,4,G/L,Gillnet and Longline combination,Filet maillant et Palangre,Gillnet,Filet maillant,1,9,18,LOA,Length overall,1185,PELAGIC
6,"TWN    ","TAIWAN,CHINA","TAIWAN,CHINE",1977,IND,Industrial Fishing,Pêcheries industrielles,5,LL,Longline,Palangre dérivante au-dessus de 1800 hameçons,Longline,Palangre,0,24,40,LOA,Length overall,36,PELAGIC
6,"TWN    ","TAIWAN,CHINA","TAIWAN,CHINE",1977,IND,Industrial Fishing,Pêcheries industrielles,5,LL,Longline,Palangre dérivante au-dessus de 1800 hameçons,Longline,Palangre,0,40,60,LOA,Length overall,30,PELAGIC
24,"IRN    ",IRAN ISLAMIC REP.,IRAN RÉP. ISLAMIQUE,1977,IND,Industrial Fishing,Pêcheries industrielles,5,LL,Longline,Palangre dérivante au-dessus de 1800 hameçons,Longline,Palangre,0,40,60,LOA,Length overall,2,PELAGIC
26,"JPN    ",JAPAN,JAPON,1977,IND,Industrial Fishing,Pêcheries industrielles,5,LL,Longline,Palangre dérivante au-dessus de 1800 hameçons,Longline,Palangre,0,24,40,LOA,Length overall,21,PELAGIC
26,"JPN    ",JAPAN,JAPON,1977,IND,Industrial Fishing,Pêcheries industrielles,5,LL,Longline,Palangre dérivante au-dessus de 1800 hameçons,Longline,Palangre,0,40,60,LOA,Length overall,123,PELAGIC
29,"KOR    ",KOREA REP.,CORÉE RÉP.,1977,IND,Industrial Fishing,Pêcheries industrielles,5,LL,Longline,Palangre dérivante au-dessus de 1800 hameçons,Longline,Palangre,0,40,60,LOA,Length overall,165,PELAGIC
45,"SUN    ",SOVIET UNION,UNION SOVIÉTIQUE,1977,IND,Industrial Fishing,Pêcheries industrielles,5,LL,Longline,Palangre dérivante au-dessus de 1800 hameçons,Longline,Palangre,0,24,40,LOA,Length overall,2,PELAGIC
26,"JPN    ",JAPAN,JAPON,1977,IND,Industrial Fishing,Pêcheries industrielles,1,PS,Purse seine,Senne tournante aux thons,Purse Seine,Senne tournante,0,40,60,LOA,Length overall,1,PELAGIC
33,"MDV    ",MALDIVES,MALDIVES,1977,ART,Artisanal Fishing,Pêcheries artisanales,6,TROL,Troll line,Ligne de traîne,Line,Lignes,0,5,10,LOA,Length overall,3385,PELAGIC
46,"LKA    ",SRI LANKA,SRI LANKA,1977,ART,Artisanal Fishing,Pêcheries artisanales,9,UNCL,Unclassified,Non classé,Other,Autres,1,1,8,LOA,Length overall,27226,"ALL    "
46,"LKA    ",SRI LANKA,SRI LANKA,1977,ART,Artisanal Fishing,Pêcheries artisanales,9,UNCL,Unclassified,Non classé,Other,Autres,1,8,9,LOA,Length overall,1963,"ALL    "
48,"TZA    ",TANZANIA,TANZANIE,1977,ART,Artisanal Fishing,Pêcheries artisanales,9,UNCL,Unclassified,Non classé,Other,Autres,1,1,10,GRT,Gross Registered Tonnage,4128,COASTAL
33,"MDV    ",MALDIVES,MALDIVES,1978,ART,Artisanal Fishing,Pêcheries artisanales,3,BB,Baitboat,Canne,Baitboat,Canne,0,10,15,LOA,Length overall,2179,PELAGIC
23,"IDN    ",INDONESIA,INDONÉSIE,1978,IND,Industrial Fishing,Pêcheries industrielles,5,FLL,Longline Fresh,Palangre Frais,Longline,Palangre,0,0,15,LOA,Length overall,1,PELAGIC
23,"IDN    ",INDONESIA,INDONÉSIE,1978,IND,Industrial Fishing,Pêcheries industrielles,5,FLL,Longline Fresh,Palangre Frais,Longline,Palangre,0,15,24,LOA,Length overall,14,PELAGIC
23,"IDN    ",INDONESIA,INDONÉSIE,1978,IND,Industrial Fishing,Pêcheries industrielles,5,FLL,Longline Fresh,Palangre Frais,Longline,Palangre,0,24,40,LOA,Length overall,3,PELAGIC
46,"LKA    ",SRI LANKA,SRI LANKA,1978,ART,Artisanal Fishing,Pêcheries artisanales,4,G/L,Gillnet and Longline combination,Filet maillant et Palangre,Gillnet,Filet maillant,1,9,18,LOA,Length overall,1059,PELAGIC
2,"BHR    ",BAHRAIN,BAHREÏN,1978,ART,Artisanal Fishing,Pêcheries artisanales,4,GILL,Gillnet,Filet maillant,Gillnet,Filet maillant,0,4,20,LOA,Length overall,9,COASTAL
49,"THA    ",THAILAND,THAÏLANDE,1978,ART,Artisanal Fishing,Pêcheries artisanales,4,GILL,Gillnet,Filet maillant,Gillnet,Filet maillant,0,1,14,LOA,Length overall,14,COASTAL
49,"THA    ",THAILAND,THAÏLANDE,1978,ART,Artisanal Fishing,Pêcheries artisanales,4,GILL,Gillnet,Filet maillant,Gillnet,Filet maillant,0,14,25,LOA,Length overall,22,COASTAL
7,"COM    ",COMOROS,COMORES,1978,ART,Artisanal Fishing,Pêcheries artisanales,6,HAND,Hand line,Ligne à main,Line,Lignes,0,3,9,LOA,Length overall,2700,PELAGIC
6,"TWN    ","TAIWAN,CHINA","TAIWAN,CHINE",1978,IND,Industrial Fishing,Pêcheries industrielles,5,LL,Longline,Palangre dérivante au-dessus de 1800 hameçons,Longline,Palangre,0,15,24,LOA,Length overall,1,PELAGIC
6,"TWN    ","TAIWAN,CHINA","TAIWAN,CHINE",1978,IND,Industrial Fishing,Pêcheries industrielles,5,LL,Longline,Palangre dérivante au-dessus de 1800 hameçons,Longline,Palangre,0,24,40,LOA,Length overall,37,PELAGIC
6,"TWN    ","TAIWAN,CHINA","TAIWAN,CHINE",1978,IND,Industrial Fishing,Pêcheries industrielles,5,LL,Longline,Palangre dérivante au-dessus de 1800 hameçons,Longline,Palangre,0,40,60,LOA,Length overall,48,PELAGIC
26,"JPN    ",JAPAN,JAPON,1978,IND,Industrial Fishing,Pêcheries industrielles,5,LL,Longline,Palangre dérivante au-dessus de 1800 hameçons,Longline,Palangre,0,24,40,LOA,Length overall,22,PELAGIC
26,"JPN    ",JAPAN,JAPON,1978,IND,Industrial Fishing,Pêcheries industrielles,5,LL,Longline,Palangre dérivante au-dessus de 1800 hameçons,Longline,Palangre,0,40,60,LOA,Length overall,132,PELAGIC
29,"KOR    ",KOREA REP.,CORÉE RÉP.,1978,IND,Industrial Fishing,Pêcheries industrielles,5,LL,Longline,Palangre dérivante au-dessus de 1800 hameçons,Longline,Palangre,0,40,60,LOA,Length overall,151,PELAGIC
34,"MUS    ",MAURITIUS,MAURICE,1978,IND,Industrial Fishing,Pêcheries industrielles,5,LL,Longline,Palangre dérivante au-dessus de 1800 hameçons,Longline,Palangre,0,15,24,LOA,Length overall,1,PELAGIC
45,"SUN    ",SOVIET UNION,UNION SOVIÉTIQUE,1978,IND,Industrial Fishing,Pêcheries industrielles,5,LL,Longline,Palangre dérivante au-dessus de 1800 hameçons,Longline,Palangre,0,24,40,LOA,Length overall,2,PELAGIC
26,"JPN    ",JAPAN,JAPON,1978,IND,Industrial Fishing,Pêcheries industrielles,1,PS,Purse seine,Senne tournante aux thons,Purse Seine,Senne tournante,0,40,60,LOA,Length overall,1,PELAGIC
49,"THA    ",THAILAND,THAÏLANDE,1978,ART,Artisanal Fishing,Pêcheries artisanales,1,PSS,Small purse seine,Senneur côtier,Purse Seine,Senne tournante,0,1,14,LOA,Length overall,18,"ALL    "
49,"THA    ",THAILAND,THAÏLANDE,1978,ART,Artisanal Fishing,Pêcheries artisanales,1,PSS,Small purse seine,Senneur côtier,Purse Seine,Senne tournante,0,14,25,LOA,Length overall,112,"ALL    "
33,"MDV    ",MALDIVES,MALDIVES,1978,ART,Artisanal Fishing,Pêcheries artisanales,6,TROL,Troll line,Ligne de traîne,Line,Lignes,0,5,10,LOA,Length overall,3480,PELAGIC
46,"LKA    ",SRI LANKA,SRI LANKA,1978,ART,Artisanal Fishing,Pêcheries artisanales,9,UNCL,Unclassified,Non classé,Other,Autres,1,1,8,LOA,Length overall,21316,"ALL    "
46,"LKA    ",SRI LANKA,SRI LANKA,1978,ART,Artisanal Fishing,Pêcheries artisanales,9,UNCL,Unclassified,Non classé,Other,Autres,1,8,9,LOA,Length overall,1955,"ALL    "
48,"TZA    ",TANZANIA,TANZANIE,1978,ART,Artisanal Fishing,Pêcheries artisanales,9,UNCL,Unclassified,Non classé,Other,Autres,1,1,10,GRT,Gross Registered Tonnage,4498,COASTAL
33,"MDV    ",MALDIVES,MALDIVES,1979,ART,Artisanal Fishing,Pêcheries artisanales,3,BB,Baitboat,Canne,Baitboat,Canne,0,10,15,LOA,Length overall,2252,PELAGIC
23,"IDN    ",INDONESIA,INDONÉSIE,1979,IND,Industrial Fishing,Pêcheries industrielles,5,FLL,Longline Fresh,Palangre Frais,Longline,Palangre,0,0,15,LOA,Length overall,1,PELAGIC
23,"IDN    ",INDONESIA,INDONÉSIE,1979,IND,Industrial Fishing,Pêcheries industrielles,5,FLL,Longline Fresh,Palangre Frais,Longline,Palangre,0,15,24,LOA,Length overall,14,PELAGIC
23,"IDN    ",INDONESIA,INDONÉSIE,1979,IND,Industrial Fishing,Pêcheries industrielles,5,FLL,Longline Fresh,Palangre Frais,Longline,Palangre,0,24,40,LOA,Length overall,3,PELAGIC
46,"LKA    ",SRI LANKA,SRI LANKA,1979,ART,Artisanal Fishing,Pêcheries artisanales,4,G/L,Gillnet and Longline combination,Filet maillant et Palangre,Gillnet,Filet maillant,1,9,18,LOA,Length overall,1453,PELAGIC
49,"THA    ",THAILAND,THAÏLANDE,1979,ART,Artisanal Fishing,Pêcheries artisanales,4,GILL,Gillnet,Filet maillant,Gillnet,Filet maillant,0,1,14,LOA,Length overall,9,COASTAL
49,"THA    ",THAILAND,THAÏLANDE,1979,ART,Artisanal Fishing,Pêcheries artisanales,4,GILL,Gillnet,Filet maillant,Gillnet,Filet maillant,0,14,25,LOA,Length overall,15,COASTAL
7,"COM    ",COMOROS,COMORES,1979,ART,Artisanal Fishing,Pêcheries artisanales,6,HAND,Hand line,Ligne à main,Line,Lignes,0,3,9,LOA,Length overall,2700,PELAGIC
6,"TWN    ","TAIWAN,CHINA","TAIWAN,CHINE",1979,IND,Industrial Fishing,Pêcheries industrielles,5,LL,Longline,Palangre dérivante au-dessus de 1800 hameçons,Longline,Palangre,0,24,40,LOA,Length overall,42,PELAGIC
6,"TWN    ","TAIWAN,CHINA","TAIWAN,CHINE",1979,IND,Industrial Fishing,Pêcheries industrielles,5,LL,Longline,Palangre dérivante au-dessus de 1800 hameçons,Longline,Palangre,0,40,60,LOA,Length overall,61,PELAGIC
24,"IRN    ",IRAN ISLAMIC REP.,IRAN RÉP. ISLAMIQUE,1979,IND,Industrial Fishing,Pêcheries industrielles,5,LL,Longline,Palangre dérivante au-dessus de 1800 hameçons,Longline,Palangre,0,40,60,LOA,Length overall,1,PELAGIC
26,"JPN    ",JAPAN,JAPON,1979,IND,Industrial Fishing,Pêcheries industrielles,5,LL,Longline,Palangre dérivante au-dessus de 1800 hameçons,Longline,Palangre,0,24,40,LOA,Length overall,24,PELAGIC
26,"JPN    ",JAPAN,JAPON,1979,IND,Industrial Fishing,Pêcheries industrielles,5,LL,Longline,Palangre dérivante au-dessus de 1800 hameçons,Longline,Palangre,0,40,60,LOA,Length overall,130,PELAGIC
29,"KOR    ",KOREA REP.,CORÉE RÉP.,1979,IND,Industrial Fishing,Pêcheries industrielles,5,LL,Longline,Palangre dérivante au-dessus de 1800 hameçons,Longline,Palangre,0,40,60,LOA,Length overall,169,PELAGIC
45,"SUN    ",SOVIET UNION,UNION SOVIÉTIQUE,1979,IND,Industrial Fishing,Pêcheries industrielles,5,LL,Longline,Palangre dérivante au-dessus de 1800 hameçons,Longline,Palangre,0,24,40,LOA,Length overall,1,PELAGIC
26,"JPN    ",JAPAN,JAPON,1979,IND,Industrial Fishing,Pêcheries industrielles,1,PS,Purse seine,Senne tournante aux thons,Purse Seine,Senne tournante,0,40,60,LOA,Length overall,1,PELAGIC
34,"MUS    ",MAURITIUS,MAURICE,1979,IND,Industrial Fishing,Pêcheries industrielles,1,PS,Purse seine,Senne tournante aux thons,Purse Seine,Senne tournante,0,40,60,LOA,Length overall,1,PELAGIC
49,"THA    ",THAILAND,THAÏLANDE,1979,ART,Artisanal Fishing,Pêcheries artisanales,1,PSS,Small purse seine,Senneur côtier,Purse Seine,Senne tournante,0,1,14,LOA,Length overall,4,"ALL    "
49,"THA    ",THAILAND,THAÏLANDE,1979,ART,Artisanal Fishing,Pêcheries artisanales,1,PSS,Small purse seine,Senneur côtier,Purse Seine,Senne tournante,0,14,25,LOA,Length overall,82,"ALL    "
33,"MDV    ",MALDIVES,MALDIVES,1979,ART,Artisanal Fishing,Pêcheries artisanales,6,TROL,Troll line,Ligne de traîne,Line,Lignes,0,5,10,LOA,Length overall,3546,PELAGIC
46,"LKA    ",SRI LANKA,SRI LANKA,1979,ART,Artisanal Fishing,Pêcheries artisanales,9,UNCL,Unclassified,Non classé,Other,Autres,1,1,8,LOA,Length overall,24171,"ALL    "
46,"LKA    ",SRI LANKA,SRI LANKA,1979,ART,Artisanal Fishing,Pêcheries artisanales,9,UNCL,Unclassified,Non classé,Other,Autres,1,8,9,LOA,Length overall,2538,"ALL    "
48,"TZA    ",TANZANIA,TANZANIE,1979,ART,Artisanal Fishing,Pêcheries artisanales,9,UNCL,Unclassified,Non classé,Other,Autres,1,1,10,GRT,Gross Registered Tonnage,2906,COASTAL
33,"MDV    ",MALDIVES,MALDIVES,1980,ART,Artisanal Fishing,Pêcheries artisanales,3,BB,Baitboat,Canne,Baitboat,Canne,0,10,15,LOA,Length overall,2060,PELAGIC
28,"KEN    ",KENYA,KENYA,1980,IND,Industrial Fishing,Pêcheries industrielles,5,ELL,Longline targeting swordfish,Palangre à espadon,Longline,Palangre,0,40,60,LOA,Length overall,2,PELAGIC
23,"IDN    ",INDONESIA,INDONÉSIE,1980,IND,Industrial Fishing,Pêcheries industrielles,5,FLL,Longline Fresh,Palangre Frais,Longline,Palangre,0,0,15,LOA,Length overall,1,PELAGIC
23,"IDN    ",INDONESIA,INDONÉSIE,1980,IND,Industrial Fishing,Pêcheries industrielles,5,FLL,Longline Fresh,Palangre Frais,Longline,Palangre,0,15,24,LOA,Length overall,14,PELAGIC
23,"IDN    ",INDONESIA,INDONÉSIE,1980,IND,Industrial Fishing,Pêcheries industrielles,5,FLL,Longline Fresh,Palangre Frais,Longline,Palangre,0,24,40,LOA,Length overall,2,PELAGIC
46,"LKA    ",SRI LANKA,SRI LANKA,1980,ART,Artisanal Fishing,Pêcheries artisanales,4,G/L,Gillnet and Longline combination,Filet maillant et Palangre,Gillnet,Filet maillant,1,9,18,LOA,Length overall,1077,PELAGIC
38,"PAK    ",PAKISTAN,PAKISTAN,1980,ART,Artisanal Fishing,Pêcheries artisanales,4,GILL,Gillnet,Filet maillant,Gillnet,Filet maillant,0,35,50,GRT,Gross Registered Tonnage,109,"ALL    "
49,"THA    ",THAILAND,THAÏLANDE,1980,ART,Artisanal Fishing,Pêcheries artisanales,4,GILL,Gillnet,Filet maillant,Gillnet,Filet maillant,0,1,14,LOA,Length overall,7,COASTAL
49,"THA    ",THAILAND,THAÏLANDE,1980,ART,Artisanal Fishing,Pêcheries artisanales,4,GILL,Gillnet,Filet maillant,Gillnet,Filet maillant,0,14,25,LOA,Length overall,17,COASTAL
7,"COM    ",COMOROS,COMORES,1980,ART,Artisanal Fishing,Pêcheries artisanales,6,HAND,Hand line,Ligne à main,Line,Lignes,0,3,9,LOA,Length overall,2700,PELAGIC
6,"TWN    ","TAIWAN,CHINA","TAIWAN,CHINE",1980,IND,Industrial Fishing,Pêcheries industrielles,5,LL,Longline,Palangre dérivante au-dessus de 1800 hameçons,Longline,Palangre,0,24,40,LOA,Length overall,43,PELAGIC
6,"TWN    ","TAIWAN,CHINA","TAIWAN,CHINE",1980,IND,Industrial Fishing,Pêcheries industrielles,5,LL,Longline,Palangre dérivante au-dessus de 1800 hameçons,Longline,Palangre,0,40,60,LOA,Length overall,69,PELAGIC
24,"IRN    ",IRAN ISLAMIC REP.,IRAN RÉP. ISLAMIQUE,1980,IND,Industrial Fishing,Pêcheries industrielles,5,LL,Longline,Palangre dérivante au-dessus de 1800 hameçons,Longline,Palangre,0,40,60,LOA,Length overall,1,PELAGIC
26,"JPN    ",JAPAN,JAPON,1980,IND,Industrial Fishing,Pêcheries industrielles,5,LL,Longline,Palangre dérivante au-dessus de 1800 hameçons,Longline,Palangre,0,24,40,LOA,Length overall,37,PELAGIC
26,"JPN    ",JAPAN,JAPON,1980,IND,Industrial Fishing,Pêcheries industrielles,5,LL,Longline,Palangre dérivante au-dessus de 1800 hameçons,Longline,Palangre,0,40,60,LOA,Length overall,174,PELAGIC
29,"KOR    ",KOREA REP.,CORÉE RÉP.,1980,IND,Industrial Fishing,Pêcheries industrielles,5,LL,Longline,Palangre dérivante au-dessus de 1800 hameçons,Longline,Palangre,0,40,60,LOA,Length overall,174,PELAGIC
34,"MUS    ",MAURITIUS,MAURICE,1980,IND,Industrial Fishing,Pêcheries industrielles,5,LL,Longline,Palangre dérivante au-dessus de 1800 hameçons,Longline,Palangre,0,15,24,LOA,Length overall,1,PELAGIC
45,"SUN    ",SOVIET UNION,UNION SOVIÉTIQUE,1980,IND,Industrial Fishing,Pêcheries industrielles,5,LL,Longline,Palangre dérivante au-dessus de 1800 hameçons,Longline,Palangre,0,24,40,LOA,Length overall,1,PELAGIC
26,"JPN    ",JAPAN,JAPON,1980,IND,Industrial Fishing,Pêcheries industrielles,1,PS,Purse seine,Senne tournante aux thons,Purse Seine,Senne tournante,0,40,60,LOA,Length overall,1,PELAGIC
34,"MUS    ",MAURITIUS,MAURICE,1980,IND,Industrial Fishing,Pêcheries industrielles,1,PS,Purse seine,Senne tournante aux thons,Purse Seine,Senne tournante,0,40,60,LOA,Length overall,1,PELAGIC
49,"THA    ",THAILAND,THAÏLANDE,1980,ART,Artisanal Fishing,Pêcheries artisanales,1,PSS,Small purse seine,Senneur côtier,Purse Seine,Senne tournante,0,1,14,LOA,Length overall,16,"ALL    "
49,"THA    ",THAILAND,THAÏLANDE,1980,ART,Artisanal Fishing,Pêcheries artisanales,1,PSS,Small purse seine,Senneur côtier,Purse Seine,Senne tournante,0,14,25,LOA,Length overall,122,"ALL    "
33,"MDV    ",MALDIVES,MALDIVES,1980,ART,Artisanal Fishing,Pêcheries artisanales,6,TROL,Troll line,Ligne de traîne,Line,Lignes,0,5,10,LOA,Length overall,3416,PELAGIC
46,"LKA    ",SRI LANKA,SRI LANKA,1980,ART,Artisanal Fishing,Pêcheries artisanales,9,UNCL,Unclassified,Non classé,Other,Autres,1,1,8,LOA,Length overall,23015,"ALL    "
46,"LKA    ",SRI LANKA,SRI LANKA,1980,ART,Artisanal Fishing,Pêcheries artisanales,9,UNCL,Unclassified,Non classé,Other,Autres,1,8,9,LOA,Length overall,1955,"ALL    "
48,"TZA    ",TANZANIA,TANZANIE,1980,ART,Artisanal Fishing,Pêcheries artisanales,9,UNCL,Unclassified,Non classé,Other,Autres,1,1,10,GRT,Gross Registered Tonnage,2238,COASTAL
19,"EUESP  ",EU.SPAIN,UE.ESPAGNE,1981,IND,Industrial Fishing,Pêcheries industrielles,3,BB,Baitboat,Canne,Baitboat,Canne,0,1,125,GRT,Gross Registered Tonnage,1,PELAGIC
33,"MDV    ",MALDIVES,MALDIVES,1981,ART,Artisanal Fishing,Pêcheries artisanales,3,BB,Baitboat,Canne,Baitboat,Canne,0,10,15,LOA,Length overall,2031,PELAGIC
28,"KEN    ",KENYA,KENYA,1981,IND,Industrial Fishing,Pêcheries industrielles,5,ELL,Longline targeting swordfish,Palangre à espadon,Longline,Palangre,0,40,60,LOA,Length overall,2,PELAGIC
23,"IDN    ",INDONESIA,INDONÉSIE,1981,IND,Industrial Fishing,Pêcheries industrielles,5,FLL,Longline Fresh,Palangre Frais,Longline,Palangre,0,0,15,LOA,Length overall,1,PELAGIC
23,"IDN    ",INDONESIA,INDONÉSIE,1981,IND,Industrial Fishing,Pêcheries industrielles,5,FLL,Longline Fresh,Palangre Frais,Longline,Palangre,0,15,24,LOA,Length overall,14,PELAGIC
23,"IDN    ",INDONESIA,INDONÉSIE,1981,IND,Industrial Fishing,Pêcheries industrielles,5,FLL,Longline Fresh,Palangre Frais,Longline,Palangre,0,24,40,LOA,Length overall,2,PELAGIC
46,"LKA    ",SRI LANKA,SRI LANKA,1981,ART,Artisanal Fishing,Pêcheries artisanales,4,G/L,Gillnet and Longline combination,Filet maillant et Palangre,Gillnet,Filet maillant,1,9,18,LOA,Length overall,1032,PELAGIC
38,"PAK    ",PAKISTAN,PAKISTAN,1981,ART,Artisanal Fishing,Pêcheries artisanales,4,GILL,Gillnet,Filet maillant,Gillnet,Filet maillant,0,35,50,GRT,Gross Registered Tonnage,115,"ALL    "
49,"THA    ",THAILAND,THAÏLANDE,1981,ART,Artisanal Fishing,Pêcheries artisanales,4,GILL,Gillnet,Filet maillant,Gillnet,Filet maillant,0,1,14,LOA,Length overall,7,COASTAL
49,"THA    ",THAILAND,THAÏLANDE,1981,ART,Artisanal Fishing,Pêcheries artisanales,4,GILL,Gillnet,Filet maillant,Gillnet,Filet maillant,0,14,25,LOA,Length overall,19,COASTAL
7,"COM    ",COMOROS,COMORES,1981,ART,Artisanal Fishing,Pêcheries artisanales,6,HAND,Hand line,Ligne à main,Line,Lignes,0,3,9,LOA,Length overall,2700,PELAGIC
6,"TWN    ","TAIWAN,CHINA","TAIWAN,CHINE",1981,IND,Industrial Fishing,Pêcheries industrielles,5,LL,Longline,Palangre dérivante au-dessus de 1800 hameçons,Longline,Palangre,0,24,40,LOA,Length overall,43,PELAGIC
6,"TWN    ","TAIWAN,CHINA","TAIWAN,CHINE",1981,IND,Industrial Fishing,Pêcheries industrielles,5,LL,Longline,Palangre dérivante au-dessus de 1800 hameçons,Longline,Palangre,0,40,60,LOA,Length overall,66,PELAGIC
26,"JPN    ",JAPAN,JAPON,1981,IND,Industrial Fishing,Pêcheries industrielles,5,LL,Longline,Palangre dérivante au-dessus de 1800 hameçons,Longline,Palangre,0,24,40,LOA,Length overall,35,PELAGIC
26,"JPN    ",JAPAN,JAPON,1981,IND,Industrial Fishing,Pêcheries industrielles,5,LL,Longline,Palangre dérivante au-dessus de 1800 hameçons,Longline,Palangre,0,40,60,LOA,Length overall,171,PELAGIC
29,"KOR    ",KOREA REP.,CORÉE RÉP.,1981,IND,Industrial Fishing,Pêcheries industrielles,5,LL,Longline,Palangre dérivante au-dessus de 1800 hameçons,Longline,Palangre,0,40,60,LOA,Length overall,142,PELAGIC
34,"MUS    ",MAURITIUS,MAURICE,1981,IND,Industrial Fishing,Pêcheries industrielles,5,LL,Longline,Palangre dérivante au-dessus de 1800 hameçons,Longline,Palangre,0,15,24,LOA,Length overall,1,PELAGIC
45,"SUN    ",SOVIET UNION,UNION SOVIÉTIQUE,1981,IND,Industrial Fishing,Pêcheries industrielles,5,LL,Longline,Palangre dérivante au-dessus de 1800 hameçons,Longline,Palangre,0,24,40,LOA,Length overall,2,PELAGIC
1,"AUS    ",AUSTRALIA,AUSTRALIE,1981,IND,Industrial Fishing,Pêcheries industrielles,1,PS,Purse seine,Senne tournante aux thons,Purse Seine,Senne tournante,0,24,40,LOA,Length overall,2,PELAGIC
1,"AUS    ",AUSTRALIA,AUSTRALIE,1981,IND,Industrial Fishing,Pêcheries industrielles,1,PS,Purse seine,Senne tournante aux thons,Purse Seine,Senne tournante,0,40,60,LOA,Length overall,1,PELAGIC
13,"EUFRA  ",EU.FRANCE,UE.FRANCE,1981,IND,Industrial Fishing,Pêcheries industrielles,1,PS,Purse seine,Senne tournante aux thons,Purse Seine,Senne tournante,0,40,60,LOA,Length overall,1,PELAGIC
13,"EUFRA  ",EU.FRANCE,UE.FRANCE,1981,IND,Industrial Fishing,Pêcheries industrielles,1,PS,Purse seine,Senne tournante aux thons,Purse Seine,Senne tournante,0,60,80,LOA,Length overall,1,PELAGIC
26,"JPN    ",JAPAN,JAPON,1981,IND,Industrial Fishing,Pêcheries industrielles,1,PS,Purse seine,Senne tournante aux thons,Purse Seine,Senne tournante,0,40,60,LOA,Length overall,1,PELAGIC
34,"MUS    ",MAURITIUS,MAURICE,1981,IND,Industrial Fishing,Pêcheries industrielles,1,PS,Purse seine,Senne tournante aux thons,Purse Seine,Senne tournante,0,40,60,LOA,Length overall,1,PELAGIC
49,"THA    ",THAILAND,THAÏLANDE,1981,ART,Artisanal Fishing,Pêcheries artisanales,1,PSS,Small purse seine,Senneur côtier,Purse Seine,Senne tournante,0,1,14,LOA,Length overall,18,"ALL    "
49,"THA    ",THAILAND,THAÏLANDE,1981,ART,Artisanal Fishing,Pêcheries artisanales,1,PSS,Small purse seine,Senneur côtier,Purse Seine,Senne tournante,0,14,25,LOA,Length overall,140,"ALL    "
33,"MDV    ",MALDIVES,MALDIVES,1981,ART,Artisanal Fishing,Pêcheries artisanales,6,TROL,Troll line,Ligne de traîne,Line,Lignes,0,5,10,LOA,Length overall,3416,PELAGIC
46,"LKA    ",SRI LANKA,SRI LANKA,1981,ART,Artisanal Fishing,Pêcheries artisanales,9,UNCL,Unclassified,Non classé,Other,Autres,1,1,8,LOA,Length overall,20916,"ALL    "
46,"LKA    ",SRI LANKA,SRI LANKA,1981,ART,Artisanal Fishing,Pêcheries artisanales,9,UNCL,Unclassified,Non classé,Other,Autres,1,8,9,LOA,Length overall,1981,"ALL    "
48,"TZA    ",TANZANIA,TANZANIE,1981,ART,Artisanal Fishing,Pêcheries artisanales,9,UNCL,Unclassified,Non classé,Other,Autres,1,1,10,GRT,Gross Registered Tonnage,3614,COASTAL
19,"EUESP  ",EU.SPAIN,UE.ESPAGNE,1982,IND,Industrial Fishing,Pêcheries industrielles,3,BB,Baitboat,Canne,Baitboat,Canne,0,1,125,GRT,Gross Registered Tonnage,2,PELAGIC
33,"MDV    ",MALDIVES,MALDIVES,1982,ART,Artisanal Fishing,Pêcheries artisanales,3,BB,Baitboat,Canne,Baitboat,Canne,0,10,15,LOA,Length overall,2118,PELAGIC
28,"KEN    ",KENYA,KENYA,1982,IND,Industrial Fishing,Pêcheries industrielles,5,ELL,Longline targeting swordfish,Palangre à espadon,Longline,Palangre,0,40,60,LOA,Length overall,2,PELAGIC
23,"IDN    ",INDONESIA,INDONÉSIE,1982,IND,Industrial Fishing,Pêcheries industrielles,5,FLL,Longline Fresh,Palangre Frais,Longline,Palangre,0,0,15,LOA,Length overall,2,PELAGIC
23,"IDN    ",INDONESIA,INDONÉSIE,1982,IND,Industrial Fishing,Pêcheries industrielles,5,FLL,Longline Fresh,Palangre Frais,Longline,Palangre,0,15,24,LOA,Length overall,27,PELAGIC
23,"IDN    ",INDONESIA,INDONÉSIE,1982,IND,Industrial Fishing,Pêcheries industrielles,5,FLL,Longline Fresh,Palangre Frais,Longline,Palangre,0,24,40,LOA,Length overall,5,PELAGIC
46,"LKA    ",SRI LANKA,SRI LANKA,1982,ART,Artisanal Fishing,Pêcheries artisanales,4,G/L,Gillnet and Longline combination,Filet maillant et Palangre,Gillnet,Filet maillant,1,9,18,LOA,Length overall,1564,PELAGIC
24,"IRN    ",IRAN ISLAMIC REP.,IRAN RÉP. ISLAMIQUE,1982,ART,Artisanal Fishing,Pêcheries artisanales,4,GILL,Gillnet,Filet maillant,Gillnet,Filet maillant,0,3,20,GRT,Gross Registered Tonnage,812,"ALL    "
24,"IRN    ",IRAN ISLAMIC REP.,IRAN RÉP. ISLAMIQUE,1982,ART,Artisanal Fishing,Pêcheries artisanales,4,GILL,Gillnet,Filet maillant,Gillnet,Filet maillant,0,21,50,GRT,Gross Registered Tonnage,74,"ALL    "
38,"PAK    ",PAKISTAN,PAKISTAN,1982,ART,Artisanal Fishing,Pêcheries artisanales,4,GILL,Gillnet,Filet maillant,Gillnet,Filet maillant,0,35,50,GRT,Gross Registered Tonnage,203,"ALL    "
49,"THA    ",THAILAND,THAÏLANDE,1982,ART,Artisanal Fishing,Pêcheries artisanales,4,GILL,Gillnet,Filet maillant,Gillnet,Filet maillant,0,1,14,LOA,Length overall,14,COASTAL
49,"THA    ",THAILAND,THAÏLANDE,1982,ART,Artisanal Fishing,Pêcheries artisanales,4,GILL,Gillnet,Filet maillant,Gillnet,Filet maillant,0,14,25,LOA,Length overall,17,COASTAL
7,"COM    ",COMOROS,COMORES,1982,ART,Artisanal Fishing,Pêcheries artisanales,6,HAND,Hand line,Ligne à main,Line,Lignes,0,3,9,LOA,Length overall,2700,PELAGIC
6,"TWN    ","TAIWAN,CHINA","TAIWAN,CHINE",1982,IND,Industrial Fishing,Pêcheries industrielles,5,LL,Longline,Palangre dérivante au-dessus de 1800 hameçons,Longline,Palangre,0,24,40,LOA,Length overall,56,PELAGIC
6,"TWN    ","TAIWAN,CHINA","TAIWAN,CHINE",1982,IND,Industrial Fishing,Pêcheries industrielles,5,LL,Longline,Palangre dérivante au-dessus de 1800 hameçons,Longline,Palangre,0,40,60,LOA,Length overall,71,PELAGIC
26,"JPN    ",JAPAN,JAPON,1982,IND,Industrial Fishing,Pêcheries industrielles,5,LL,Longline,Palangre dérivante au-dessus de 1800 hameçons,Longline,Palangre,0,24,40,LOA,Length overall,27,PELAGIC
26,"JPN    ",JAPAN,JAPON,1982,IND,Industrial Fishing,Pêcheries industrielles,5,LL,Longline,Palangre dérivante au-dessus de 1800 hameçons,Longline,Palangre,0,40,60,LOA,Length overall,178,PELAGIC
29,"KOR    ",KOREA REP.,CORÉE RÉP.,1982,IND,Industrial Fishing,Pêcheries industrielles,5,LL,Longline,Palangre dérivante au-dessus de 1800 hameçons,Longline,Palangre,0,40,60,LOA,Length overall,146,PELAGIC
45,"SUN    ",SOVIET UNION,UNION SOVIÉTIQUE,1982,IND,Industrial Fishing,Pêcheries industrielles,5,LL,Longline,Palangre dérivante au-dessus de 1800 hameçons,Longline,Palangre,0,24,40,LOA,Length overall,2,PELAGIC
1,"AUS    ",AUSTRALIA,AUSTRALIE,1982,IND,Industrial Fishing,Pêcheries industrielles,1,PS,Purse seine,Senne tournante aux thons,Purse Seine,Senne tournante,0,24,40,LOA,Length overall,3,PELAGIC
1,"AUS    ",AUSTRALIA,AUSTRALIE,1982,IND,Industrial Fishing,Pêcheries industrielles,1,PS,Purse seine,Senne tournante aux thons,Purse Seine,Senne tournante,0,40,60,LOA,Length overall,2,PELAGIC
13,"EUFRA  ",EU.FRANCE,UE.FRANCE,1982,IND,Industrial Fishing,Pêcheries industrielles,1,PS,Purse seine,Senne tournante aux thons,Purse Seine,Senne tournante,0,40,60,LOA,Length overall,2,PELAGIC
13,"EUFRA  ",EU.FRANCE,UE.FRANCE,1982,IND,Industrial Fishing,Pêcheries industrielles,1,PS,Purse seine,Senne tournante aux thons,Purse Seine,Senne tournante,0,60,80,LOA,Length overall,2,PELAGIC
26,"JPN    ",JAPAN,JAPON,1982,IND,Industrial Fishing,Pêcheries industrielles,1,PS,Purse seine,Senne tournante aux thons,Purse Seine,Senne tournante,0,40,60,LOA,Length overall,1,PELAGIC
34,"MUS    ",MAURITIUS,MAURICE,1982,IND,Industrial Fishing,Pêcheries industrielles,1,PS,Purse seine,Senne tournante aux thons,Purse Seine,Senne tournante,0,40,60,LOA,Length overall,1,PELAGIC
49,"THA    ",THAILAND,THAÏLANDE,1982,ART,Artisanal Fishing,Pêcheries artisanales,1,PSS,Small purse seine,Senneur côtier,Purse Seine,Senne tournante,0,1,14,LOA,Length overall,17,"ALL    "
49,"THA    ",THAILAND,THAÏLANDE,1982,ART,Artisanal Fishing,Pêcheries artisanales,1,PSS,Small purse seine,Senneur côtier,Purse Seine,Senne tournante,0,14,25,LOA,Length overall,136,"ALL    "
33,"MDV    ",MALDIVES,MALDIVES,1982,ART,Artisanal Fishing,Pêcheries artisanales,6,TROL,Troll line,Ligne de traîne,Line,Lignes,0,5,10,LOA,Length overall,3428,PELAGIC
46,"LKA    ",SRI LANKA,SRI LANKA,1982,ART,Artisanal Fishing,Pêcheries artisanales,9,UNCL,Unclassified,Non classé,Other,Autres,1,1,8,LOA,Length overall,22962,"ALL    "
46,"LKA    ",SRI LANKA,SRI LANKA,1982,ART,Artisanal Fishing,Pêcheries artisanales,9,UNCL,Unclassified,Non classé,Other,Autres,1,8,9,LOA,Length overall,2667,"ALL    "
48,"TZA    ",TANZANIA,TANZANIE,1982,ART,Artisanal Fishing,Pêcheries artisanales,9,UNCL,Unclassified,Non classé,Other,Autres,1,1,10,GRT,Gross Registered Tonnage,3208,COASTAL
1,"AUS    ",AUSTRALIA,AUSTRALIE,1983,IND,Industrial Fishing,Pêcheries industrielles,3,BB,Baitboat,Canne,Baitboat,Canne,0,5,25,LOA,Length overall,85,PELAGIC
33,"MDV    ",MALDIVES,MALDIVES,1983,ART,Artisanal Fishing,Pêcheries artisanales,3,BB,Baitboat,Canne,Baitboat,Canne,0,10,15,LOA,Length overall,2042,PELAGIC
28,"KEN    ",KENYA,KENYA,1983,IND,Industrial Fishing,Pêcheries industrielles,5,ELL,Longline targeting swordfish,Palangre à espadon,Longline,Palangre,0,40,60,LOA,Length overall,2,PELAGIC
43,"SYC    ",SEYCHELLES,SEYCHELLES,1983,IND,Industrial Fishing,Pêcheries industrielles,5,ELL,Longline targeting swordfish,Palangre à espadon,Longline,Palangre,0,15,24,LOA,Length overall,1,PELAGIC
23,"IDN    ",INDONESIA,INDONÉSIE,1983,IND,Industrial Fishing,Pêcheries industrielles,5,FLL,Longline Fresh,Palangre Frais,Longline,Palangre,0,0,15,LOA,Length overall,2,PELAGIC
23,"IDN    ",INDONESIA,INDONÉSIE,1983,IND,Industrial Fishing,Pêcheries industrielles,5,FLL,Longline Fresh,Palangre Frais,Longline,Palangre,0,15,24,LOA,Length overall,27,PELAGIC
23,"IDN    ",INDONESIA,INDONÉSIE,1983,IND,Industrial Fishing,Pêcheries industrielles,5,FLL,Longline Fresh,Palangre Frais,Longline,Palangre,0,24,40,LOA,Length overall,5,PELAGIC
46,"LKA    ",SRI LANKA,SRI LANKA,1983,ART,Artisanal Fishing,Pêcheries artisanales,4,G/L,Gillnet and Longline combination,Filet maillant et Palangre,Gillnet,Filet maillant,1,9,18,LOA,Length overall,1339,PELAGIC
2,"BHR    ",BAHRAIN,BAHREÏN,1983,ART,Artisanal Fishing,Pêcheries artisanales,4,GILL,Gillnet,Filet maillant,Gillnet,Filet maillant,0,4,20,LOA,Length overall,46,COASTAL
24,"IRN    ",IRAN ISLAMIC REP.,IRAN RÉP. ISLAMIQUE,1983,ART,Artisanal Fishing,Pêcheries artisanales,4,GILL,Gillnet,Filet maillant,Gillnet,Filet maillant,0,3,20,GRT,Gross Registered Tonnage,1055,"ALL    "
24,"IRN    ",IRAN ISLAMIC REP.,IRAN RÉP. ISLAMIQUE,1983,ART,Artisanal Fishing,Pêcheries artisanales,4,GILL,Gillnet,Filet maillant,Gillnet,Filet maillant,0,21,50,GRT,Gross Registered Tonnage,96,"ALL    "
38,"PAK    ",PAKISTAN,PAKISTAN,1983,ART,Artisanal Fishing,Pêcheries artisanales,4,GILL,Gillnet,Filet maillant,Gillnet,Filet maillant,0,35,50,GRT,Gross Registered Tonnage,353,"ALL    "
49,"THA    ",THAILAND,THAÏLANDE,1983,ART,Artisanal Fishing,Pêcheries artisanales,4,GILL,Gillnet,Filet maillant,Gillnet,Filet maillant,0,1,14,LOA,Length overall,19,COASTAL
49,"THA    ",THAILAND,THAÏLANDE,1983,ART,Artisanal Fishing,Pêcheries artisanales,4,GILL,Gillnet,Filet maillant,Gillnet,Filet maillant,0,14,25,LOA,Length overall,11,COASTAL
7,"COM    ",COMOROS,COMORES,1983,ART,Artisanal Fishing,Pêcheries artisanales,6,HAND,Hand line,Ligne à main,Line,Lignes,0,3,9,LOA,Length overall,3000,PELAGIC
44,"ZAF    ",SOUTH AFRICA,AFRIQUE DU SUD,1983,ART,Artisanal Fishing,Pêcheries artisanales,6,HOOK,Hook and line,Ligne et hameçon,Line,Lignes,1,1,10,GRT,Gross Registered Tonnage,61,COASTAL
44,"ZAF    ",SOUTH AFRICA,AFRIQUE DU SUD,1983,ART,Artisanal Fishing,Pêcheries artisanales,6,HOOK,Hook and line,Ligne et hameçon,Line,Lignes,1,10,100,GRT,Gross Registered Tonnage,5,COASTAL
6,"TWN    ","TAIWAN,CHINA","TAIWAN,CHINE",1983,IND,Industrial Fishing,Pêcheries industrielles,5,LL,Longline,Palangre dérivante au-dessus de 1800 hameçons,Longline,Palangre,0,24,40,LOA,Length overall,68,PELAGIC
6,"TWN    ","TAIWAN,CHINA","TAIWAN,CHINE",1983,IND,Industrial Fishing,Pêcheries industrielles,5,LL,Longline,Palangre dérivante au-dessus de 1800 hameçons,Longline,Palangre,0,40,60,LOA,Length overall,131,PELAGIC
22,"IND    ",INDIA,INDE,1983,IND,Industrial Fishing,Pêcheries industrielles,5,LL,Longline,Palangre dérivante au-dessus de 1800 hameçons,Longline,Palangre,0,40,60,LOA,Length overall,1,PELAGIC
24,"IRN    ",IRAN ISLAMIC REP.,IRAN RÉP. ISLAMIQUE,1983,IND,Industrial Fishing,Pêcheries industrielles,5,LL,Longline,Palangre dérivante au-dessus de 1800 hameçons,Longline,Palangre,0,40,60,LOA,Length overall,2,PELAGIC
26,"JPN    ",JAPAN,JAPON,1983,IND,Industrial Fishing,Pêcheries industrielles,5,LL,Longline,Palangre dérivante au-dessus de 1800 hameçons,Longline,Palangre,0,24,40,LOA,Length overall,48,PELAGIC
26,"JPN    ",JAPAN,JAPON,1983,IND,Industrial Fishing,Pêcheries industrielles,5,LL,Longline,Palangre dérivante au-dessus de 1800 hameçons,Longline,Palangre,0,40,60,LOA,Length overall,224,PELAGIC
29,"KOR    ",KOREA REP.,CORÉE RÉP.,1983,IND,Industrial Fishing,Pêcheries industrielles,5,LL,Longline,Palangre dérivante au-dessus de 1800 hameçons,Longline,Palangre,0,40,60,LOA,Length overall,115,PELAGIC
45,"SUN    ",SOVIET UNION,UNION SOVIÉTIQUE,1983,IND,Industrial Fishing,Pêcheries industrielles,5,LL,Longline,Palangre dérivante au-dessus de 1800 hameçons,Longline,Palangre,0,24,40,LOA,Length overall,3,PELAGIC
1,"AUS    ",AUSTRALIA,AUSTRALIE,1983,IND,Industrial Fishing,Pêcheries industrielles,1,PS,Purse seine,Senne tournante aux thons,Purse Seine,Senne tournante,0,24,40,LOA,Length overall,3,PELAGIC
1,"AUS    ",AUSTRALIA,AUSTRALIE,1983,IND,Industrial Fishing,Pêcheries industrielles,1,PS,Purse seine,Senne tournante aux thons,Purse Seine,Senne tournante,0,40,60,LOA,Length overall,2,PELAGIC
13,"EUFRA  ",EU.FRANCE,UE.FRANCE,1983,IND,Industrial Fishing,Pêcheries industrielles,1,PS,Purse seine,Senne tournante aux thons,Purse Seine,Senne tournante,0,40,60,LOA,Length overall,7,PELAGIC
13,"EUFRA  ",EU.FRANCE,UE.FRANCE,1983,IND,Industrial Fishing,Pêcheries industrielles,1,PS,Purse seine,Senne tournante aux thons,Purse Seine,Senne tournante,0,60,80,LOA,Length overall,5,PELAGIC
26,"JPN    ",JAPAN,JAPON,1983,IND,Industrial Fishing,Pêcheries industrielles,1,PS,Purse seine,Senne tournante aux thons,Purse Seine,Senne tournante,0,40,60,LOA,Length overall,1,PELAGIC
34,"MUS    ",MAURITIUS,MAURICE,1983,IND,Industrial Fishing,Pêcheries industrielles,1,PS,Purse seine,Senne tournante aux thons,Purse Seine,Senne tournante,0,40,60,LOA,Length overall,1,PELAGIC
45,"SUN    ",SOVIET UNION,UNION SOVIÉTIQUE,1983,IND,Industrial Fishing,Pêcheries industrielles,1,PS,Purse seine,Senne tournante aux thons,Purse Seine,Senne tournante,0,80,100,LOA,Length overall,1,PELAGIC
58,"NEIPS  ",NEI.OTHER,NCA.AUTRE,1983,IND,Industrial Fishing,Pêcheries industrielles,1,PS,Purse seine,Senne tournante aux thons,Purse Seine,Senne tournante,0,60,80,LOA,Length overall,2,PELAGIC
49,"THA    ",THAILAND,THAÏLANDE,1983,ART,Artisanal Fishing,Pêcheries artisanales,1,PSS,Small purse seine,Senneur côtier,Purse Seine,Senne tournante,0,1,14,LOA,Length overall,7,"ALL    "
49,"THA    ",THAILAND,THAÏLANDE,1983,ART,Artisanal Fishing,Pêcheries artisanales,1,PSS,Small purse seine,Senneur côtier,Purse Seine,Senne tournante,0,14,25,LOA,Length overall,146,"ALL    "
44,"ZAF    ",SOUTH AFRICA,AFRIQUE DU SUD,1983,ART,Artisanal Fishing,Pêcheries artisanales,6,SPOR,Sport fishing,Pêche sportive,Line,Lignes,0,1,10,GRT,Gross Registered Tonnage,1647,PELAGIC
44,"ZAF    ",SOUTH AFRICA,AFRIQUE DU SUD,1983,ART,Artisanal Fishing,Pêcheries artisanales,6,SPOR,Sport fishing,Pêche sportive,Line,Lignes,0,10,100,GRT,Gross Registered Tonnage,21,PELAGIC
33,"MDV    ",MALDIVES,MALDIVES,1983,ART,Artisanal Fishing,Pêcheries artisanales,6,TROL,Troll line,Ligne de traîne,Line,Lignes,0,5,10,LOA,Length overall,3448,PELAGIC
46,"LKA    ",SRI LANKA,SRI LANKA,1983,ART,Artisanal Fishing,Pêcheries artisanales,9,UNCL,Unclassified,Non classé,Other,Autres,1,1,8,LOA,Length overall,23483,"ALL    "
46,"LKA    ",SRI LANKA,SRI LANKA,1983,ART,Artisanal Fishing,Pêcheries artisanales,9,UNCL,Unclassified,Non classé,Other,Autres,1,8,9,LOA,Length overall,2440,"ALL    "
48,"TZA    ",TANZANIA,TANZANIE,1983,ART,Artisanal Fishing,Pêcheries artisanales,9,UNCL,Unclassified,Non classé,Other,Autres,1,1,10,GRT,Gross Registered Tonnage,2382,COASTAL
1,"AUS    ",AUSTRALIA,AUSTRALIE,1984,IND,Industrial Fishing,Pêcheries industrielles,3,BB,Baitboat,Canne,Baitboat,Canne,0,5,25,LOA,Length overall,81,PELAGIC
33,"MDV    ",MALDIVES,MALDIVES,1984,ART,Artisanal Fishing,Pêcheries artisanales,3,BB,Baitboat,Canne,Baitboat,Canne,0,10,15,LOA,Length overall,2047,PELAGIC
43,"SYC    ",SEYCHELLES,SEYCHELLES,1984,IND,Industrial Fishing,Pêcheries industrielles,5,ELL,Longline targeting swordfish,Palangre à espadon,Longline,Palangre,0,15,24,LOA,Length overall,3,PELAGIC
23,"IDN    ",INDONESIA,INDONÉSIE,1984,IND,Industrial Fishing,Pêcheries industrielles,5,FLL,Longline Fresh,Palangre Frais,Longline,Palangre,0,0,15,LOA,Length overall,2,PELAGIC
23,"IDN    ",INDONESIA,INDONÉSIE,1984,IND,Industrial Fishing,Pêcheries industrielles,5,FLL,Longline Fresh,Palangre Frais,Longline,Palangre,0,15,24,LOA,Length overall,27,PELAGIC
23,"IDN    ",INDONESIA,INDONÉSIE,1984,IND,Industrial Fishing,Pêcheries industrielles,5,FLL,Longline Fresh,Palangre Frais,Longline,Palangre,0,24,40,LOA,Length overall,5,PELAGIC
46,"LKA    ",SRI LANKA,SRI LANKA,1984,ART,Artisanal Fishing,Pêcheries artisanales,4,G/L,Gillnet and Longline combination,Filet maillant et Palangre,Gillnet,Filet maillant,1,9,18,LOA,Length overall,1300,PELAGIC
24,"IRN    ",IRAN ISLAMIC REP.,IRAN RÉP. ISLAMIQUE,1984,ART,Artisanal Fishing,Pêcheries artisanales,4,GILL,Gillnet,Filet maillant,Gillnet,Filet maillant,0,3,20,GRT,Gross Registered Tonnage,671,"ALL    "
24,"IRN    ",IRAN ISLAMIC REP.,IRAN RÉP. ISLAMIQUE,1984,ART,Artisanal Fishing,Pêcheries artisanales,4,GILL,Gillnet,Filet maillant,Gillnet,Filet maillant,0,21,50,GRT,Gross Registered Tonnage,404,"ALL    "
24,"IRN    ",IRAN ISLAMIC REP.,IRAN RÉP. ISLAMIQUE,1984,ART,Artisanal Fishing,Pêcheries artisanales,4,GILL,Gillnet,Filet maillant,Gillnet,Filet maillant,0,51,100,GRT,Gross Registered Tonnage,350,"ALL    "
32,"MYS    ",MALAYSIA,MALAISIE,1984,ART,Artisanal Fishing,Pêcheries artisanales,4,GILL,Gillnet,Filet maillant,Gillnet,Filet maillant,0,1,10,GRT,Gross Registered Tonnage,11033,COASTAL
38,"PAK    ",PAKISTAN,PAKISTAN,1984,ART,Artisanal Fishing,Pêcheries artisanales,4,GILL,Gillnet,Filet maillant,Gillnet,Filet maillant,0,35,50,GRT,Gross Registered Tonnage,274,"ALL    "
49,"THA    ",THAILAND,THAÏLANDE,1984,ART,Artisanal Fishing,Pêcheries artisanales,4,GILL,Gillnet,Filet maillant,Gillnet,Filet maillant,0,1,14,LOA,Length overall,15,COASTAL
49,"THA    ",THAILAND,THAÏLANDE,1984,ART,Artisanal Fishing,Pêcheries artisanales,4,GILL,Gillnet,Filet maillant,Gillnet,Filet maillant,0,14,25,LOA,Length overall,7,COASTAL
7,"COM    ",COMOROS,COMORES,1984,ART,Artisanal Fishing,Pêcheries artisanales,6,HAND,Hand line,Ligne à main,Line,Lignes,0,3,9,LOA,Length overall,3000,PELAGIC
6,"TWN    ","TAIWAN,CHINA","TAIWAN,CHINE",1984,IND,Industrial Fishing,Pêcheries industrielles,5,LL,Longline,Palangre dérivante au-dessus de 1800 hameçons,Longline,Palangre,0,24,40,LOA,Length overall,43,PELAGIC
6,"TWN    ","TAIWAN,CHINA","TAIWAN,CHINE",1984,IND,Industrial Fishing,Pêcheries industrielles,5,LL,Longline,Palangre dérivante au-dessus de 1800 hameçons,Longline,Palangre,0,40,60,LOA,Length overall,107,PELAGIC
22,"IND    ",INDIA,INDE,1984,IND,Industrial Fishing,Pêcheries industrielles,5,LL,Longline,Palangre dérivante au-dessus de 1800 hameçons,Longline,Palangre,0,40,60,LOA,Length overall,1,PELAGIC
24,"IRN    ",IRAN ISLAMIC REP.,IRAN RÉP. ISLAMIQUE,1984,IND,Industrial Fishing,Pêcheries industrielles,5,LL,Longline,Palangre dérivante au-dessus de 1800 hameçons,Longline,Palangre,0,40,60,LOA,Length overall,2,PELAGIC
26,"JPN    ",JAPAN,JAPON,1984,IND,Industrial Fishing,Pêcheries industrielles,5,LL,Longline,Palangre dérivante au-dessus de 1800 hameçons,Longline,Palangre,0,24,40,LOA,Length overall,49,PELAGIC
26,"JPN    ",JAPAN,JAPON,1984,IND,Industrial Fishing,Pêcheries industrielles,5,LL,Longline,Palangre dérivante au-dessus de 1800 hameçons,Longline,Palangre,0,40,60,LOA,Length overall,226,PELAGIC
29,"KOR    ",KOREA REP.,CORÉE RÉP.,1984,IND,Industrial Fishing,Pêcheries industrielles,5,LL,Longline,Palangre dérivante au-dessus de 1800 hameçons,Longline,Palangre,0,40,60,LOA,Length overall,75,PELAGIC
45,"SUN    ",SOVIET UNION,UNION SOVIÉTIQUE,1984,IND,Industrial Fishing,Pêcheries industrielles,5,LL,Longline,Palangre dérivante au-dessus de 1800 hameçons,Longline,Palangre,0,24,40,LOA,Length overall,7,PELAGIC
1,"AUS    ",AUSTRALIA,AUSTRALIE,1984,IND,Industrial Fishing,Pêcheries industrielles,1,PS,Purse seine,Senne tournante aux thons,Purse Seine,Senne tournante,0,24,40,LOA,Length overall,3,PELAGIC
1,"AUS    ",AUSTRALIA,AUSTRALIE,1984,IND,Industrial Fishing,Pêcheries industrielles,1,PS,Purse seine,Senne tournante aux thons,Purse Seine,Senne tournante,0,40,60,LOA,Length overall,2,PELAGIC
13,"EUFRA  ",EU.FRANCE,UE.FRANCE,1984,IND,Industrial Fishing,Pêcheries industrielles,1,PS,Purse seine,Senne tournante aux thons,Purse Seine,Senne tournante,0,40,60,LOA,Length overall,11,PELAGIC
13,"EUFRA  ",EU.FRANCE,UE.FRANCE,1984,IND,Industrial Fishing,Pêcheries industrielles,1,PS,Purse seine,Senne tournante aux thons,Purse Seine,Senne tournante,0,60,80,LOA,Length overall,15,PELAGIC
19,"EUESP  ",EU.SPAIN,UE.ESPAGNE,1984,IND,Industrial Fishing,Pêcheries industrielles,1,PS,Purse seine,Senne tournante aux thons,Purse Seine,Senne tournante,0,60,80,LOA,Length overall,13,PELAGIC
19,"EUESP  ",EU.SPAIN,UE.ESPAGNE,1984,IND,Industrial Fishing,Pêcheries industrielles,1,PS,Purse seine,Senne tournante aux thons,Purse Seine,Senne tournante,0,80,100,LOA,Length overall,1,PELAGIC
26,"JPN    ",JAPAN,JAPON,1984,IND,Industrial Fishing,Pêcheries industrielles,1,PS,Purse seine,Senne tournante aux thons,Purse Seine,Senne tournante,0,40,60,LOA,Length overall,1,PELAGIC
34,"MUS    ",MAURITIUS,MAURICE,1984,IND,Industrial Fishing,Pêcheries industrielles,1,PS,Purse seine,Senne tournante aux thons,Purse Seine,Senne tournante,0,40,60,LOA,Length overall,1,PELAGIC
45,"SUN    ",SOVIET UNION,UNION SOVIÉTIQUE,1984,IND,Industrial Fishing,Pêcheries industrielles,1,PS,Purse seine,Senne tournante aux thons,Purse Seine,Senne tournante,0,80,100,LOA,Length overall,1,PELAGIC
58,"NEIPS  ",NEI.OTHER,NCA.AUTRE,1984,IND,Industrial Fishing,Pêcheries industrielles,1,PS,Purse seine,Senne tournante aux thons,Purse Seine,Senne tournante,0,40,60,LOA,Length overall,4,PELAGIC
58,"NEIPS  ",NEI.OTHER,NCA.AUTRE,1984,IND,Industrial Fishing,Pêcheries industrielles,1,PS,Purse seine,Senne tournante aux thons,Purse Seine,Senne tournante,0,60,80,LOA,Length overall,6,PELAGIC
32,"MYS    ",MALAYSIA,MALAISIE,1984,ART,Artisanal Fishing,Pêcheries artisanales,1,PSS,Small purse seine,Senneur côtier,Purse Seine,Senne tournante,0,10,70,GRT,Gross Registered Tonnage,361,COASTAL
49,"THA    ",THAILAND,THAÏLANDE,1984,ART,Artisanal Fishing,Pêcheries artisanales,1,PSS,Small purse seine,Senneur côtier,Purse Seine,Senne tournante,0,1,14,LOA,Length overall,9,"ALL    "
49,"THA    ",THAILAND,THAÏLANDE,1984,ART,Artisanal Fishing,Pêcheries artisanales,1,PSS,Small purse seine,Senneur côtier,Purse Seine,Senne tournante,0,14,25,LOA,Length overall,178,"ALL    "
32,"MYS    ",MALAYSIA,MALAISIE,1984,ART,Artisanal Fishing,Pêcheries artisanales,9,TRAW,Trawl,Chaluts,Other,Autres,0,10,70,GRT,Gross Registered Tonnage,5943,COASTAL
32,"MYS    ",MALAYSIA,MALAISIE,1984,ART,Artisanal Fishing,Pêcheries artisanales,6,TROL,Troll line,Ligne de traîne,Line,Lignes,0,1,10,GRT,Gross Registered Tonnage,967,COASTAL
33,"MDV    ",MALDIVES,MALDIVES,1984,ART,Artisanal Fishing,Pêcheries artisanales,6,TROL,Troll line,Ligne de traîne,Line,Lignes,0,5,10,LOA,Length overall,3021,PELAGIC
46,"LKA    ",SRI LANKA,SRI LANKA,1984,ART,Artisanal Fishing,Pêcheries artisanales,9,UNCL,Unclassified,Non classé,Other,Autres,1,1,8,LOA,Length overall,24225,"ALL    "
46,"LKA    ",SRI LANKA,SRI LANKA,1984,ART,Artisanal Fishing,Pêcheries artisanales,9,UNCL,Unclassified,Non classé,Other,Autres,1,8,9,LOA,Length overall,2460,"ALL    "
48,"TZA    ",TANZANIA,TANZANIE,1984,ART,Artisanal Fishing,Pêcheries artisanales,9,UNCL,Unclassified,Non classé,Other,Autres,1,1,10,GRT,Gross Registered Tonnage,2843,COASTAL
33,"MDV    ",MALDIVES,MALDIVES,1985,ART,Artisanal Fishing,Pêcheries artisanales,3,BB,Baitboat,Canne,Baitboat,Canne,0,10,15,LOA,Length overall,1031,PELAGIC
43,"SYC    ",SEYCHELLES,SEYCHELLES,1985,IND,Industrial Fishing,Pêcheries industrielles,5,ELL,Longline targeting swordfish,Palangre à espadon,Longline,Palangre,0,15,24,LOA,Length overall,3,PELAGIC
23,"IDN    ",INDONESIA,INDONÉSIE,1985,IND,Industrial Fishing,Pêcheries industrielles,5,FLL,Longline Fresh,Palangre Frais,Longline,Palangre,0,0,15,LOA,Length overall,2,PELAGIC
23,"IDN    ",INDONESIA,INDONÉSIE,1985,IND,Industrial Fishing,Pêcheries industrielles,5,FLL,Longline Fresh,Palangre Frais,Longline,Palangre,0,15,24,LOA,Length overall,27,PELAGIC
23,"IDN    ",INDONESIA,INDONÉSIE,1985,IND,Industrial Fishing,Pêcheries industrielles,5,FLL,Longline Fresh,Palangre Frais,Longline,Palangre,0,24,40,LOA,Length overall,5,PELAGIC
46,"LKA    ",SRI LANKA,SRI LANKA,1985,ART,Artisanal Fishing,Pêcheries artisanales,4,G/L,Gillnet and Longline combination,Filet maillant et Palangre,Gillnet,Filet maillant,1,9,18,LOA,Length overall,1272,PELAGIC
37,"OMN    ",OMAN,OMAN,1985,ART,Artisanal Fishing,Pêcheries artisanales,4,GIHA,Gillnet and hand line,Filet maillant et Ligne à main,Gillnet,Filet maillant,1,1,10,LOA,Length overall,8661,COASTAL
3,"BGD    ",BANGLADESH,BANGLADESH,1985,ART,Artisanal Fishing,Pêcheries artisanales,4,GILL,Gillnet,Filet maillant,Gillnet,Filet maillant,0,10,15,LOA,Length overall,3500,COASTAL
6,"TWN    ","TAIWAN,CHINA","TAIWAN,CHINE",1985,IND,Industrial Fishing,Pêcheries industrielles,4,GILL,Gillnet,Filet maillant,Gillnet,Filet maillant,0,100,200,GRT,Gross Registered Tonnage,12,NULL
6,"TWN    ","TAIWAN,CHINA","TAIWAN,CHINE",1985,IND,Industrial Fishing,Pêcheries industrielles,4,GILL,Gillnet,Filet maillant,Gillnet,Filet maillant,0,200,500,GRT,Gross Registered Tonnage,41,NULL
6,"TWN    ","TAIWAN,CHINA","TAIWAN,CHINE",1985,IND,Industrial Fishing,Pêcheries industrielles,4,GILL,Gillnet,Filet maillant,Gillnet,Filet maillant,0,500,1000,GRT,Gross Registered Tonnage,5,NULL
24,"IRN    ",IRAN ISLAMIC REP.,IRAN RÉP. ISLAMIQUE,1985,ART,Artisanal Fishing,Pêcheries artisanales,4,GILL,Gillnet,Filet maillant,Gillnet,Filet maillant,0,3,20,GRT,Gross Registered Tonnage,760,"ALL    "
24,"IRN    ",IRAN ISLAMIC REP.,IRAN RÉP. ISLAMIQUE,1985,ART,Artisanal Fishing,Pêcheries artisanales,4,GILL,Gillnet,Filet maillant,Gillnet,Filet maillant,0,21,50,GRT,Gross Registered Tonnage,484,"ALL    "
24,"IRN    ",IRAN ISLAMIC REP.,IRAN RÉP. ISLAMIQUE,1985,ART,Artisanal Fishing,Pêcheries artisanales,4,GILL,Gillnet,Filet maillant,Gillnet,Filet maillant,0,51,100,GRT,Gross Registered Tonnage,420,"ALL    "
32,"MYS    ",MALAYSIA,MALAISIE,1985,ART,Artisanal Fishing,Pêcheries artisanales,4,GILL,Gillnet,Filet maillant,Gillnet,Filet maillant,0,1,10,GRT,Gross Registered Tonnage,10417,COASTAL
37,"OMN    ",OMAN,OMAN,1985,ART,Artisanal Fishing,Pêcheries artisanales,4,GILL,Gillnet,Filet maillant,Gillnet,Filet maillant,0,10,24,LOA,Length overall,553,COASTAL
38,"PAK    ",PAKISTAN,PAKISTAN,1985,ART,Artisanal Fishing,Pêcheries artisanales,4,GILL,Gillnet,Filet maillant,Gillnet,Filet maillant,0,35,50,GRT,Gross Registered Tonnage,337,"ALL    "
49,"THA    ",THAILAND,THAÏLANDE,1985,ART,Artisanal Fishing,Pêcheries artisanales,4,GILL,Gillnet,Filet maillant,Gillnet,Filet maillant,0,1,14,LOA,Length overall,8,COASTAL
49,"THA    ",THAILAND,THAÏLANDE,1985,ART,Artisanal Fishing,Pêcheries artisanales,4,GILL,Gillnet,Filet maillant,Gillnet,Filet maillant,0,14,25,LOA,Length overall,5,COASTAL
7,"COM    ",COMOROS,COMORES,1985,ART,Artisanal Fishing,Pêcheries artisanales,6,HAND,Hand line,Ligne à main,Line,Lignes,0,3,9,LOA,Length overall,3000,PELAGIC
33,"MDV    ",MALDIVES,MALDIVES,1985,ART,Artisanal Fishing,Pêcheries artisanales,6,HAND,Hand line,Ligne à main,Line,Lignes,0,4,6,LOA,Length overall,42,PELAGIC
43,"SYC    ",SEYCHELLES,SEYCHELLES,1985,ART,Artisanal Fishing,Pêcheries artisanales,6,HAND,Hand line,Ligne à main,Line,Lignes,0,4,6,LOA,Length overall,125,PELAGIC
43,"SYC    ",SEYCHELLES,SEYCHELLES,1985,ART,Artisanal Fishing,Pêcheries artisanales,6,HAND,Hand line,Ligne à main,Line,Lignes,0,5,10,LOA,Length overall,222,PELAGIC
43,"SYC    ",SEYCHELLES,SEYCHELLES,1985,ART,Artisanal Fishing,Pêcheries artisanales,6,HAND,Hand line,Ligne à main,Line,Lignes,0,7,12,LOA,Length overall,37,PELAGIC
43,"SYC    ",SEYCHELLES,SEYCHELLES,1985,ART,Artisanal Fishing,Pêcheries artisanales,6,HAND,Hand line,Ligne à main,Line,Lignes,0,9,26,LOA,Length overall,21,PELAGIC
6,"TWN    ","TAIWAN,CHINA","TAIWAN,CHINE",1985,IND,Industrial Fishing,Pêcheries industrielles,5,LL,Longline,Palangre dérivante au-dessus de 1800 hameçons,Longline,Palangre,0,24,40,LOA,Length overall,31,PELAGIC
6,"TWN    ","TAIWAN,CHINA","TAIWAN,CHINE",1985,IND,Industrial Fishing,Pêcheries industrielles,5,LL,Longline,Palangre dérivante au-dessus de 1800 hameçons,Longline,Palangre,0,40,60,LOA,Length overall,96,PELAGIC
22,"IND    ",INDIA,INDE,1985,IND,Industrial Fishing,Pêcheries industrielles,5,LL,Longline,Palangre dérivante au-dessus de 1800 hameçons,Longline,Palangre,0,40,60,LOA,Length overall,1,PELAGIC
26,"JPN    ",JAPAN,JAPON,1985,IND,Industrial Fishing,Pêcheries industrielles,5,LL,Longline,Palangre dérivante au-dessus de 1800 hameçons,Longline,Palangre,0,24,40,LOA,Length overall,33,PELAGIC
26,"JPN    ",JAPAN,JAPON,1985,IND,Industrial Fishing,Pêcheries industrielles,5,LL,Longline,Palangre dérivante au-dessus de 1800 hameçons,Longline,Palangre,0,40,60,LOA,Length overall,286,PELAGIC
29,"KOR    ",KOREA REP.,CORÉE RÉP.,1985,IND,Industrial Fishing,Pêcheries industrielles,5,LL,Longline,Palangre dérivante au-dessus de 1800 hameçons,Longline,Palangre,0,40,60,LOA,Length overall,62,PELAGIC
45,"SUN    ",SOVIET UNION,UNION SOVIÉTIQUE,1985,IND,Industrial Fishing,Pêcheries industrielles,5,LL,Longline,Palangre dérivante au-dessus de 1800 hameçons,Longline,Palangre,0,24,40,LOA,Length overall,1,PELAGIC
57,"NEIFR  ",NEI.FROZEN,NCA.CONGELÉ,1985,IND,Industrial Fishing,Pêcheries industrielles,5,LL,Longline,Palangre dérivante au-dessus de 1800 hameçons,Longline,Palangre,0,40,60,LOA,Length overall,1,PELAGIC
1,"AUS    ",AUSTRALIA,AUSTRALIE,1985,IND,Industrial Fishing,Pêcheries industrielles,1,PS,Purse seine,Senne tournante aux thons,Purse Seine,Senne tournante,0,24,40,LOA,Length overall,4,PELAGIC
1,"AUS    ",AUSTRALIA,AUSTRALIE,1985,IND,Industrial Fishing,Pêcheries industrielles,1,PS,Purse seine,Senne tournante aux thons,Purse Seine,Senne tournante,0,40,60,LOA,Length overall,2,PELAGIC
13,"EUFRA  ",EU.FRANCE,UE.FRANCE,1985,IND,Industrial Fishing,Pêcheries industrielles,1,PS,Purse seine,Senne tournante aux thons,Purse Seine,Senne tournante,0,40,60,LOA,Length overall,11,PELAGIC
13,"EUFRA  ",EU.FRANCE,UE.FRANCE,1985,IND,Industrial Fishing,Pêcheries industrielles,1,PS,Purse seine,Senne tournante aux thons,Purse Seine,Senne tournante,0,60,80,LOA,Length overall,15,PELAGIC
19,"EUESP  ",EU.SPAIN,UE.ESPAGNE,1985,IND,Industrial Fishing,Pêcheries industrielles,1,PS,Purse seine,Senne tournante aux thons,Purse Seine,Senne tournante,0,60,80,LOA,Length overall,14,PELAGIC
19,"EUESP  ",EU.SPAIN,UE.ESPAGNE,1985,IND,Industrial Fishing,Pêcheries industrielles,1,PS,Purse seine,Senne tournante aux thons,Purse Seine,Senne tournante,0,80,100,LOA,Length overall,2,PELAGIC
26,"JPN    ",JAPAN,JAPON,1985,IND,Industrial Fishing,Pêcheries industrielles,1,PS,Purse seine,Senne tournante aux thons,Purse Seine,Senne tournante,0,40,60,LOA,Length overall,1,PELAGIC
34,"MUS    ",MAURITIUS,MAURICE,1985,IND,Industrial Fishing,Pêcheries industrielles,1,PS,Purse seine,Senne tournante aux thons,Purse Seine,Senne tournante,0,40,60,LOA,Length overall,1,PELAGIC
45,"SUN    ",SOVIET UNION,UNION SOVIÉTIQUE,1985,IND,Industrial Fishing,Pêcheries industrielles,1,PS,Purse seine,Senne tournante aux thons,Purse Seine,Senne tournante,0,80,100,LOA,Length overall,1,PELAGIC
58,"NEIPS  ",NEI.OTHER,NCA.AUTRE,1985,IND,Industrial Fishing,Pêcheries industrielles,1,PS,Purse seine,Senne tournante aux thons,Purse Seine,Senne tournante,0,40,60,LOA,Length overall,3,PELAGIC
58,"NEIPS  ",NEI.OTHER,NCA.AUTRE,1985,IND,Industrial Fishing,Pêcheries industrielles,1,PS,Purse seine,Senne tournante aux thons,Purse Seine,Senne tournante,0,60,80,LOA,Length overall,6,PELAGIC
32,"MYS    ",MALAYSIA,MALAISIE,1985,ART,Artisanal Fishing,Pêcheries artisanales,1,PSS,Small purse seine,Senneur côtier,Purse Seine,Senne tournante,0,10,70,GRT,Gross Registered Tonnage,477,COASTAL
49,"THA    ",THAILAND,THAÏLANDE,1985,ART,Artisanal Fishing,Pêcheries artisanales,1,PSS,Small purse seine,Senneur côtier,Purse Seine,Senne tournante,0,1,14,LOA,Length overall,5,"ALL    "
49,"THA    ",THAILAND,THAÏLANDE,1985,ART,Artisanal Fishing,Pêcheries artisanales,1,PSS,Small purse seine,Senneur côtier,Purse Seine,Senne tournante,0,14,25,LOA,Length overall,164,"ALL    "
32,"MYS    ",MALAYSIA,MALAISIE,1985,ART,Artisanal Fishing,Pêcheries artisanales,9,TRAW,Trawl,Chaluts,Other,Autres,0,10,70,GRT,Gross Registered Tonnage,7021,COASTAL
32,"MYS    ",MALAYSIA,MALAISIE,1985,ART,Artisanal Fishing,Pêcheries artisanales,6,TROL,Troll line,Ligne de traîne,Line,Lignes,0,1,10,GRT,Gross Registered Tonnage,1277,COASTAL
33,"MDV    ",MALDIVES,MALDIVES,1985,ART,Artisanal Fishing,Pêcheries artisanales,6,TROL,Troll line,Ligne de traîne,Line,Lignes,0,5,10,LOA,Length overall,963,PELAGIC
43,"SYC    ",SEYCHELLES,SEYCHELLES,1985,ART,Artisanal Fishing,Pêcheries artisanales,6,TROL,Troll line,Ligne de traîne,Line,Lignes,0,7,12,LOA,Length overall,7,PELAGIC
41,"SAU    ",SAUDI ARABIA,ARABIE SAOUDITE,1985,ART,Artisanal Fishing,Pêcheries artisanales,9,UNCL,Unclassified,Non classé,Other,Autres,1,5,25,LOA,Length overall,2546,COASTAL
46,"LKA    ",SRI LANKA,SRI LANKA,1985,ART,Artisanal Fishing,Pêcheries artisanales,9,UNCL,Unclassified,Non classé,Other,Autres,1,1,8,LOA,Length overall,23774,"ALL    "
46,"LKA    ",SRI LANKA,SRI LANKA,1985,ART,Artisanal Fishing,Pêcheries artisanales,9,UNCL,Unclassified,Non classé,Other,Autres,1,8,9,LOA,Length overall,2494,"ALL    "
48,"TZA    ",TANZANIA,TANZANIE,1985,ART,Artisanal Fishing,Pêcheries artisanales,9,UNCL,Unclassified,Non classé,Other,Autres,1,1,10,GRT,Gross Registered Tonnage,2844,COASTAL
1,"AUS    ",AUSTRALIA,AUSTRALIE,1986,IND,Industrial Fishing,Pêcheries industrielles,3,BB,Baitboat,Canne,Baitboat,Canne,0,5,25,LOA,Length overall,35,PELAGIC
22,"IND    ",INDIA,INDE,1986,ART,Artisanal Fishing,Pêcheries artisanales,3,BB,Baitboat,Canne,Baitboat,Canne,0,NULL,NULL,UNCL,Unclassified,3772,PELAGIC
33,"MDV    ",MALDIVES,MALDIVES,1986,ART,Artisanal Fishing,Pêcheries artisanales,3,BB,Baitboat,Canne,Baitboat,Canne,0,10,15,LOA,Length overall,1041,PELAGIC
1,"AUS    ",AUSTRALIA,AUSTRALIE,1986,IND,Industrial Fishing,Pêcheries industrielles,5,ELL,Longline targeting swordfish,Palangre à espadon,Longline,Palangre,0,15,24,LOA,Length overall,1,PELAGIC
6,"TWN    ","TAIWAN,CHINA","TAIWAN,CHINE",1986,IND,Industrial Fishing,Pêcheries industrielles,5,FLL,Longline Fresh,Palangre Frais,Longline,Palangre,0,15,24,LOA,Length overall,1,PELAGIC
6,"TWN    ","TAIWAN,CHINA","TAIWAN,CHINE",1986,IND,Industrial Fishing,Pêcheries industrielles,5,FLL,Longline Fresh,Palangre Frais,Longline,Palangre,0,24,40,LOA,Length overall,1,PELAGIC
23,"IDN    ",INDONESIA,INDONÉSIE,1986,IND,Industrial Fishing,Pêcheries industrielles,5,FLL,Longline Fresh,Palangre Frais,Longline,Palangre,0,0,15,LOA,Length overall,2,PELAGIC
23,"IDN    ",INDONESIA,INDONÉSIE,1986,IND,Industrial Fishing,Pêcheries industrielles,5,FLL,Longline Fresh,Palangre Frais,Longline,Palangre,0,15,24,LOA,Length overall,27,PELAGIC
23,"IDN    ",INDONESIA,INDONÉSIE,1986,IND,Industrial Fishing,Pêcheries industrielles,5,FLL,Longline Fresh,Palangre Frais,Longline,Palangre,0,24,40,LOA,Length overall,5,PELAGIC
46,"LKA    ",SRI LANKA,SRI LANKA,1986,ART,Artisanal Fishing,Pêcheries artisanales,4,G/L,Gillnet and Longline combination,Filet maillant et Palangre,Gillnet,Filet maillant,1,9,18,LOA,Length overall,1293,PELAGIC
37,"OMN    ",OMAN,OMAN,1986,ART,Artisanal Fishing,Pêcheries artisanales,4,GIHA,Gillnet and hand line,Filet maillant et Ligne à main,Gillnet,Filet maillant,1,1,10,LOA,Length overall,8573,COASTAL
3,"BGD    ",BANGLADESH,BANGLADESH,1986,ART,Artisanal Fishing,Pêcheries artisanales,4,GILL,Gillnet,Filet maillant,Gillnet,Filet maillant,0,10,15,LOA,Length overall,2917,COASTAL
6,"TWN    ","TAIWAN,CHINA","TAIWAN,CHINE",1986,IND,Industrial Fishing,Pêcheries industrielles,4,GILL,Gillnet,Filet maillant,Gillnet,Filet maillant,0,100,200,GRT,Gross Registered Tonnage,6,NULL
6,"TWN    ","TAIWAN,CHINA","TAIWAN,CHINE",1986,IND,Industrial Fishing,Pêcheries industrielles,4,GILL,Gillnet,Filet maillant,Gillnet,Filet maillant,0,200,500,GRT,Gross Registered Tonnage,68,NULL
6,"TWN    ","TAIWAN,CHINA","TAIWAN,CHINE",1986,IND,Industrial Fishing,Pêcheries industrielles,4,GILL,Gillnet,Filet maillant,Gillnet,Filet maillant,0,500,1000,GRT,Gross Registered Tonnage,2,NULL
24,"IRN    ",IRAN ISLAMIC REP.,IRAN RÉP. ISLAMIQUE,1986,ART,Artisanal Fishing,Pêcheries artisanales,4,GILL,Gillnet,Filet maillant,Gillnet,Filet maillant,0,3,20,GRT,Gross Registered Tonnage,1190,"ALL    "
24,"IRN    ",IRAN ISLAMIC REP.,IRAN RÉP. ISLAMIQUE,1986,ART,Artisanal Fishing,Pêcheries artisanales,4,GILL,Gillnet,Filet maillant,Gillnet,Filet maillant,0,21,50,GRT,Gross Registered Tonnage,606,"ALL    "
24,"IRN    ",IRAN ISLAMIC REP.,IRAN RÉP. ISLAMIQUE,1986,ART,Artisanal Fishing,Pêcheries artisanales,4,GILL,Gillnet,Filet maillant,Gillnet,Filet maillant,0,51,100,GRT,Gross Registered Tonnage,367,"ALL    "
32,"MYS    ",MALAYSIA,MALAISIE,1986,ART,Artisanal Fishing,Pêcheries artisanales,4,GILL,Gillnet,Filet maillant,Gillnet,Filet maillant,0,1,10,GRT,Gross Registered Tonnage,9940,COASTAL
37,"OMN    ",OMAN,OMAN,1986,ART,Artisanal Fishing,Pêcheries artisanales,4,GILL,Gillnet,Filet maillant,Gillnet,Filet maillant,0,10,24,LOA,Length overall,547,COASTAL
38,"PAK    ",PAKISTAN,PAKISTAN,1986,ART,Artisanal Fishing,Pêcheries artisanales,4,GILL,Gillnet,Filet maillant,Gillnet,Filet maillant,0,35,50,GRT,Gross Registered Tonnage,394,"ALL    "
49,"THA    ",THAILAND,THAÏLANDE,1986,ART,Artisanal Fishing,Pêcheries artisanales,4,GILL,Gillnet,Filet maillant,Gillnet,Filet maillant,0,1,14,LOA,Length overall,15,COASTAL
49,"THA    ",THAILAND,THAÏLANDE,1986,ART,Artisanal Fishing,Pêcheries artisanales,4,GILL,Gillnet,Filet maillant,Gillnet,Filet maillant,0,14,25,LOA,Length overall,17,COASTAL
7,"COM    ",COMOROS,COMORES,1986,ART,Artisanal Fishing,Pêcheries artisanales,6,HAND,Hand line,Ligne à main,Line,Lignes,0,3,9,LOA,Length overall,3000,PELAGIC
33,"MDV    ",MALDIVES,MALDIVES,1986,ART,Artisanal Fishing,Pêcheries artisanales,6,HAND,Hand line,Ligne à main,Line,Lignes,0,4,6,LOA,Length overall,33,PELAGIC
43,"SYC    ",SEYCHELLES,SEYCHELLES,1986,ART,Artisanal Fishing,Pêcheries artisanales,6,HAND,Hand line,Ligne à main,Line,Lignes,0,4,6,LOA,Length overall,162,PELAGIC
43,"SYC    ",SEYCHELLES,SEYCHELLES,1986,ART,Artisanal Fishing,Pêcheries artisanales,6,HAND,Hand line,Ligne à main,Line,Lignes,0,5,10,LOA,Length overall,209,PELAGIC
43,"SYC    ",SEYCHELLES,SEYCHELLES,1986,ART,Artisanal Fishing,Pêcheries artisanales,6,HAND,Hand line,Ligne à main,Line,Lignes,0,7,12,LOA,Length overall,53,PELAGIC
43,"SYC    ",SEYCHELLES,SEYCHELLES,1986,ART,Artisanal Fishing,Pêcheries artisanales,6,HAND,Hand line,Ligne à main,Line,Lignes,0,9,26,LOA,Length overall,21,PELAGIC
6,"TWN    ","TAIWAN,CHINA","TAIWAN,CHINE",1986,IND,Industrial Fishing,Pêcheries industrielles,5,LL,Longline,Palangre dérivante au-dessus de 1800 hameçons,Longline,Palangre,0,24,40,LOA,Length overall,33,PELAGIC
6,"TWN    ","TAIWAN,CHINA","TAIWAN,CHINE",1986,IND,Industrial Fishing,Pêcheries industrielles,5,LL,Longline,Palangre dérivante au-dessus de 1800 hameçons,Longline,Palangre,0,40,60,LOA,Length overall,120,PELAGIC
22,"IND    ",INDIA,INDE,1986,IND,Industrial Fishing,Pêcheries industrielles,5,LL,Longline,Palangre dérivante au-dessus de 1800 hameçons,Longline,Palangre,0,40,60,LOA,Length overall,1,PELAGIC
26,"JPN    ",JAPAN,JAPON,1986,IND,Industrial Fishing,Pêcheries industrielles,5,LL,Longline,Palangre dérivante au-dessus de 1800 hameçons,Longline,Palangre,0,24,40,LOA,Length overall,27,PELAGIC
26,"JPN    ",JAPAN,JAPON,1986,IND,Industrial Fishing,Pêcheries industrielles,5,LL,Longline,Palangre dérivante au-dessus de 1800 hameçons,Longline,Palangre,0,40,60,LOA,Length overall,251,PELAGIC
29,"KOR    ",KOREA REP.,CORÉE RÉP.,1986,IND,Industrial Fishing,Pêcheries industrielles,5,LL,Longline,Palangre dérivante au-dessus de 1800 hameçons,Longline,Palangre,0,40,60,LOA,Length overall,66,PELAGIC
34,"MUS    ",MAURITIUS,MAURICE,1986,IND,Industrial Fishing,Pêcheries industrielles,5,LL,Longline,Palangre dérivante au-dessus de 1800 hameçons,Longline,Palangre,0,15,24,LOA,Length overall,2,PELAGIC
34,"MUS    ",MAURITIUS,MAURICE,1986,IND,Industrial Fishing,Pêcheries industrielles,5,LL,Longline,Palangre dérivante au-dessus de 1800 hameçons,Longline,Palangre,0,40,60,LOA,Length overall,1,PELAGIC
45,"SUN    ",SOVIET UNION,UNION SOVIÉTIQUE,1986,IND,Industrial Fishing,Pêcheries industrielles,5,LL,Longline,Palangre dérivante au-dessus de 1800 hameçons,Longline,Palangre,0,24,40,LOA,Length overall,1,PELAGIC
57,"NEIFR  ",NEI.FROZEN,NCA.CONGELÉ,1986,IND,Industrial Fishing,Pêcheries industrielles,5,LL,Longline,Palangre dérivante au-dessus de 1800 hameçons,Longline,Palangre,0,24,40,LOA,Length overall,2,PELAGIC
57,"NEIFR  ",NEI.FROZEN,NCA.CONGELÉ,1986,IND,Industrial Fishing,Pêcheries industrielles,5,LL,Longline,Palangre dérivante au-dessus de 1800 hameçons,Longline,Palangre,0,40,60,LOA,Length overall,8,PELAGIC
22,"IND    ",INDIA,INDE,1986,IND,Industrial Fishing,Pêcheries industrielles,5,LLEX,Exploratory longline,Palangre de prospection,Longline,Palangre,0,40,60,LOA,Length overall,1,PELAGIC
1,"AUS    ",AUSTRALIA,AUSTRALIE,1986,IND,Industrial Fishing,Pêcheries industrielles,1,PS,Purse seine,Senne tournante aux thons,Purse Seine,Senne tournante,0,24,40,LOA,Length overall,4,PELAGIC
1,"AUS    ",AUSTRALIA,AUSTRALIE,1986,IND,Industrial Fishing,Pêcheries industrielles,1,PS,Purse seine,Senne tournante aux thons,Purse Seine,Senne tournante,0,40,60,LOA,Length overall,2,PELAGIC
13,"EUFRA  ",EU.FRANCE,UE.FRANCE,1986,IND,Industrial Fishing,Pêcheries industrielles,1,PS,Purse seine,Senne tournante aux thons,Purse Seine,Senne tournante,0,40,60,LOA,Length overall,9,PELAGIC
13,"EUFRA  ",EU.FRANCE,UE.FRANCE,1986,IND,Industrial Fishing,Pêcheries industrielles,1,PS,Purse seine,Senne tournante aux thons,Purse Seine,Senne tournante,0,60,80,LOA,Length overall,13,PELAGIC
19,"EUESP  ",EU.SPAIN,UE.ESPAGNE,1986,IND,Industrial Fishing,Pêcheries industrielles,1,PS,Purse seine,Senne tournante aux thons,Purse Seine,Senne tournante,0,60,80,LOA,Length overall,11,PELAGIC
19,"EUESP  ",EU.SPAIN,UE.ESPAGNE,1986,IND,Industrial Fishing,Pêcheries industrielles,1,PS,Purse seine,Senne tournante aux thons,Purse Seine,Senne tournante,0,80,100,LOA,Length overall,1,PELAGIC
26,"JPN    ",JAPAN,JAPON,1986,IND,Industrial Fishing,Pêcheries industrielles,1,PS,Purse seine,Senne tournante aux thons,Purse Seine,Senne tournante,0,40,60,LOA,Length overall,1,PELAGIC
34,"MUS    ",MAURITIUS,MAURICE,1986,IND,Industrial Fishing,Pêcheries industrielles,1,PS,Purse seine,Senne tournante aux thons,Purse Seine,Senne tournante,0,40,60,LOA,Length overall,1,PELAGIC
45,"SUN    ",SOVIET UNION,UNION SOVIÉTIQUE,1986,IND,Industrial Fishing,Pêcheries industrielles,1,PS,Purse seine,Senne tournante aux thons,Purse Seine,Senne tournante,0,80,100,LOA,Length overall,9,PELAGIC
58,"NEIPS  ",NEI.OTHER,NCA.AUTRE,1986,IND,Industrial Fishing,Pêcheries industrielles,1,PS,Purse seine,Senne tournante aux thons,Purse Seine,Senne tournante,0,60,80,LOA,Length overall,4,PELAGIC
32,"MYS    ",MALAYSIA,MALAISIE,1986,ART,Artisanal Fishing,Pêcheries artisanales,1,PSS,Small purse seine,Senneur côtier,Purse Seine,Senne tournante,0,10,70,GRT,Gross Registered Tonnage,329,COASTAL
49,"THA    ",THAILAND,THAÏLANDE,1986,ART,Artisanal Fishing,Pêcheries artisanales,1,PSS,Small purse seine,Senneur côtier,Purse Seine,Senne tournante,0,1,14,LOA,Length overall,6,"ALL    "
49,"THA    ",THAILAND,THAÏLANDE,1986,ART,Artisanal Fishing,Pêcheries artisanales,1,PSS,Small purse seine,Senneur côtier,Purse Seine,Senne tournante,0,14,25,LOA,Length overall,163,"ALL    "
32,"MYS    ",MALAYSIA,MALAISIE,1986,ART,Artisanal Fishing,Pêcheries artisanales,9,TRAW,Trawl,Chaluts,Other,Autres,0,10,70,GRT,Gross Registered Tonnage,3672,COASTAL
32,"MYS    ",MALAYSIA,MALAISIE,1986,ART,Artisanal Fishing,Pêcheries artisanales,6,TROL,Troll line,Ligne de traîne,Line,Lignes,0,1,10,GRT,Gross Registered Tonnage,669,COASTAL
33,"MDV    ",MALDIVES,MALDIVES,1986,ART,Artisanal Fishing,Pêcheries artisanales,6,TROL,Troll line,Ligne de traîne,Line,Lignes,0,5,10,LOA,Length overall,753,PELAGIC
43,"SYC    ",SEYCHELLES,SEYCHELLES,1986,ART,Artisanal Fishing,Pêcheries artisanales,6,TROL,Troll line,Ligne de traîne,Line,Lignes,0,7,12,LOA,Length overall,5,PELAGIC
41,"SAU    ",SAUDI ARABIA,ARABIE SAOUDITE,1986,ART,Artisanal Fishing,Pêcheries artisanales,9,UNCL,Unclassified,Non classé,Other,Autres,1,5,25,LOA,Length overall,4697,COASTAL
46,"LKA    ",SRI LANKA,SRI LANKA,1986,ART,Artisanal Fishing,Pêcheries artisanales,9,UNCL,Unclassified,Non classé,Other,Autres,1,1,8,LOA,Length overall,22814,"ALL    "
46,"LKA    ",SRI LANKA,SRI LANKA,1986,ART,Artisanal Fishing,Pêcheries artisanales,9,UNCL,Unclassified,Non classé,Other,Autres,1,8,9,LOA,Length overall,2411,"ALL    "
54,"YEM    ",YEMEN,YÉMEN,1986,ART,Artisanal Fishing,Pêcheries artisanales,9,UNCL,Unclassified,Non classé,Other,Autres,1,NULL,NULL,UNCL,Unclassified,2093,COASTAL
1,"AUS    ",AUSTRALIA,AUSTRALIE,1987,IND,Industrial Fishing,Pêcheries industrielles,3,BB,Baitboat,Canne,Baitboat,Canne,0,5,25,LOA,Length overall,46,PELAGIC
33,"MDV    ",MALDIVES,MALDIVES,1987,ART,Artisanal Fishing,Pêcheries artisanales,3,BB,Baitboat,Canne,Baitboat,Canne,0,10,15,LOA,Length overall,1065,PELAGIC
1,"AUS    ",AUSTRALIA,AUSTRALIE,1987,IND,Industrial Fishing,Pêcheries industrielles,5,ELL,Longline targeting swordfish,Palangre à espadon,Longline,Palangre,0,15,24,LOA,Length overall,2,PELAGIC
1,"AUS    ",AUSTRALIA,AUSTRALIE,1987,IND,Industrial Fishing,Pêcheries industrielles,5,ELL,Longline targeting swordfish,Palangre à espadon,Longline,Palangre,0,24,40,LOA,Length overall,1,PELAGIC
23,"IDN    ",INDONESIA,INDONÉSIE,1987,IND,Industrial Fishing,Pêcheries industrielles,5,FLL,Longline Fresh,Palangre Frais,Longline,Palangre,0,0,15,LOA,Length overall,2,PELAGIC
23,"IDN    ",INDONESIA,INDONÉSIE,1987,IND,Industrial Fishing,Pêcheries industrielles,5,FLL,Longline Fresh,Palangre Frais,Longline,Palangre,0,15,24,LOA,Length overall,37,PELAGIC
23,"IDN    ",INDONESIA,INDONÉSIE,1987,IND,Industrial Fishing,Pêcheries industrielles,5,FLL,Longline Fresh,Palangre Frais,Longline,Palangre,0,24,40,LOA,Length overall,7,PELAGIC
46,"LKA    ",SRI LANKA,SRI LANKA,1987,ART,Artisanal Fishing,Pêcheries artisanales,4,G/L,Gillnet and Longline combination,Filet maillant et Palangre,Gillnet,Filet maillant,1,9,18,LOA,Length overall,1242,PELAGIC
37,"OMN    ",OMAN,OMAN,1987,ART,Artisanal Fishing,Pêcheries artisanales,4,GIHA,Gillnet and hand line,Filet maillant et Ligne à main,Gillnet,Filet maillant,1,1,10,LOA,Length overall,6988,COASTAL
3,"BGD    ",BANGLADESH,BANGLADESH,1987,ART,Artisanal Fishing,Pêcheries artisanales,4,GILL,Gillnet,Filet maillant,Gillnet,Filet maillant,0,10,15,LOA,Length overall,2417,COASTAL
6,"TWN    ","TAIWAN,CHINA","TAIWAN,CHINE",1987,IND,Industrial Fishing,Pêcheries industrielles,4,GILL,Gillnet,Filet maillant,Gillnet,Filet maillant,0,200,500,GRT,Gross Registered Tonnage,49,NULL
6,"TWN    ","TAIWAN,CHINA","TAIWAN,CHINE",1987,IND,Industrial Fishing,Pêcheries industrielles,4,GILL,Gillnet,Filet maillant,Gillnet,Filet maillant,0,500,1000,GRT,Gross Registered Tonnage,14,NULL
24,"IRN    ",IRAN ISLAMIC REP.,IRAN RÉP. ISLAMIQUE,1987,ART,Artisanal Fishing,Pêcheries artisanales,4,GILL,Gillnet,Filet maillant,Gillnet,Filet maillant,0,3,20,GRT,Gross Registered Tonnage,1190,"ALL    "
24,"IRN    ",IRAN ISLAMIC REP.,IRAN RÉP. ISLAMIQUE,1987,ART,Artisanal Fishing,Pêcheries artisanales,4,GILL,Gillnet,Filet maillant,Gillnet,Filet maillant,0,21,50,GRT,Gross Registered Tonnage,606,"ALL    "
24,"IRN    ",IRAN ISLAMIC REP.,IRAN RÉP. ISLAMIQUE,1987,ART,Artisanal Fishing,Pêcheries artisanales,4,GILL,Gillnet,Filet maillant,Gillnet,Filet maillant,0,51,100,GRT,Gross Registered Tonnage,367,"ALL    "
32,"MYS    ",MALAYSIA,MALAISIE,1987,ART,Artisanal Fishing,Pêcheries artisanales,4,GILL,Gillnet,Filet maillant,Gillnet,Filet maillant,0,1,10,GRT,Gross Registered Tonnage,8402,COASTAL
37,"OMN    ",OMAN,OMAN,1987,ART,Artisanal Fishing,Pêcheries artisanales,4,GILL,Gillnet,Filet maillant,Gillnet,Filet maillant,0,10,24,LOA,Length overall,446,COASTAL
38,"PAK    ",PAKISTAN,PAKISTAN,1987,ART,Artisanal Fishing,Pêcheries artisanales,4,GILL,Gillnet,Filet maillant,Gillnet,Filet maillant,0,35,50,GRT,Gross Registered Tonnage,500,"ALL    "
49,"THA    ",THAILAND,THAÏLANDE,1987,ART,Artisanal Fishing,Pêcheries artisanales,4,GILL,Gillnet,Filet maillant,Gillnet,Filet maillant,0,1,14,LOA,Length overall,12,COASTAL
49,"THA    ",THAILAND,THAÏLANDE,1987,ART,Artisanal Fishing,Pêcheries artisanales,4,GILL,Gillnet,Filet maillant,Gillnet,Filet maillant,0,14,25,LOA,Length overall,10,COASTAL
7,"COM    ",COMOROS,COMORES,1987,ART,Artisanal Fishing,Pêcheries artisanales,6,HAND,Hand line,Ligne à main,Line,Lignes,0,3,9,LOA,Length overall,3000,PELAGIC
33,"MDV    ",MALDIVES,MALDIVES,1987,ART,Artisanal Fishing,Pêcheries artisanales,6,HAND,Hand line,Ligne à main,Line,Lignes,0,4,6,LOA,Length overall,28,PELAGIC
43,"SYC    ",SEYCHELLES,SEYCHELLES,1987,ART,Artisanal Fishing,Pêcheries artisanales,6,HAND,Hand line,Ligne à main,Line,Lignes,0,4,6,LOA,Length overall,148,PELAGIC
43,"SYC    ",SEYCHELLES,SEYCHELLES,1987,ART,Artisanal Fishing,Pêcheries artisanales,6,HAND,Hand line,Ligne à main,Line,Lignes,0,5,10,LOA,Length overall,182,PELAGIC
43,"SYC    ",SEYCHELLES,SEYCHELLES,1987,ART,Artisanal Fishing,Pêcheries artisanales,6,HAND,Hand line,Ligne à main,Line,Lignes,0,7,12,LOA,Length overall,60,PELAGIC
43,"SYC    ",SEYCHELLES,SEYCHELLES,1987,ART,Artisanal Fishing,Pêcheries artisanales,6,HAND,Hand line,Ligne à main,Line,Lignes,0,9,26,LOA,Length overall,24,PELAGIC
6,"TWN    ","TAIWAN,CHINA","TAIWAN,CHINE",1987,IND,Industrial Fishing,Pêcheries industrielles,5,LL,Longline,Palangre dérivante au-dessus de 1800 hameçons,Longline,Palangre,0,24,40,LOA,Length overall,27,PELAGIC
6,"TWN    ","TAIWAN,CHINA","TAIWAN,CHINE",1987,IND,Industrial Fishing,Pêcheries industrielles,5,LL,Longline,Palangre dérivante au-dessus de 1800 hameçons,Longline,Palangre,0,40,60,LOA,Length overall,141,PELAGIC
22,"IND    ",INDIA,INDE,1987,IND,Industrial Fishing,Pêcheries industrielles,5,LL,Longline,Palangre dérivante au-dessus de 1800 hameçons,Longline,Palangre,0,40,60,LOA,Length overall,1,PELAGIC
26,"JPN    ",JAPAN,JAPON,1987,IND,Industrial Fishing,Pêcheries industrielles,5,LL,Longline,Palangre dérivante au-dessus de 1800 hameçons,Longline,Palangre,0,24,40,LOA,Length overall,21,PELAGIC
26,"JPN    ",JAPAN,JAPON,1987,IND,Industrial Fishing,Pêcheries industrielles,5,LL,Longline,Palangre dérivante au-dessus de 1800 hameçons,Longline,Palangre,0,40,60,LOA,Length overall,221,PELAGIC
29,"KOR    ",KOREA REP.,CORÉE RÉP.,1987,IND,Industrial Fishing,Pêcheries industrielles,5,LL,Longline,Palangre dérivante au-dessus de 1800 hameçons,Longline,Palangre,0,40,60,LOA,Length overall,81,PELAGIC
34,"MUS    ",MAURITIUS,MAURICE,1987,IND,Industrial Fishing,Pêcheries industrielles,5,LL,Longline,Palangre dérivante au-dessus de 1800 hameçons,Longline,Palangre,0,15,24,LOA,Length overall,2,PELAGIC
34,"MUS    ",MAURITIUS,MAURICE,1987,IND,Industrial Fishing,Pêcheries industrielles,5,LL,Longline,Palangre dérivante au-dessus de 1800 hameçons,Longline,Palangre,0,40,60,LOA,Length overall,1,PELAGIC
45,"SUN    ",SOVIET UNION,UNION SOVIÉTIQUE,1987,IND,Industrial Fishing,Pêcheries industrielles,5,LL,Longline,Palangre dérivante au-dessus de 1800 hameçons,Longline,Palangre,0,24,40,LOA,Length overall,2,PELAGIC
57,"NEIFR  ",NEI.FROZEN,NCA.CONGELÉ,1987,IND,Industrial Fishing,Pêcheries industrielles,5,LL,Longline,Palangre dérivante au-dessus de 1800 hameçons,Longline,Palangre,0,24,40,LOA,Length overall,1,PELAGIC
57,"NEIFR  ",NEI.FROZEN,NCA.CONGELÉ,1987,IND,Industrial Fishing,Pêcheries industrielles,5,LL,Longline,Palangre dérivante au-dessus de 1800 hameçons,Longline,Palangre,0,40,60,LOA,Length overall,8,PELAGIC
22,"IND    ",INDIA,INDE,1987,IND,Industrial Fishing,Pêcheries industrielles,5,LLEX,Exploratory longline,Palangre de prospection,Longline,Palangre,0,40,60,LOA,Length overall,1,PELAGIC
1,"AUS    ",AUSTRALIA,AUSTRALIE,1987,IND,Industrial Fishing,Pêcheries industrielles,1,PS,Purse seine,Senne tournante aux thons,Purse Seine,Senne tournante,0,24,40,LOA,Length overall,4,PELAGIC
1,"AUS    ",AUSTRALIA,AUSTRALIE,1987,IND,Industrial Fishing,Pêcheries industrielles,1,PS,Purse seine,Senne tournante aux thons,Purse Seine,Senne tournante,0,40,60,LOA,Length overall,2,PELAGIC
13,"EUFRA  ",EU.FRANCE,UE.FRANCE,1987,IND,Industrial Fishing,Pêcheries industrielles,1,PS,Purse seine,Senne tournante aux thons,Purse Seine,Senne tournante,0,24,40,LOA,Length overall,1,PELAGIC
13,"EUFRA  ",EU.FRANCE,UE.FRANCE,1987,IND,Industrial Fishing,Pêcheries industrielles,1,PS,Purse seine,Senne tournante aux thons,Purse Seine,Senne tournante,0,40,60,LOA,Length overall,6,PELAGIC
13,"EUFRA  ",EU.FRANCE,UE.FRANCE,1987,IND,Industrial Fishing,Pêcheries industrielles,1,PS,Purse seine,Senne tournante aux thons,Purse Seine,Senne tournante,0,60,80,LOA,Length overall,14,PELAGIC
19,"EUESP  ",EU.SPAIN,UE.ESPAGNE,1987,IND,Industrial Fishing,Pêcheries industrielles,1,PS,Purse seine,Senne tournante aux thons,Purse Seine,Senne tournante,0,60,80,LOA,Length overall,12,PELAGIC
19,"EUESP  ",EU.SPAIN,UE.ESPAGNE,1987,IND,Industrial Fishing,Pêcheries industrielles,1,PS,Purse seine,Senne tournante aux thons,Purse Seine,Senne tournante,0,80,100,LOA,Length overall,2,PELAGIC
26,"JPN    ",JAPAN,JAPON,1987,IND,Industrial Fishing,Pêcheries industrielles,1,PS,Purse seine,Senne tournante aux thons,Purse Seine,Senne tournante,0,40,60,LOA,Length overall,1,PELAGIC
34,"MUS    ",MAURITIUS,MAURICE,1987,IND,Industrial Fishing,Pêcheries industrielles,1,PS,Purse seine,Senne tournante aux thons,Purse Seine,Senne tournante,0,60,80,LOA,Length overall,1,PELAGIC
45,"SUN    ",SOVIET UNION,UNION SOVIÉTIQUE,1987,IND,Industrial Fishing,Pêcheries industrielles,1,PS,Purse seine,Senne tournante aux thons,Purse Seine,Senne tournante,0,80,100,LOA,Length overall,8,PELAGIC
58,"NEIPS  ",NEI.OTHER,NCA.AUTRE,1987,IND,Industrial Fishing,Pêcheries industrielles,1,PS,Purse seine,Senne tournante aux thons,Purse Seine,Senne tournante,0,60,80,LOA,Length overall,2,PELAGIC
32,"MYS    ",MALAYSIA,MALAISIE,1987,ART,Artisanal Fishing,Pêcheries artisanales,1,PSS,Small purse seine,Senneur côtier,Purse Seine,Senne tournante,0,10,70,GRT,Gross Registered Tonnage,320,COASTAL
49,"THA    ",THAILAND,THAÏLANDE,1987,ART,Artisanal Fishing,Pêcheries artisanales,1,PSS,Small purse seine,Senneur côtier,Purse Seine,Senne tournante,0,1,14,LOA,Length overall,5,"ALL    "
49,"THA    ",THAILAND,THAÏLANDE,1987,ART,Artisanal Fishing,Pêcheries artisanales,1,PSS,Small purse seine,Senneur côtier,Purse Seine,Senne tournante,0,14,25,LOA,Length overall,219,"ALL    "
32,"MYS    ",MALAYSIA,MALAISIE,1987,ART,Artisanal Fishing,Pêcheries artisanales,9,TRAW,Trawl,Chaluts,Other,Autres,0,10,70,GRT,Gross Registered Tonnage,5211,COASTAL
32,"MYS    ",MALAYSIA,MALAISIE,1987,ART,Artisanal Fishing,Pêcheries artisanales,6,TROL,Troll line,Ligne de traîne,Line,Lignes,0,1,10,GRT,Gross Registered Tonnage,765,COASTAL
33,"MDV    ",MALDIVES,MALDIVES,1987,ART,Artisanal Fishing,Pêcheries artisanales,6,TROL,Troll line,Ligne de traîne,Line,Lignes,0,5,10,LOA,Length overall,655,PELAGIC
43,"SYC    ",SEYCHELLES,SEYCHELLES,1987,ART,Artisanal Fishing,Pêcheries artisanales,6,TROL,Troll line,Ligne de traîne,Line,Lignes,0,7,12,LOA,Length overall,5,PELAGIC
41,"SAU    ",SAUDI ARABIA,ARABIE SAOUDITE,1987,ART,Artisanal Fishing,Pêcheries artisanales,9,UNCL,Unclassified,Non classé,Other,Autres,1,5,25,LOA,Length overall,4697,COASTAL
46,"LKA    ",SRI LANKA,SRI LANKA,1987,ART,Artisanal Fishing,Pêcheries artisanales,9,UNCL,Unclassified,Non classé,Other,Autres,1,1,8,LOA,Length overall,23452,"ALL    "
46,"LKA    ",SRI LANKA,SRI LANKA,1987,ART,Artisanal Fishing,Pêcheries artisanales,9,UNCL,Unclassified,Non classé,Other,Autres,1,8,9,LOA,Length overall,2371,"ALL    "
1,"AUS    ",AUSTRALIA,AUSTRALIE,1988,IND,Industrial Fishing,Pêcheries industrielles,3,BB,Baitboat,Canne,Baitboat,Canne,0,5,25,LOA,Length overall,11,PELAGIC
33,"MDV    ",MALDIVES,MALDIVES,1988,ART,Artisanal Fishing,Pêcheries artisanales,3,BB,Baitboat,Canne,Baitboat,Canne,0,10,15,LOA,Length overall,1112,PELAGIC
1,"AUS    ",AUSTRALIA,AUSTRALIE,1988,IND,Industrial Fishing,Pêcheries industrielles,3,BBPS,Baitboat and purse seine,Canne et senne tournante,Baitboat,Canne,1,20,50,LOA,Length overall,14,PELAGIC
1,"AUS    ",AUSTRALIA,AUSTRALIE,1988,IND,Industrial Fishing,Pêcheries industrielles,5,ELL,Longline targeting swordfish,Palangre à espadon,Longline,Palangre,0,15,24,LOA,Length overall,2,PELAGIC
1,"AUS    ",AUSTRALIA,AUSTRALIE,1988,IND,Industrial Fishing,Pêcheries industrielles,5,ELL,Longline targeting swordfish,Palangre à espadon,Longline,Palangre,0,24,40,LOA,Length overall,1,PELAGIC
6,"TWN    ","TAIWAN,CHINA","TAIWAN,CHINE",1988,IND,Industrial Fishing,Pêcheries industrielles,5,FLL,Longline Fresh,Palangre Frais,Longline,Palangre,0,15,24,LOA,Length overall,46,PELAGIC
6,"TWN    ","TAIWAN,CHINA","TAIWAN,CHINE",1988,IND,Industrial Fishing,Pêcheries industrielles,5,FLL,Longline Fresh,Palangre Frais,Longline,Palangre,0,24,40,LOA,Length overall,24,PELAGIC
23,"IDN    ",INDONESIA,INDONÉSIE,1988,IND,Industrial Fishing,Pêcheries industrielles,5,FLL,Longline Fresh,Palangre Frais,Longline,Palangre,0,0,15,LOA,Length overall,4,PELAGIC
23,"IDN    ",INDONESIA,INDONÉSIE,1988,IND,Industrial Fishing,Pêcheries industrielles,5,FLL,Longline Fresh,Palangre Frais,Longline,Palangre,0,15,24,LOA,Length overall,57,PELAGIC
23,"IDN    ",INDONESIA,INDONÉSIE,1988,IND,Industrial Fishing,Pêcheries industrielles,5,FLL,Longline Fresh,Palangre Frais,Longline,Palangre,0,24,40,LOA,Length overall,10,PELAGIC
55,"NEICE  ",NEI.FRESH,NCA.FRAIS,1988,IND,Industrial Fishing,Pêcheries industrielles,5,FLL,Longline Fresh,Palangre Frais,Longline,Palangre,0,15,24,LOA,Length overall,1,PELAGIC
46,"LKA    ",SRI LANKA,SRI LANKA,1988,ART,Artisanal Fishing,Pêcheries artisanales,4,G/L,Gillnet and Longline combination,Filet maillant et Palangre,Gillnet,Filet maillant,1,9,18,LOA,Length overall,1196,PELAGIC
37,"OMN    ",OMAN,OMAN,1988,ART,Artisanal Fishing,Pêcheries artisanales,4,GIHA,Gillnet and hand line,Filet maillant et Ligne à main,Gillnet,Filet maillant,1,1,10,LOA,Length overall,8249,COASTAL
2,"BHR    ",BAHRAIN,BAHREÏN,1988,ART,Artisanal Fishing,Pêcheries artisanales,4,GILL,Gillnet,Filet maillant,Gillnet,Filet maillant,0,4,20,LOA,Length overall,120,COASTAL
3,"BGD    ",BANGLADESH,BANGLADESH,1988,ART,Artisanal Fishing,Pêcheries artisanales,4,GILL,Gillnet,Filet maillant,Gillnet,Filet maillant,0,10,15,LOA,Length overall,3200,COASTAL
6,"TWN    ","TAIWAN,CHINA","TAIWAN,CHINE",1988,IND,Industrial Fishing,Pêcheries industrielles,4,GILL,Gillnet,Filet maillant,Gillnet,Filet maillant,0,100,200,GRT,Gross Registered Tonnage,2,NULL
6,"TWN    ","TAIWAN,CHINA","TAIWAN,CHINE",1988,IND,Industrial Fishing,Pêcheries industrielles,4,GILL,Gillnet,Filet maillant,Gillnet,Filet maillant,0,200,500,GRT,Gross Registered Tonnage,85,NULL
6,"TWN    ","TAIWAN,CHINA","TAIWAN,CHINE",1988,IND,Industrial Fishing,Pêcheries industrielles,4,GILL,Gillnet,Filet maillant,Gillnet,Filet maillant,0,500,1000,GRT,Gross Registered Tonnage,52,NULL
24,"IRN    ",IRAN ISLAMIC REP.,IRAN RÉP. ISLAMIQUE,1988,ART,Artisanal Fishing,Pêcheries artisanales,4,GILL,Gillnet,Filet maillant,Gillnet,Filet maillant,0,3,20,GRT,Gross Registered Tonnage,1428,"ALL    "
24,"IRN    ",IRAN ISLAMIC REP.,IRAN RÉP. ISLAMIQUE,1988,ART,Artisanal Fishing,Pêcheries artisanales,4,GILL,Gillnet,Filet maillant,Gillnet,Filet maillant,0,21,50,GRT,Gross Registered Tonnage,727,"ALL    "
24,"IRN    ",IRAN ISLAMIC REP.,IRAN RÉP. ISLAMIQUE,1988,ART,Artisanal Fishing,Pêcheries artisanales,4,GILL,Gillnet,Filet maillant,Gillnet,Filet maillant,0,51,100,GRT,Gross Registered Tonnage,441,"ALL    "
32,"MYS    ",MALAYSIA,MALAISIE,1988,ART,Artisanal Fishing,Pêcheries artisanales,4,GILL,Gillnet,Filet maillant,Gillnet,Filet maillant,0,1,10,GRT,Gross Registered Tonnage,8660,COASTAL
37,"OMN    ",OMAN,OMAN,1988,ART,Artisanal Fishing,Pêcheries artisanales,4,GILL,Gillnet,Filet maillant,Gillnet,Filet maillant,0,10,24,LOA,Length overall,527,COASTAL
38,"PAK    ",PAKISTAN,PAKISTAN,1988,ART,Artisanal Fishing,Pêcheries artisanales,4,GILL,Gillnet,Filet maillant,Gillnet,Filet maillant,0,35,50,GRT,Gross Registered Tonnage,568,"ALL    "
49,"THA    ",THAILAND,THAÏLANDE,1988,ART,Artisanal Fishing,Pêcheries artisanales,4,GILL,Gillnet,Filet maillant,Gillnet,Filet maillant,0,1,14,LOA,Length overall,36,COASTAL
49,"THA    ",THAILAND,THAÏLANDE,1988,ART,Artisanal Fishing,Pêcheries artisanales,4,GILL,Gillnet,Filet maillant,Gillnet,Filet maillant,0,14,25,LOA,Length overall,24,COASTAL
7,"COM    ",COMOROS,COMORES,1988,ART,Artisanal Fishing,Pêcheries artisanales,6,HAND,Hand line,Ligne à main,Line,Lignes,0,3,9,LOA,Length overall,3035,PELAGIC
33,"MDV    ",MALDIVES,MALDIVES,1988,ART,Artisanal Fishing,Pêcheries artisanales,6,HAND,Hand line,Ligne à main,Line,Lignes,0,4,6,LOA,Length overall,34,PELAGIC
43,"SYC    ",SEYCHELLES,SEYCHELLES,1988,ART,Artisanal Fishing,Pêcheries artisanales,6,HAND,Hand line,Ligne à main,Line,Lignes,0,4,6,LOA,Length overall,135,PELAGIC
43,"SYC    ",SEYCHELLES,SEYCHELLES,1988,ART,Artisanal Fishing,Pêcheries artisanales,6,HAND,Hand line,Ligne à main,Line,Lignes,0,5,10,LOA,Length overall,180,PELAGIC
43,"SYC    ",SEYCHELLES,SEYCHELLES,1988,ART,Artisanal Fishing,Pêcheries artisanales,6,HAND,Hand line,Ligne à main,Line,Lignes,0,7,12,LOA,Length overall,70,PELAGIC
43,"SYC    ",SEYCHELLES,SEYCHELLES,1988,ART,Artisanal Fishing,Pêcheries artisanales,6,HAND,Hand line,Ligne à main,Line,Lignes,0,9,26,LOA,Length overall,21,PELAGIC
6,"TWN    ","TAIWAN,CHINA","TAIWAN,CHINE",1988,IND,Industrial Fishing,Pêcheries industrielles,5,LL,Longline,Palangre dérivante au-dessus de 1800 hameçons,Longline,Palangre,0,24,40,LOA,Length overall,26,PELAGIC
6,"TWN    ","TAIWAN,CHINA","TAIWAN,CHINE",1988,IND,Industrial Fishing,Pêcheries industrielles,5,LL,Longline,Palangre dérivante au-dessus de 1800 hameçons,Longline,Palangre,0,40,60,LOA,Length overall,161,PELAGIC
22,"IND    ",INDIA,INDE,1988,IND,Industrial Fishing,Pêcheries industrielles,5,LL,Longline,Palangre dérivante au-dessus de 1800 hameçons,Longline,Palangre,0,40,60,LOA,Length overall,1,PELAGIC
26,"JPN    ",JAPAN,JAPON,1988,IND,Industrial Fishing,Pêcheries industrielles,5,LL,Longline,Palangre dérivante au-dessus de 1800 hameçons,Longline,Palangre,0,24,40,LOA,Length overall,17,PELAGIC
26,"JPN    ",JAPAN,JAPON,1988,IND,Industrial Fishing,Pêcheries industrielles,5,LL,Longline,Palangre dérivante au-dessus de 1800 hameçons,Longline,Palangre,0,40,60,LOA,Length overall,203,PELAGIC
29,"KOR    ",KOREA REP.,CORÉE RÉP.,1988,IND,Industrial Fishing,Pêcheries industrielles,5,LL,Longline,Palangre dérivante au-dessus de 1800 hameçons,Longline,Palangre,0,40,60,LOA,Length overall,112,PELAGIC
34,"MUS    ",MAURITIUS,MAURICE,1988,IND,Industrial Fishing,Pêcheries industrielles,5,LL,Longline,Palangre dérivante au-dessus de 1800 hameçons,Longline,Palangre,0,15,24,LOA,Length overall,2,PELAGIC
34,"MUS    ",MAURITIUS,MAURICE,1988,IND,Industrial Fishing,Pêcheries industrielles,5,LL,Longline,Palangre dérivante au-dessus de 1800 hameçons,Longline,Palangre,0,24,40,LOA,Length overall,1,PELAGIC
34,"MUS    ",MAURITIUS,MAURICE,1988,IND,Industrial Fishing,Pêcheries industrielles,5,LL,Longline,Palangre dérivante au-dessus de 1800 hameçons,Longline,Palangre,0,40,60,LOA,Length overall,2,PELAGIC
45,"SUN    ",SOVIET UNION,UNION SOVIÉTIQUE,1988,IND,Industrial Fishing,Pêcheries industrielles,5,LL,Longline,Palangre dérivante au-dessus de 1800 hameçons,Longline,Palangre,0,24,40,LOA,Length overall,1,PELAGIC
57,"NEIFR  ",NEI.FROZEN,NCA.CONGELÉ,1988,IND,Industrial Fishing,Pêcheries industrielles,5,LL,Longline,Palangre dérivante au-dessus de 1800 hameçons,Longline,Palangre,0,24,40,LOA,Length overall,5,PELAGIC
57,"NEIFR  ",NEI.FROZEN,NCA.CONGELÉ,1988,IND,Industrial Fishing,Pêcheries industrielles,5,LL,Longline,Palangre dérivante au-dessus de 1800 hameçons,Longline,Palangre,0,40,60,LOA,Length overall,28,PELAGIC
22,"IND    ",INDIA,INDE,1988,IND,Industrial Fishing,Pêcheries industrielles,5,LLEX,Exploratory longline,Palangre de prospection,Longline,Palangre,0,40,60,LOA,Length overall,1,PELAGIC
1,"AUS    ",AUSTRALIA,AUSTRALIE,1988,IND,Industrial Fishing,Pêcheries industrielles,1,PS,Purse seine,Senne tournante aux thons,Purse Seine,Senne tournante,0,24,40,LOA,Length overall,3,PELAGIC
1,"AUS    ",AUSTRALIA,AUSTRALIE,1988,IND,Industrial Fishing,Pêcheries industrielles,1,PS,Purse seine,Senne tournante aux thons,Purse Seine,Senne tournante,0,40,60,LOA,Length overall,1,PELAGIC
13,"EUFRA  ",EU.FRANCE,UE.FRANCE,1988,IND,Industrial Fishing,Pêcheries industrielles,1,PS,Purse seine,Senne tournante aux thons,Purse Seine,Senne tournante,0,24,40,LOA,Length overall,1,PELAGIC
13,"EUFRA  ",EU.FRANCE,UE.FRANCE,1988,IND,Industrial Fishing,Pêcheries industrielles,1,PS,Purse seine,Senne tournante aux thons,Purse Seine,Senne tournante,0,40,60,LOA,Length overall,6,PELAGIC
13,"EUFRA  ",EU.FRANCE,UE.FRANCE,1988,IND,Industrial Fishing,Pêcheries industrielles,1,PS,Purse seine,Senne tournante aux thons,Purse Seine,Senne tournante,0,60,80,LOA,Length overall,14,PELAGIC
19,"EUESP  ",EU.SPAIN,UE.ESPAGNE,1988,IND,Industrial Fishing,Pêcheries industrielles,1,PS,Purse seine,Senne tournante aux thons,Purse Seine,Senne tournante,0,60,80,LOA,Length overall,16,PELAGIC
19,"EUESP  ",EU.SPAIN,UE.ESPAGNE,1988,IND,Industrial Fishing,Pêcheries industrielles,1,PS,Purse seine,Senne tournante aux thons,Purse Seine,Senne tournante,0,80,100,LOA,Length overall,2,PELAGIC
26,"JPN    ",JAPAN,JAPON,1988,IND,Industrial Fishing,Pêcheries industrielles,1,PS,Purse seine,Senne tournante aux thons,Purse Seine,Senne tournante,0,40,60,LOA,Length overall,1,PELAGIC
34,"MUS    ",MAURITIUS,MAURICE,1988,IND,Industrial Fishing,Pêcheries industrielles,1,PS,Purse seine,Senne tournante aux thons,Purse Seine,Senne tournante,0,60,80,LOA,Length overall,1,PELAGIC
45,"SUN    ",SOVIET UNION,UNION SOVIÉTIQUE,1988,IND,Industrial Fishing,Pêcheries industrielles,1,PS,Purse seine,Senne tournante aux thons,Purse Seine,Senne tournante,0,80,100,LOA,Length overall,5,PELAGIC
58,"NEIPS  ",NEI.OTHER,NCA.AUTRE,1988,IND,Industrial Fishing,Pêcheries industrielles,1,PS,Purse seine,Senne tournante aux thons,Purse Seine,Senne tournante,0,60,80,LOA,Length overall,3,PELAGIC
32,"MYS    ",MALAYSIA,MALAISIE,1988,ART,Artisanal Fishing,Pêcheries artisanales,1,PSS,Small purse seine,Senneur côtier,Purse Seine,Senne tournante,0,10,70,GRT,Gross Registered Tonnage,318,COASTAL
49,"THA    ",THAILAND,THAÏLANDE,1988,ART,Artisanal Fishing,Pêcheries artisanales,1,PSS,Small purse seine,Senneur côtier,Purse Seine,Senne tournante,0,1,14,LOA,Length overall,7,"ALL    "
49,"THA    ",THAILAND,THAÏLANDE,1988,ART,Artisanal Fishing,Pêcheries artisanales,1,PSS,Small purse seine,Senneur côtier,Purse Seine,Senne tournante,0,14,25,LOA,Length overall,266,"ALL    "
32,"MYS    ",MALAYSIA,MALAISIE,1988,ART,Artisanal Fishing,Pêcheries artisanales,9,TRAW,Trawl,Chaluts,Other,Autres,0,10,70,GRT,Gross Registered Tonnage,5243,COASTAL
32,"MYS    ",MALAYSIA,MALAISIE,1988,ART,Artisanal Fishing,Pêcheries artisanales,6,TROL,Troll line,Ligne de traîne,Line,Lignes,0,1,10,GRT,Gross Registered Tonnage,606,COASTAL
33,"MDV    ",MALDIVES,MALDIVES,1988,ART,Artisanal Fishing,Pêcheries artisanales,6,TROL,Troll line,Ligne de traîne,Line,Lignes,0,5,10,LOA,Length overall,505,PELAGIC
43,"SYC    ",SEYCHELLES,SEYCHELLES,1988,ART,Artisanal Fishing,Pêcheries artisanales,6,TROL,Troll line,Ligne de traîne,Line,Lignes,0,7,12,LOA,Length overall,4,PELAGIC
41,"SAU    ",SAUDI ARABIA,ARABIE SAOUDITE,1988,ART,Artisanal Fishing,Pêcheries artisanales,9,UNCL,Unclassified,Non classé,Other,Autres,1,5,25,LOA,Length overall,4246,COASTAL
46,"LKA    ",SRI LANKA,SRI LANKA,1988,ART,Artisanal Fishing,Pêcheries artisanales,9,UNCL,Unclassified,Non classé,Other,Autres,1,1,8,LOA,Length overall,23747,"ALL    "
46,"LKA    ",SRI LANKA,SRI LANKA,1988,ART,Artisanal Fishing,Pêcheries artisanales,9,UNCL,Unclassified,Non classé,Other,Autres,1,8,9,LOA,Length overall,2325,"ALL    "
33,"MDV    ",MALDIVES,MALDIVES,1989,ART,Artisanal Fishing,Pêcheries artisanales,3,BB,Baitboat,Canne,Baitboat,Canne,0,10,15,LOA,Length overall,1128,PELAGIC
1,"AUS    ",AUSTRALIA,AUSTRALIE,1989,IND,Industrial Fishing,Pêcheries industrielles,3,BBPS,Baitboat and purse seine,Canne et senne tournante,Baitboat,Canne,1,20,50,LOA,Length overall,26,PELAGIC
1,"AUS    ",AUSTRALIA,AUSTRALIE,1989,IND,Industrial Fishing,Pêcheries industrielles,5,ELL,Longline targeting swordfish,Palangre à espadon,Longline,Palangre,0,15,24,LOA,Length overall,3,PELAGIC
1,"AUS    ",AUSTRALIA,AUSTRALIE,1989,IND,Industrial Fishing,Pêcheries industrielles,5,ELL,Longline targeting swordfish,Palangre à espadon,Longline,Palangre,0,24,40,LOA,Length overall,3,PELAGIC
6,"TWN    ","TAIWAN,CHINA","TAIWAN,CHINE",1989,IND,Industrial Fishing,Pêcheries industrielles,5,FLL,Longline Fresh,Palangre Frais,Longline,Palangre,0,15,24,LOA,Length overall,299,PELAGIC
6,"TWN    ","TAIWAN,CHINA","TAIWAN,CHINE",1989,IND,Industrial Fishing,Pêcheries industrielles,5,FLL,Longline Fresh,Palangre Frais,Longline,Palangre,0,24,40,LOA,Length overall,159,PELAGIC
23,"IDN    ",INDONESIA,INDONÉSIE,1989,IND,Industrial Fishing,Pêcheries industrielles,5,FLL,Longline Fresh,Palangre Frais,Longline,Palangre,0,0,15,LOA,Length overall,6,PELAGIC
23,"IDN    ",INDONESIA,INDONÉSIE,1989,IND,Industrial Fishing,Pêcheries industrielles,5,FLL,Longline Fresh,Palangre Frais,Longline,Palangre,0,15,24,LOA,Length overall,89,PELAGIC
23,"IDN    ",INDONESIA,INDONÉSIE,1989,IND,Industrial Fishing,Pêcheries industrielles,5,FLL,Longline Fresh,Palangre Frais,Longline,Palangre,0,24,40,LOA,Length overall,17,PELAGIC
55,"NEICE  ",NEI.FRESH,NCA.FRAIS,1989,IND,Industrial Fishing,Pêcheries industrielles,5,FLL,Longline Fresh,Palangre Frais,Longline,Palangre,0,15,24,LOA,Length overall,3,PELAGIC
46,"LKA    ",SRI LANKA,SRI LANKA,1989,ART,Artisanal Fishing,Pêcheries artisanales,4,G/L,Gillnet and Longline combination,Filet maillant et Palangre,Gillnet,Filet maillant,1,9,18,LOA,Length overall,1151,PELAGIC
37,"OMN    ",OMAN,OMAN,1989,ART,Artisanal Fishing,Pêcheries artisanales,4,GIHA,Gillnet and hand line,Filet maillant et Ligne à main,Gillnet,Filet maillant,1,1,10,LOA,Length overall,9318,COASTAL
1,"AUS    ",AUSTRALIA,AUSTRALIE,1989,ART,Artisanal Fishing,Pêcheries artisanales,4,GILL,Gillnet,Filet maillant,Gillnet,Filet maillant,0,4,20,LOA,Length overall,14,COASTAL
3,"BGD    ",BANGLADESH,BANGLADESH,1989,ART,Artisanal Fishing,Pêcheries artisanales,4,GILL,Gillnet,Filet maillant,Gillnet,Filet maillant,0,10,15,LOA,Length overall,3000,COASTAL
6,"TWN    ","TAIWAN,CHINA","TAIWAN,CHINE",1989,IND,Industrial Fishing,Pêcheries industrielles,4,GILL,Gillnet,Filet maillant,Gillnet,Filet maillant,0,100,200,GRT,Gross Registered Tonnage,1,NULL
6,"TWN    ","TAIWAN,CHINA","TAIWAN,CHINE",1989,IND,Industrial Fishing,Pêcheries industrielles,4,GILL,Gillnet,Filet maillant,Gillnet,Filet maillant,0,200,500,GRT,Gross Registered Tonnage,52,NULL
6,"TWN    ","TAIWAN,CHINA","TAIWAN,CHINE",1989,IND,Industrial Fishing,Pêcheries industrielles,4,GILL,Gillnet,Filet maillant,Gillnet,Filet maillant,0,500,1000,GRT,Gross Registered Tonnage,71,NULL
23,"IDN    ",INDONESIA,INDONÉSIE,1989,ART,Artisanal Fishing,Pêcheries artisanales,4,GILL,Gillnet,Filet maillant,Gillnet,Filet maillant,0,NULL,30,GRT,Gross Registered Tonnage,44462,"ALL    "
24,"IRN    ",IRAN ISLAMIC REP.,IRAN RÉP. ISLAMIQUE,1989,ART,Artisanal Fishing,Pêcheries artisanales,4,GILL,Gillnet,Filet maillant,Gillnet,Filet maillant,0,3,20,GRT,Gross Registered Tonnage,1573,"ALL    "
24,"IRN    ",IRAN ISLAMIC REP.,IRAN RÉP. ISLAMIQUE,1989,ART,Artisanal Fishing,Pêcheries artisanales,4,GILL,Gillnet,Filet maillant,Gillnet,Filet maillant,0,21,50,GRT,Gross Registered Tonnage,790,"ALL    "
24,"IRN    ",IRAN ISLAMIC REP.,IRAN RÉP. ISLAMIQUE,1989,ART,Artisanal Fishing,Pêcheries artisanales,4,GILL,Gillnet,Filet maillant,Gillnet,Filet maillant,0,51,100,GRT,Gross Registered Tonnage,485,"ALL    "
32,"MYS    ",MALAYSIA,MALAISIE,1989,ART,Artisanal Fishing,Pêcheries artisanales,4,GILL,Gillnet,Filet maillant,Gillnet,Filet maillant,0,1,10,GRT,Gross Registered Tonnage,10713,COASTAL
37,"OMN    ",OMAN,OMAN,1989,ART,Artisanal Fishing,Pêcheries artisanales,4,GILL,Gillnet,Filet maillant,Gillnet,Filet maillant,0,10,24,LOA,Length overall,595,COASTAL
38,"PAK    ",PAKISTAN,PAKISTAN,1989,ART,Artisanal Fishing,Pêcheries artisanales,4,GILL,Gillnet,Filet maillant,Gillnet,Filet maillant,0,35,50,GRT,Gross Registered Tonnage,680,"ALL    "
49,"THA    ",THAILAND,THAÏLANDE,1989,ART,Artisanal Fishing,Pêcheries artisanales,4,GILL,Gillnet,Filet maillant,Gillnet,Filet maillant,0,1,14,LOA,Length overall,216,COASTAL
49,"THA    ",THAILAND,THAÏLANDE,1989,ART,Artisanal Fishing,Pêcheries artisanales,4,GILL,Gillnet,Filet maillant,Gillnet,Filet maillant,0,14,25,LOA,Length overall,22,COASTAL
51,"ARE    ",UN. ARAB EMIRATES,EMIRATS ARABES UNIES,1989,ART,Artisanal Fishing,Pêcheries artisanales,4,GILL,Gillnet,Filet maillant,Gillnet,Filet maillant,0,15,80,LOA,Length overall,777,COASTAL
1,"AUS    ",AUSTRALIA,AUSTRALIE,1989,ART,Artisanal Fishing,Pêcheries artisanales,6,HAND,Hand line,Ligne à main,Line,Lignes,0,4,20,LOA,Length overall,79,COASTAL
7,"COM    ",COMOROS,COMORES,1989,ART,Artisanal Fishing,Pêcheries artisanales,6,HAND,Hand line,Ligne à main,Line,Lignes,0,3,9,LOA,Length overall,3911,PELAGIC
33,"MDV    ",MALDIVES,MALDIVES,1989,ART,Artisanal Fishing,Pêcheries artisanales,6,HAND,Hand line,Ligne à main,Line,Lignes,0,4,6,LOA,Length overall,34,PELAGIC
43,"SYC    ",SEYCHELLES,SEYCHELLES,1989,ART,Artisanal Fishing,Pêcheries artisanales,6,HAND,Hand line,Ligne à main,Line,Lignes,0,4,6,LOA,Length overall,117,PELAGIC
43,"SYC    ",SEYCHELLES,SEYCHELLES,1989,ART,Artisanal Fishing,Pêcheries artisanales,6,HAND,Hand line,Ligne à main,Line,Lignes,0,5,10,LOA,Length overall,171,PELAGIC
43,"SYC    ",SEYCHELLES,SEYCHELLES,1989,ART,Artisanal Fishing,Pêcheries artisanales,6,HAND,Hand line,Ligne à main,Line,Lignes,0,7,12,LOA,Length overall,81,PELAGIC
43,"SYC    ",SEYCHELLES,SEYCHELLES,1989,ART,Artisanal Fishing,Pêcheries artisanales,6,HAND,Hand line,Ligne à main,Line,Lignes,0,9,26,LOA,Length overall,16,PELAGIC
51,"ARE    ",UN. ARAB EMIRATES,EMIRATS ARABES UNIES,1989,ART,Artisanal Fishing,Pêcheries artisanales,6,HAND,Hand line,Ligne à main,Line,Lignes,0,1,5,GRT,Gross Registered Tonnage,275,COASTAL
6,"TWN    ","TAIWAN,CHINA","TAIWAN,CHINE",1989,IND,Industrial Fishing,Pêcheries industrielles,5,LL,Longline,Palangre dérivante au-dessus de 1800 hameçons,Longline,Palangre,0,24,40,LOA,Length overall,24,PELAGIC
6,"TWN    ","TAIWAN,CHINA","TAIWAN,CHINE",1989,IND,Industrial Fishing,Pêcheries industrielles,5,LL,Longline,Palangre dérivante au-dessus de 1800 hameçons,Longline,Palangre,0,40,60,LOA,Length overall,239,PELAGIC
22,"IND    ",INDIA,INDE,1989,IND,Industrial Fishing,Pêcheries industrielles,5,LL,Longline,Palangre dérivante au-dessus de 1800 hameçons,Longline,Palangre,0,40,60,LOA,Length overall,1,PELAGIC
26,"JPN    ",JAPAN,JAPON,1989,IND,Industrial Fishing,Pêcheries industrielles,5,LL,Longline,Palangre dérivante au-dessus de 1800 hameçons,Longline,Palangre,0,24,40,LOA,Length overall,15,PELAGIC
26,"JPN    ",JAPAN,JAPON,1989,IND,Industrial Fishing,Pêcheries industrielles,5,LL,Longline,Palangre dérivante au-dessus de 1800 hameçons,Longline,Palangre,0,40,60,LOA,Length overall,188,PELAGIC
29,"KOR    ",KOREA REP.,CORÉE RÉP.,1989,IND,Industrial Fishing,Pêcheries industrielles,5,LL,Longline,Palangre dérivante au-dessus de 1800 hameçons,Longline,Palangre,0,40,60,LOA,Length overall,87,PELAGIC
34,"MUS    ",MAURITIUS,MAURICE,1989,IND,Industrial Fishing,Pêcheries industrielles,5,LL,Longline,Palangre dérivante au-dessus de 1800 hameçons,Longline,Palangre,0,24,40,LOA,Length overall,1,PELAGIC
34,"MUS    ",MAURITIUS,MAURICE,1989,IND,Industrial Fishing,Pêcheries industrielles,5,LL,Longline,Palangre dérivante au-dessus de 1800 hameçons,Longline,Palangre,0,40,60,LOA,Length overall,2,PELAGIC
45,"SUN    ",SOVIET UNION,UNION SOVIÉTIQUE,1989,IND,Industrial Fishing,Pêcheries industrielles,5,LL,Longline,Palangre dérivante au-dessus de 1800 hameçons,Longline,Palangre,0,24,40,LOA,Length overall,1,PELAGIC
57,"NEIFR  ",NEI.FROZEN,NCA.CONGELÉ,1989,IND,Industrial Fishing,Pêcheries industrielles,5,LL,Longline,Palangre dérivante au-dessus de 1800 hameçons,Longline,Palangre,0,24,40,LOA,Length overall,4,PELAGIC
57,"NEIFR  ",NEI.FROZEN,NCA.CONGELÉ,1989,IND,Industrial Fishing,Pêcheries industrielles,5,LL,Longline,Palangre dérivante au-dessus de 1800 hameçons,Longline,Palangre,0,40,60,LOA,Length overall,38,PELAGIC
22,"IND    ",INDIA,INDE,1989,IND,Industrial Fishing,Pêcheries industrielles,5,LLEX,Exploratory longline,Palangre de prospection,Longline,Palangre,0,24,40,LOA,Length overall,3,PELAGIC
22,"IND    ",INDIA,INDE,1989,IND,Industrial Fishing,Pêcheries industrielles,5,LLEX,Exploratory longline,Palangre de prospection,Longline,Palangre,0,40,60,LOA,Length overall,1,PELAGIC
1,"AUS    ",AUSTRALIA,AUSTRALIE,1989,IND,Industrial Fishing,Pêcheries industrielles,1,PS,Purse seine,Senne tournante aux thons,Purse Seine,Senne tournante,0,24,40,LOA,Length overall,1,PELAGIC
1,"AUS    ",AUSTRALIA,AUSTRALIE,1989,IND,Industrial Fishing,Pêcheries industrielles,1,PS,Purse seine,Senne tournante aux thons,Purse Seine,Senne tournante,0,40,60,LOA,Length overall,1,PELAGIC
13,"EUFRA  ",EU.FRANCE,UE.FRANCE,1989,IND,Industrial Fishing,Pêcheries industrielles,1,PS,Purse seine,Senne tournante aux thons,Purse Seine,Senne tournante,0,24,40,LOA,Length overall,1,PELAGIC
13,"EUFRA  ",EU.FRANCE,UE.FRANCE,1989,IND,Industrial Fishing,Pêcheries industrielles,1,PS,Purse seine,Senne tournante aux thons,Purse Seine,Senne tournante,0,40,60,LOA,Length overall,6,PELAGIC
13,"EUFRA  ",EU.FRANCE,UE.FRANCE,1989,IND,Industrial Fishing,Pêcheries industrielles,1,PS,Purse seine,Senne tournante aux thons,Purse Seine,Senne tournante,0,60,80,LOA,Length overall,14,PELAGIC
19,"EUESP  ",EU.SPAIN,UE.ESPAGNE,1989,IND,Industrial Fishing,Pêcheries industrielles,1,PS,Purse seine,Senne tournante aux thons,Purse Seine,Senne tournante,0,60,80,LOA,Length overall,19,PELAGIC
19,"EUESP  ",EU.SPAIN,UE.ESPAGNE,1989,IND,Industrial Fishing,Pêcheries industrielles,1,PS,Purse seine,Senne tournante aux thons,Purse Seine,Senne tournante,0,80,100,LOA,Length overall,2,PELAGIC
26,"JPN    ",JAPAN,JAPON,1989,IND,Industrial Fishing,Pêcheries industrielles,1,PS,Purse seine,Senne tournante aux thons,Purse Seine,Senne tournante,0,40,60,LOA,Length overall,3,PELAGIC
34,"MUS    ",MAURITIUS,MAURICE,1989,IND,Industrial Fishing,Pêcheries industrielles,1,PS,Purse seine,Senne tournante aux thons,Purse Seine,Senne tournante,0,60,80,LOA,Length overall,1,PELAGIC
45,"SUN    ",SOVIET UNION,UNION SOVIÉTIQUE,1989,IND,Industrial Fishing,Pêcheries industrielles,1,PS,Purse seine,Senne tournante aux thons,Purse Seine,Senne tournante,0,80,100,LOA,Length overall,6,PELAGIC
58,"NEIPS  ",NEI.OTHER,NCA.AUTRE,1989,IND,Industrial Fishing,Pêcheries industrielles,1,PS,Purse seine,Senne tournante aux thons,Purse Seine,Senne tournante,0,60,80,LOA,Length overall,3,PELAGIC
23,"IDN    ",INDONESIA,INDONÉSIE,1989,ART,Artisanal Fishing,Pêcheries artisanales,1,PSS,Small purse seine,Senneur côtier,Purse Seine,Senne tournante,0,NULL,30,GRT,Gross Registered Tonnage,4813,"ALL    "
32,"MYS    ",MALAYSIA,MALAISIE,1989,ART,Artisanal Fishing,Pêcheries artisanales,1,PSS,Small purse seine,Senneur côtier,Purse Seine,Senne tournante,0,10,70,GRT,Gross Registered Tonnage,287,COASTAL
49,"THA    ",THAILAND,THAÏLANDE,1989,ART,Artisanal Fishing,Pêcheries artisanales,1,PSS,Small purse seine,Senneur côtier,Purse Seine,Senne tournante,0,1,14,LOA,Length overall,51,"ALL    "
49,"THA    ",THAILAND,THAÏLANDE,1989,ART,Artisanal Fishing,Pêcheries artisanales,1,PSS,Small purse seine,Senneur côtier,Purse Seine,Senne tournante,0,14,25,LOA,Length overall,227,"ALL    "
49,"THA    ",THAILAND,THAÏLANDE,1989,ART,Artisanal Fishing,Pêcheries artisanales,1,PSS,Small purse seine,Senneur côtier,Purse Seine,Senne tournante,0,25,40,LOA,Length overall,2,"ALL    "
32,"MYS    ",MALAYSIA,MALAISIE,1989,ART,Artisanal Fishing,Pêcheries artisanales,9,TRAW,Trawl,Chaluts,Other,Autres,0,10,70,GRT,Gross Registered Tonnage,3371,COASTAL
1,"AUS    ",AUSTRALIA,AUSTRALIE,1989,ART,Artisanal Fishing,Pêcheries artisanales,6,TROL,Troll line,Ligne de traîne,Line,Lignes,0,4,20,LOA,Length overall,84,PELAGIC
7,"COM    ",COMOROS,COMORES,1989,ART,Artisanal Fishing,Pêcheries artisanales,6,TROL,Troll line,Ligne de traîne,Line,Lignes,0,3,9,LOA,Length overall,486,PELAGIC
23,"IDN    ",INDONESIA,INDONÉSIE,1989,ART,Artisanal Fishing,Pêcheries artisanales,6,TROL,Troll line,Ligne de traîne,Line,Lignes,0,NULL,30,GRT,Gross Registered Tonnage,15926,"ALL    "
32,"MYS    ",MALAYSIA,MALAISIE,1989,ART,Artisanal Fishing,Pêcheries artisanales,6,TROL,Troll line,Ligne de traîne,Line,Lignes,0,1,10,GRT,Gross Registered Tonnage,606,COASTAL
33,"MDV    ",MALDIVES,MALDIVES,1989,ART,Artisanal Fishing,Pêcheries artisanales,6,TROL,Troll line,Ligne de traîne,Line,Lignes,0,5,10,LOA,Length overall,414,PELAGIC
43,"SYC    ",SEYCHELLES,SEYCHELLES,1989,ART,Artisanal Fishing,Pêcheries artisanales,6,TROL,Troll line,Ligne de traîne,Line,Lignes,0,7,12,LOA,Length overall,4,PELAGIC
1,"AUS    ",AUSTRALIA,AUSTRALIE,1989,ART,Artisanal Fishing,Pêcheries artisanales,9,UNCL,Unclassified,Non classé,Other,Autres,1,4,20,LOA,Length overall,38,COASTAL
23,"IDN    ",INDONESIA,INDONÉSIE,1989,ART,Artisanal Fishing,Pêcheries artisanales,9,UNCL,Unclassified,Non classé,Other,Autres,1,NULL,10,GRT,Gross Registered Tonnage,62603,COASTAL
41,"SAU    ",SAUDI ARABIA,ARABIE SAOUDITE,1989,ART,Artisanal Fishing,Pêcheries artisanales,9,UNCL,Unclassified,Non classé,Other,Autres,1,5,25,LOA,Length overall,4967,COASTAL
46,"LKA    ",SRI LANKA,SRI LANKA,1989,ART,Artisanal Fishing,Pêcheries artisanales,9,UNCL,Unclassified,Non classé,Other,Autres,1,1,8,LOA,Length overall,24043,"ALL    "
46,"LKA    ",SRI LANKA,SRI LANKA,1989,ART,Artisanal Fishing,Pêcheries artisanales,9,UNCL,Unclassified,Non classé,Other,Autres,1,8,9,LOA,Length overall,2278,"ALL    "
51,"ARE    ",UN. ARAB EMIRATES,EMIRATS ARABES UNIES,1989,ART,Artisanal Fishing,Pêcheries artisanales,9,UNCL,Unclassified,Non classé,Other,Autres,1,15,80,LOA,Length overall,1270,COASTAL
33,"MDV    ",MALDIVES,MALDIVES,1990,ART,Artisanal Fishing,Pêcheries artisanales,3,BB,Baitboat,Canne,Baitboat,Canne,0,10,15,LOA,Length overall,1162,PELAGIC
1,"AUS    ",AUSTRALIA,AUSTRALIE,1990,IND,Industrial Fishing,Pêcheries industrielles,5,ELL,Longline targeting swordfish,Palangre à espadon,Longline,Palangre,0,15,24,LOA,Length overall,3,PELAGIC
1,"AUS    ",AUSTRALIA,AUSTRALIE,1990,IND,Industrial Fishing,Pêcheries industrielles,5,ELL,Longline targeting swordfish,Palangre à espadon,Longline,Palangre,0,24,40,LOA,Length overall,3,PELAGIC
1,"AUS    ",AUSTRALIA,AUSTRALIE,1990,IND,Industrial Fishing,Pêcheries industrielles,5,ELL,Longline targeting swordfish,Palangre à espadon,Longline,Palangre,0,40,60,LOA,Length overall,1,PELAGIC
6,"TWN    ","TAIWAN,CHINA","TAIWAN,CHINE",1990,IND,Industrial Fishing,Pêcheries industrielles,5,FLL,Longline Fresh,Palangre Frais,Longline,Palangre,0,15,24,LOA,Length overall,402,PELAGIC
6,"TWN    ","TAIWAN,CHINA","TAIWAN,CHINE",1990,IND,Industrial Fishing,Pêcheries industrielles,5,FLL,Longline Fresh,Palangre Frais,Longline,Palangre,0,24,40,LOA,Length overall,213,PELAGIC
23,"IDN    ",INDONESIA,INDONÉSIE,1990,IND,Industrial Fishing,Pêcheries industrielles,5,FLL,Longline Fresh,Palangre Frais,Longline,Palangre,0,0,15,LOA,Length overall,7,PELAGIC
23,"IDN    ",INDONESIA,INDONÉSIE,1990,IND,Industrial Fishing,Pêcheries industrielles,5,FLL,Longline Fresh,Palangre Frais,Longline,Palangre,0,15,24,LOA,Length overall,105,PELAGIC
23,"IDN    ",INDONESIA,INDONÉSIE,1990,IND,Industrial Fishing,Pêcheries industrielles,5,FLL,Longline Fresh,Palangre Frais,Longline,Palangre,0,24,40,LOA,Length overall,20,PELAGIC
55,"NEICE  ",NEI.FRESH,NCA.FRAIS,1990,IND,Industrial Fishing,Pêcheries industrielles,5,FLL,Longline Fresh,Palangre Frais,Longline,Palangre,0,15,24,LOA,Length overall,3,PELAGIC
46,"LKA    ",SRI LANKA,SRI LANKA,1990,ART,Artisanal Fishing,Pêcheries artisanales,4,G/L,Gillnet and Longline combination,Filet maillant et Palangre,Gillnet,Filet maillant,1,9,18,LOA,Length overall,1105,PELAGIC
37,"OMN    ",OMAN,OMAN,1990,ART,Artisanal Fishing,Pêcheries artisanales,4,GIHA,Gillnet and hand line,Filet maillant et Ligne à main,Gillnet,Filet maillant,1,1,10,LOA,Length overall,9004,COASTAL
3,"BGD    ",BANGLADESH,BANGLADESH,1990,ART,Artisanal Fishing,Pêcheries artisanales,4,GILL,Gillnet,Filet maillant,Gillnet,Filet maillant,0,10,15,LOA,Length overall,3000,COASTAL
6,"TWN    ","TAIWAN,CHINA","TAIWAN,CHINE",1990,IND,Industrial Fishing,Pêcheries industrielles,4,GILL,Gillnet,Filet maillant,Gillnet,Filet maillant,0,100,200,GRT,Gross Registered Tonnage,2,NULL
6,"TWN    ","TAIWAN,CHINA","TAIWAN,CHINE",1990,IND,Industrial Fishing,Pêcheries industrielles,4,GILL,Gillnet,Filet maillant,Gillnet,Filet maillant,0,200,500,GRT,Gross Registered Tonnage,84,NULL
6,"TWN    ","TAIWAN,CHINA","TAIWAN,CHINE",1990,IND,Industrial Fishing,Pêcheries industrielles,4,GILL,Gillnet,Filet maillant,Gillnet,Filet maillant,0,500,1000,GRT,Gross Registered Tonnage,35,NULL
23,"IDN    ",INDONESIA,INDONÉSIE,1990,ART,Artisanal Fishing,Pêcheries artisanales,4,GILL,Gillnet,Filet maillant,Gillnet,Filet maillant,0,NULL,30,GRT,Gross Registered Tonnage,31403,"ALL    "
24,"IRN    ",IRAN ISLAMIC REP.,IRAN RÉP. ISLAMIQUE,1990,ART,Artisanal Fishing,Pêcheries artisanales,4,GILL,Gillnet,Filet maillant,Gillnet,Filet maillant,0,3,20,GRT,Gross Registered Tonnage,1687,"ALL    "
24,"IRN    ",IRAN ISLAMIC REP.,IRAN RÉP. ISLAMIQUE,1990,ART,Artisanal Fishing,Pêcheries artisanales,4,GILL,Gillnet,Filet maillant,Gillnet,Filet maillant,0,21,50,GRT,Gross Registered Tonnage,853,"ALL    "
24,"IRN    ",IRAN ISLAMIC REP.,IRAN RÉP. ISLAMIQUE,1990,ART,Artisanal Fishing,Pêcheries artisanales,4,GILL,Gillnet,Filet maillant,Gillnet,Filet maillant,0,51,100,GRT,Gross Registered Tonnage,518,"ALL    "
32,"MYS    ",MALAYSIA,MALAISIE,1990,ART,Artisanal Fishing,Pêcheries artisanales,4,GILL,Gillnet,Filet maillant,Gillnet,Filet maillant,0,1,10,GRT,Gross Registered Tonnage,10728,COASTAL
37,"OMN    ",OMAN,OMAN,1990,ART,Artisanal Fishing,Pêcheries artisanales,4,GILL,Gillnet,Filet maillant,Gillnet,Filet maillant,0,10,24,LOA,Length overall,575,COASTAL
38,"PAK    ",PAKISTAN,PAKISTAN,1990,ART,Artisanal Fishing,Pêcheries artisanales,4,GILL,Gillnet,Filet maillant,Gillnet,Filet maillant,0,35,50,GRT,Gross Registered Tonnage,847,"ALL    "
49,"THA    ",THAILAND,THAÏLANDE,1990,ART,Artisanal Fishing,Pêcheries artisanales,4,GILL,Gillnet,Filet maillant,Gillnet,Filet maillant,0,1,14,LOA,Length overall,207,COASTAL
49,"THA    ",THAILAND,THAÏLANDE,1990,ART,Artisanal Fishing,Pêcheries artisanales,4,GILL,Gillnet,Filet maillant,Gillnet,Filet maillant,0,14,25,LOA,Length overall,29,COASTAL
51,"ARE    ",UN. ARAB EMIRATES,EMIRATS ARABES UNIES,1990,ART,Artisanal Fishing,Pêcheries artisanales,4,GILL,Gillnet,Filet maillant,Gillnet,Filet maillant,0,15,80,LOA,Length overall,814,COASTAL
33,"MDV    ",MALDIVES,MALDIVES,1990,ART,Artisanal Fishing,Pêcheries artisanales,6,HAND,Hand line,Ligne à main,Line,Lignes,0,4,6,LOA,Length overall,17,PELAGIC
43,"SYC    ",SEYCHELLES,SEYCHELLES,1990,ART,Artisanal Fishing,Pêcheries artisanales,6,HAND,Hand line,Ligne à main,Line,Lignes,0,4,6,LOA,Length overall,102,PELAGIC
43,"SYC    ",SEYCHELLES,SEYCHELLES,1990,ART,Artisanal Fishing,Pêcheries artisanales,6,HAND,Hand line,Ligne à main,Line,Lignes,0,5,10,LOA,Length overall,192,PELAGIC
43,"SYC    ",SEYCHELLES,SEYCHELLES,1990,ART,Artisanal Fishing,Pêcheries artisanales,6,HAND,Hand line,Ligne à main,Line,Lignes,0,7,12,LOA,Length overall,84,PELAGIC
43,"SYC    ",SEYCHELLES,SEYCHELLES,1990,ART,Artisanal Fishing,Pêcheries artisanales,6,HAND,Hand line,Ligne à main,Line,Lignes,0,9,26,LOA,Length overall,16,PELAGIC
51,"ARE    ",UN. ARAB EMIRATES,EMIRATS ARABES UNIES,1990,ART,Artisanal Fishing,Pêcheries artisanales,6,HAND,Hand line,Ligne à main,Line,Lignes,0,1,5,GRT,Gross Registered Tonnage,290,COASTAL
6,"TWN    ","TAIWAN,CHINA","TAIWAN,CHINE",1990,IND,Industrial Fishing,Pêcheries industrielles,5,LL,Longline,Palangre dérivante au-dessus de 1800 hameçons,Longline,Palangre,0,24,40,LOA,Length overall,22,PELAGIC
6,"TWN    ","TAIWAN,CHINA","TAIWAN,CHINE",1990,IND,Industrial Fishing,Pêcheries industrielles,5,LL,Longline,Palangre dérivante au-dessus de 1800 hameçons,Longline,Palangre,0,40,60,LOA,Length overall,250,PELAGIC
22,"IND    ",INDIA,INDE,1990,IND,Industrial Fishing,Pêcheries industrielles,5,LL,Longline,Palangre dérivante au-dessus de 1800 hameçons,Longline,Palangre,0,40,60,LOA,Length overall,1,PELAGIC
26,"JPN    ",JAPAN,JAPON,1990,IND,Industrial Fishing,Pêcheries industrielles,5,LL,Longline,Palangre dérivante au-dessus de 1800 hameçons,Longline,Palangre,0,24,40,LOA,Length overall,17,PELAGIC
26,"JPN    ",JAPAN,JAPON,1990,IND,Industrial Fishing,Pêcheries industrielles,5,LL,Longline,Palangre dérivante au-dessus de 1800 hameçons,Longline,Palangre,0,40,60,LOA,Length overall,180,PELAGIC
29,"KOR    ",KOREA REP.,CORÉE RÉP.,1990,IND,Industrial Fishing,Pêcheries industrielles,5,LL,Longline,Palangre dérivante au-dessus de 1800 hameçons,Longline,Palangre,0,40,60,LOA,Length overall,77,PELAGIC
34,"MUS    ",MAURITIUS,MAURICE,1990,IND,Industrial Fishing,Pêcheries industrielles,5,LL,Longline,Palangre dérivante au-dessus de 1800 hameçons,Longline,Palangre,0,40,60,LOA,Length overall,3,PELAGIC
57,"NEIFR  ",NEI.FROZEN,NCA.CONGELÉ,1990,IND,Industrial Fishing,Pêcheries industrielles,5,LL,Longline,Palangre dérivante au-dessus de 1800 hameçons,Longline,Palangre,0,24,40,LOA,Length overall,5,PELAGIC
57,"NEIFR  ",NEI.FROZEN,NCA.CONGELÉ,1990,IND,Industrial Fishing,Pêcheries industrielles,5,LL,Longline,Palangre dérivante au-dessus de 1800 hameçons,Longline,Palangre,0,40,60,LOA,Length overall,53,PELAGIC
22,"IND    ",INDIA,INDE,1990,IND,Industrial Fishing,Pêcheries industrielles,5,LLEX,Exploratory longline,Palangre de prospection,Longline,Palangre,0,24,40,LOA,Length overall,3,PELAGIC
22,"IND    ",INDIA,INDE,1990,IND,Industrial Fishing,Pêcheries industrielles,5,LLEX,Exploratory longline,Palangre de prospection,Longline,Palangre,0,40,60,LOA,Length overall,1,PELAGIC
1,"AUS    ",AUSTRALIA,AUSTRALIE,1990,IND,Industrial Fishing,Pêcheries industrielles,1,PS,Purse seine,Senne tournante aux thons,Purse Seine,Senne tournante,0,24,40,LOA,Length overall,1,PELAGIC
1,"AUS    ",AUSTRALIA,AUSTRALIE,1990,IND,Industrial Fishing,Pêcheries industrielles,1,PS,Purse seine,Senne tournante aux thons,Purse Seine,Senne tournante,0,40,60,LOA,Length overall,1,PELAGIC
13,"EUFRA  ",EU.FRANCE,UE.FRANCE,1990,IND,Industrial Fishing,Pêcheries industrielles,1,PS,Purse seine,Senne tournante aux thons,Purse Seine,Senne tournante,0,40,60,LOA,Length overall,7,PELAGIC
13,"EUFRA  ",EU.FRANCE,UE.FRANCE,1990,IND,Industrial Fishing,Pêcheries industrielles,1,PS,Purse seine,Senne tournante aux thons,Purse Seine,Senne tournante,0,60,80,LOA,Length overall,14,PELAGIC
19,"EUESP  ",EU.SPAIN,UE.ESPAGNE,1990,IND,Industrial Fishing,Pêcheries industrielles,1,PS,Purse seine,Senne tournante aux thons,Purse Seine,Senne tournante,0,60,80,LOA,Length overall,19,PELAGIC
19,"EUESP  ",EU.SPAIN,UE.ESPAGNE,1990,IND,Industrial Fishing,Pêcheries industrielles,1,PS,Purse seine,Senne tournante aux thons,Purse Seine,Senne tournante,0,80,100,LOA,Length overall,2,PELAGIC
26,"JPN    ",JAPAN,JAPON,1990,IND,Industrial Fishing,Pêcheries industrielles,1,PS,Purse seine,Senne tournante aux thons,Purse Seine,Senne tournante,0,40,60,LOA,Length overall,4,PELAGIC
34,"MUS    ",MAURITIUS,MAURICE,1990,IND,Industrial Fishing,Pêcheries industrielles,1,PS,Purse seine,Senne tournante aux thons,Purse Seine,Senne tournante,0,60,80,LOA,Length overall,1,PELAGIC
45,"SUN    ",SOVIET UNION,UNION SOVIÉTIQUE,1990,IND,Industrial Fishing,Pêcheries industrielles,1,PS,Purse seine,Senne tournante aux thons,Purse Seine,Senne tournante,0,80,100,LOA,Length overall,9,PELAGIC
58,"NEIPS  ",NEI.OTHER,NCA.AUTRE,1990,IND,Industrial Fishing,Pêcheries industrielles,1,PS,Purse seine,Senne tournante aux thons,Purse Seine,Senne tournante,0,60,80,LOA,Length overall,5,PELAGIC
59,"NEISU  ",NEI.EXSOVIET,NCA.EXSOVIÉTIQUE,1990,IND,Industrial Fishing,Pêcheries industrielles,1,PS,Purse seine,Senne tournante aux thons,Purse Seine,Senne tournante,0,80,90,LOA,Length overall,1,PELAGIC
23,"IDN    ",INDONESIA,INDONÉSIE,1990,ART,Artisanal Fishing,Pêcheries artisanales,1,PSS,Small purse seine,Senneur côtier,Purse Seine,Senne tournante,0,NULL,30,GRT,Gross Registered Tonnage,2886,"ALL    "
32,"MYS    ",MALAYSIA,MALAISIE,1990,ART,Artisanal Fishing,Pêcheries artisanales,1,PSS,Small purse seine,Senneur côtier,Purse Seine,Senne tournante,0,10,70,GRT,Gross Registered Tonnage,345,COASTAL
49,"THA    ",THAILAND,THAÏLANDE,1990,ART,Artisanal Fishing,Pêcheries artisanales,1,PSS,Small purse seine,Senneur côtier,Purse Seine,Senne tournante,0,1,14,LOA,Length overall,34,"ALL    "
49,"THA    ",THAILAND,THAÏLANDE,1990,ART,Artisanal Fishing,Pêcheries artisanales,1,PSS,Small purse seine,Senneur côtier,Purse Seine,Senne tournante,0,14,25,LOA,Length overall,233,"ALL    "
49,"THA    ",THAILAND,THAÏLANDE,1990,ART,Artisanal Fishing,Pêcheries artisanales,1,PSS,Small purse seine,Senneur côtier,Purse Seine,Senne tournante,0,25,40,LOA,Length overall,5,"ALL    "
32,"MYS    ",MALAYSIA,MALAISIE,1990,ART,Artisanal Fishing,Pêcheries artisanales,9,TRAW,Trawl,Chaluts,Other,Autres,0,10,70,GRT,Gross Registered Tonnage,4096,COASTAL
23,"IDN    ",INDONESIA,INDONÉSIE,1990,ART,Artisanal Fishing,Pêcheries artisanales,6,TROL,Troll line,Ligne de traîne,Line,Lignes,0,NULL,30,GRT,Gross Registered Tonnage,15018,"ALL    "
32,"MYS    ",MALAYSIA,MALAISIE,1990,ART,Artisanal Fishing,Pêcheries artisanales,6,TROL,Troll line,Ligne de traîne,Line,Lignes,0,1,10,GRT,Gross Registered Tonnage,553,COASTAL
33,"MDV    ",MALDIVES,MALDIVES,1990,ART,Artisanal Fishing,Pêcheries artisanales,6,TROL,Troll line,Ligne de traîne,Line,Lignes,0,5,10,LOA,Length overall,343,PELAGIC
43,"SYC    ",SEYCHELLES,SEYCHELLES,1990,ART,Artisanal Fishing,Pêcheries artisanales,6,TROL,Troll line,Ligne de traîne,Line,Lignes,0,7,12,LOA,Length overall,7,PELAGIC
23,"IDN    ",INDONESIA,INDONÉSIE,1990,ART,Artisanal Fishing,Pêcheries artisanales,9,UNCL,Unclassified,Non classé,Other,Autres,1,NULL,10,GRT,Gross Registered Tonnage,53456,COASTAL
41,"SAU    ",SAUDI ARABIA,ARABIE SAOUDITE,1990,ART,Artisanal Fishing,Pêcheries artisanales,9,UNCL,Unclassified,Non classé,Other,Autres,1,5,25,LOA,Length overall,4980,COASTAL
46,"LKA    ",SRI LANKA,SRI LANKA,1990,ART,Artisanal Fishing,Pêcheries artisanales,9,UNCL,Unclassified,Non classé,Other,Autres,1,1,8,LOA,Length overall,24338,"ALL    "
46,"LKA    ",SRI LANKA,SRI LANKA,1990,ART,Artisanal Fishing,Pêcheries artisanales,9,UNCL,Unclassified,Non classé,Other,Autres,1,8,9,LOA,Length overall,2232,"ALL    "
51,"ARE    ",UN. ARAB EMIRATES,EMIRATS ARABES UNIES,1990,ART,Artisanal Fishing,Pêcheries artisanales,9,UNCL,Unclassified,Non classé,Other,Autres,1,15,80,LOA,Length overall,1320,COASTAL
33,"MDV    ",MALDIVES,MALDIVES,1991,ART,Artisanal Fishing,Pêcheries artisanales,3,BB,Baitboat,Canne,Baitboat,Canne,0,10,15,LOA,Length overall,1258,PELAGIC
1,"AUS    ",AUSTRALIA,AUSTRALIE,1991,IND,Industrial Fishing,Pêcheries industrielles,3,BBPS,Baitboat and purse seine,Canne et senne tournante,Baitboat,Canne,1,20,50,LOA,Length overall,22,PELAGIC
1,"AUS    ",AUSTRALIA,AUSTRALIE,1991,IND,Industrial Fishing,Pêcheries industrielles,5,ELL,Longline targeting swordfish,Palangre à espadon,Longline,Palangre,0,15,24,LOA,Length overall,2,PELAGIC
1,"AUS    ",AUSTRALIA,AUSTRALIE,1991,IND,Industrial Fishing,Pêcheries industrielles,5,ELL,Longline targeting swordfish,Palangre à espadon,Longline,Palangre,0,24,40,LOA,Length overall,2,PELAGIC
15,"EUREU  ",EU.FRANCE.REUNION,UE.FRANCE.RÉUNION,1991,IND,Industrial Fishing,Pêcheries industrielles,5,ELL,Longline targeting swordfish,Palangre à espadon,Longline,Palangre,0,0,15,LOA,Length overall,1,PELAGIC
6,"TWN    ","TAIWAN,CHINA","TAIWAN,CHINE",1991,IND,Industrial Fishing,Pêcheries industrielles,5,FLL,Longline Fresh,Palangre Frais,Longline,Palangre,0,15,24,LOA,Length overall,396,PELAGIC
6,"TWN    ","TAIWAN,CHINA","TAIWAN,CHINE",1991,IND,Industrial Fishing,Pêcheries industrielles,5,FLL,Longline Fresh,Palangre Frais,Longline,Palangre,0,24,40,LOA,Length overall,211,PELAGIC
23,"IDN    ",INDONESIA,INDONÉSIE,1991,IND,Industrial Fishing,Pêcheries industrielles,5,FLL,Longline Fresh,Palangre Frais,Longline,Palangre,0,0,15,LOA,Length overall,8,PELAGIC
23,"IDN    ",INDONESIA,INDONÉSIE,1991,IND,Industrial Fishing,Pêcheries industrielles,5,FLL,Longline Fresh,Palangre Frais,Longline,Palangre,0,15,24,LOA,Length overall,126,PELAGIC
23,"IDN    ",INDONESIA,INDONÉSIE,1991,IND,Industrial Fishing,Pêcheries industrielles,5,FLL,Longline Fresh,Palangre Frais,Longline,Palangre,0,24,40,LOA,Length overall,24,PELAGIC
55,"NEICE  ",NEI.FRESH,NCA.FRAIS,1991,IND,Industrial Fishing,Pêcheries industrielles,5,FLL,Longline Fresh,Palangre Frais,Longline,Palangre,0,15,24,LOA,Length overall,3,PELAGIC
46,"LKA    ",SRI LANKA,SRI LANKA,1991,ART,Artisanal Fishing,Pêcheries artisanales,4,G/L,Gillnet and Longline combination,Filet maillant et Palangre,Gillnet,Filet maillant,1,9,18,LOA,Length overall,1141,PELAGIC
37,"OMN    ",OMAN,OMAN,1991,ART,Artisanal Fishing,Pêcheries artisanales,4,GIHA,Gillnet and hand line,Filet maillant et Ligne à main,Gillnet,Filet maillant,1,1,10,LOA,Length overall,10100,COASTAL
3,"BGD    ",BANGLADESH,BANGLADESH,1991,ART,Artisanal Fishing,Pêcheries artisanales,4,GILL,Gillnet,Filet maillant,Gillnet,Filet maillant,0,10,15,LOA,Length overall,3000,COASTAL
6,"TWN    ","TAIWAN,CHINA","TAIWAN,CHINE",1991,IND,Industrial Fishing,Pêcheries industrielles,4,GILL,Gillnet,Filet maillant,Gillnet,Filet maillant,0,100,200,GRT,Gross Registered Tonnage,6,NULL
6,"TWN    ","TAIWAN,CHINA","TAIWAN,CHINE",1991,IND,Industrial Fishing,Pêcheries industrielles,4,GILL,Gillnet,Filet maillant,Gillnet,Filet maillant,0,200,500,GRT,Gross Registered Tonnage,80,NULL
6,"TWN    ","TAIWAN,CHINA","TAIWAN,CHINE",1991,IND,Industrial Fishing,Pêcheries industrielles,4,GILL,Gillnet,Filet maillant,Gillnet,Filet maillant,0,500,1000,GRT,Gross Registered Tonnage,23,NULL
23,"IDN    ",INDONESIA,INDONÉSIE,1991,ART,Artisanal Fishing,Pêcheries artisanales,4,GILL,Gillnet,Filet maillant,Gillnet,Filet maillant,0,NULL,30,GRT,Gross Registered Tonnage,18344,"ALL    "
24,"IRN    ",IRAN ISLAMIC REP.,IRAN RÉP. ISLAMIQUE,1991,ART,Artisanal Fishing,Pêcheries artisanales,4,GILL,Gillnet,Filet maillant,Gillnet,Filet maillant,0,3,20,GRT,Gross Registered Tonnage,1411,"ALL    "
24,"IRN    ",IRAN ISLAMIC REP.,IRAN RÉP. ISLAMIQUE,1991,ART,Artisanal Fishing,Pêcheries artisanales,4,GILL,Gillnet,Filet maillant,Gillnet,Filet maillant,0,21,50,GRT,Gross Registered Tonnage,616,"ALL    "
24,"IRN    ",IRAN ISLAMIC REP.,IRAN RÉP. ISLAMIQUE,1991,ART,Artisanal Fishing,Pêcheries artisanales,4,GILL,Gillnet,Filet maillant,Gillnet,Filet maillant,0,51,100,GRT,Gross Registered Tonnage,430,"ALL    "
32,"MYS    ",MALAYSIA,MALAISIE,1991,ART,Artisanal Fishing,Pêcheries artisanales,4,GILL,Gillnet,Filet maillant,Gillnet,Filet maillant,0,1,10,GRT,Gross Registered Tonnage,7303,COASTAL
37,"OMN    ",OMAN,OMAN,1991,ART,Artisanal Fishing,Pêcheries artisanales,4,GILL,Gillnet,Filet maillant,Gillnet,Filet maillant,0,10,24,LOA,Length overall,645,COASTAL
38,"PAK    ",PAKISTAN,PAKISTAN,1991,ART,Artisanal Fishing,Pêcheries artisanales,4,GILL,Gillnet,Filet maillant,Gillnet,Filet maillant,0,35,50,GRT,Gross Registered Tonnage,890,"ALL    "
49,"THA    ",THAILAND,THAÏLANDE,1991,ART,Artisanal Fishing,Pêcheries artisanales,4,GILL,Gillnet,Filet maillant,Gillnet,Filet maillant,0,1,14,LOA,Length overall,137,COASTAL
49,"THA    ",THAILAND,THAÏLANDE,1991,ART,Artisanal Fishing,Pêcheries artisanales,4,GILL,Gillnet,Filet maillant,Gillnet,Filet maillant,0,14,25,LOA,Length overall,46,COASTAL
51,"ARE    ",UN. ARAB EMIRATES,EMIRATS ARABES UNIES,1991,ART,Artisanal Fishing,Pêcheries artisanales,4,GILL,Gillnet,Filet maillant,Gillnet,Filet maillant,0,15,80,LOA,Length overall,814,COASTAL
33,"MDV    ",MALDIVES,MALDIVES,1991,ART,Artisanal Fishing,Pêcheries artisanales,6,HAND,Hand line,Ligne à main,Line,Lignes,0,4,6,LOA,Length overall,25,PELAGIC
43,"SYC    ",SEYCHELLES,SEYCHELLES,1991,ART,Artisanal Fishing,Pêcheries artisanales,6,HAND,Hand line,Ligne à main,Line,Lignes,0,4,6,LOA,Length overall,82,PELAGIC
43,"SYC    ",SEYCHELLES,SEYCHELLES,1991,ART,Artisanal Fishing,Pêcheries artisanales,6,HAND,Hand line,Ligne à main,Line,Lignes,0,5,10,LOA,Length overall,203,PELAGIC
43,"SYC    ",SEYCHELLES,SEYCHELLES,1991,ART,Artisanal Fishing,Pêcheries artisanales,6,HAND,Hand line,Ligne à main,Line,Lignes,0,7,12,LOA,Length overall,84,PELAGIC
43,"SYC    ",SEYCHELLES,SEYCHELLES,1991,ART,Artisanal Fishing,Pêcheries artisanales,6,HAND,Hand line,Ligne à main,Line,Lignes,0,9,26,LOA,Length overall,21,PELAGIC
51,"ARE    ",UN. ARAB EMIRATES,EMIRATS ARABES UNIES,1991,ART,Artisanal Fishing,Pêcheries artisanales,6,HAND,Hand line,Ligne à main,Line,Lignes,0,1,5,GRT,Gross Registered Tonnage,290,COASTAL
6,"TWN    ","TAIWAN,CHINA","TAIWAN,CHINE",1991,IND,Industrial Fishing,Pêcheries industrielles,5,LL,Longline,Palangre dérivante au-dessus de 1800 hameçons,Longline,Palangre,0,24,40,LOA,Length overall,19,PELAGIC
6,"TWN    ","TAIWAN,CHINA","TAIWAN,CHINE",1991,IND,Industrial Fishing,Pêcheries industrielles,5,LL,Longline,Palangre dérivante au-dessus de 1800 hameçons,Longline,Palangre,0,40,60,LOA,Length overall,234,PELAGIC
22,"IND    ",INDIA,INDE,1991,IND,Industrial Fishing,Pêcheries industrielles,5,LL,Longline,Palangre dérivante au-dessus de 1800 hameçons,Longline,Palangre,0,40,60,LOA,Length overall,1,PELAGIC
26,"JPN    ",JAPAN,JAPON,1991,IND,Industrial Fishing,Pêcheries industrielles,5,LL,Longline,Palangre dérivante au-dessus de 1800 hameçons,Longline,Palangre,0,24,40,LOA,Length overall,13,PELAGIC
26,"JPN    ",JAPAN,JAPON,1991,IND,Industrial Fishing,Pêcheries industrielles,5,LL,Longline,Palangre dérivante au-dessus de 1800 hameçons,Longline,Palangre,0,40,60,LOA,Length overall,166,PELAGIC
29,"KOR    ",KOREA REP.,CORÉE RÉP.,1991,IND,Industrial Fishing,Pêcheries industrielles,5,LL,Longline,Palangre dérivante au-dessus de 1800 hameçons,Longline,Palangre,0,40,60,LOA,Length overall,19,PELAGIC
34,"MUS    ",MAURITIUS,MAURICE,1991,IND,Industrial Fishing,Pêcheries industrielles,5,LL,Longline,Palangre dérivante au-dessus de 1800 hameçons,Longline,Palangre,0,40,60,LOA,Length overall,2,PELAGIC
57,"NEIFR  ",NEI.FROZEN,NCA.CONGELÉ,1991,IND,Industrial Fishing,Pêcheries industrielles,5,LL,Longline,Palangre dérivante au-dessus de 1800 hameçons,Longline,Palangre,0,24,40,LOA,Length overall,4,PELAGIC
57,"NEIFR  ",NEI.FROZEN,NCA.CONGELÉ,1991,IND,Industrial Fishing,Pêcheries industrielles,5,LL,Longline,Palangre dérivante au-dessus de 1800 hameçons,Longline,Palangre,0,40,60,LOA,Length overall,57,PELAGIC
22,"IND    ",INDIA,INDE,1991,IND,Industrial Fishing,Pêcheries industrielles,5,LLEX,Exploratory longline,Palangre de prospection,Longline,Palangre,0,24,40,LOA,Length overall,3,PELAGIC
22,"IND    ",INDIA,INDE,1991,IND,Industrial Fishing,Pêcheries industrielles,5,LLEX,Exploratory longline,Palangre de prospection,Longline,Palangre,0,40,60,LOA,Length overall,1,PELAGIC
1,"AUS    ",AUSTRALIA,AUSTRALIE,1991,IND,Industrial Fishing,Pêcheries industrielles,1,PS,Purse seine,Senne tournante aux thons,Purse Seine,Senne tournante,0,24,40,LOA,Length overall,1,PELAGIC
1,"AUS    ",AUSTRALIA,AUSTRALIE,1991,IND,Industrial Fishing,Pêcheries industrielles,1,PS,Purse seine,Senne tournante aux thons,Purse Seine,Senne tournante,0,40,60,LOA,Length overall,1,PELAGIC
13,"EUFRA  ",EU.FRANCE,UE.FRANCE,1991,IND,Industrial Fishing,Pêcheries industrielles,1,PS,Purse seine,Senne tournante aux thons,Purse Seine,Senne tournante,0,40,60,LOA,Length overall,4,PELAGIC
13,"EUFRA  ",EU.FRANCE,UE.FRANCE,1991,IND,Industrial Fishing,Pêcheries industrielles,1,PS,Purse seine,Senne tournante aux thons,Purse Seine,Senne tournante,0,60,80,LOA,Length overall,12,PELAGIC
13,"EUFRA  ",EU.FRANCE,UE.FRANCE,1991,IND,Industrial Fishing,Pêcheries industrielles,1,PS,Purse seine,Senne tournante aux thons,Purse Seine,Senne tournante,0,80,100,LOA,Length overall,2,PELAGIC
19,"EUESP  ",EU.SPAIN,UE.ESPAGNE,1991,IND,Industrial Fishing,Pêcheries industrielles,1,PS,Purse seine,Senne tournante aux thons,Purse Seine,Senne tournante,0,60,80,LOA,Length overall,16,PELAGIC
19,"EUESP  ",EU.SPAIN,UE.ESPAGNE,1991,IND,Industrial Fishing,Pêcheries industrielles,1,PS,Purse seine,Senne tournante aux thons,Purse Seine,Senne tournante,0,80,100,LOA,Length overall,1,PELAGIC
24,"IRN    ",IRAN ISLAMIC REP.,IRAN RÉP. ISLAMIQUE,1991,IND,Industrial Fishing,Pêcheries industrielles,1,PS,Purse seine,Senne tournante aux thons,Purse Seine,Senne tournante,0,40,60,LOA,Length overall,2,PELAGIC
26,"JPN    ",JAPAN,JAPON,1991,IND,Industrial Fishing,Pêcheries industrielles,1,PS,Purse seine,Senne tournante aux thons,Purse Seine,Senne tournante,0,40,60,LOA,Length overall,10,PELAGIC
26,"JPN    ",JAPAN,JAPON,1991,IND,Industrial Fishing,Pêcheries industrielles,1,PS,Purse seine,Senne tournante aux thons,Purse Seine,Senne tournante,0,60,80,LOA,Length overall,1,PELAGIC
34,"MUS    ",MAURITIUS,MAURICE,1991,IND,Industrial Fishing,Pêcheries industrielles,1,PS,Purse seine,Senne tournante aux thons,Purse Seine,Senne tournante,0,60,80,LOA,Length overall,2,PELAGIC
43,"SYC    ",SEYCHELLES,SEYCHELLES,1991,IND,Industrial Fishing,Pêcheries industrielles,1,PS,Purse seine,Senne tournante aux thons,Purse Seine,Senne tournante,0,60,80,LOA,Length overall,2,PELAGIC
45,"SUN    ",SOVIET UNION,UNION SOVIÉTIQUE,1991,IND,Industrial Fishing,Pêcheries industrielles,1,PS,Purse seine,Senne tournante aux thons,Purse Seine,Senne tournante,0,80,100,LOA,Length overall,12,PELAGIC
58,"NEIPS  ",NEI.OTHER,NCA.AUTRE,1991,IND,Industrial Fishing,Pêcheries industrielles,1,PS,Purse seine,Senne tournante aux thons,Purse Seine,Senne tournante,0,60,80,LOA,Length overall,4,PELAGIC
23,"IDN    ",INDONESIA,INDONÉSIE,1991,ART,Artisanal Fishing,Pêcheries artisanales,1,PSS,Small purse seine,Senneur côtier,Purse Seine,Senne tournante,0,NULL,30,GRT,Gross Registered Tonnage,958,"ALL    "
32,"MYS    ",MALAYSIA,MALAISIE,1991,ART,Artisanal Fishing,Pêcheries artisanales,1,PSS,Small purse seine,Senneur côtier,Purse Seine,Senne tournante,0,10,70,GRT,Gross Registered Tonnage,257,COASTAL
49,"THA    ",THAILAND,THAÏLANDE,1991,ART,Artisanal Fishing,Pêcheries artisanales,1,PSS,Small purse seine,Senneur côtier,Purse Seine,Senne tournante,0,1,14,LOA,Length overall,23,"ALL    "
49,"THA    ",THAILAND,THAÏLANDE,1991,ART,Artisanal Fishing,Pêcheries artisanales,1,PSS,Small purse seine,Senneur côtier,Purse Seine,Senne tournante,0,14,25,LOA,Length overall,216,"ALL    "
49,"THA    ",THAILAND,THAÏLANDE,1991,ART,Artisanal Fishing,Pêcheries artisanales,1,PSS,Small purse seine,Senneur côtier,Purse Seine,Senne tournante,0,25,40,LOA,Length overall,2,"ALL    "
32,"MYS    ",MALAYSIA,MALAISIE,1991,ART,Artisanal Fishing,Pêcheries artisanales,9,TRAW,Trawl,Chaluts,Other,Autres,0,10,70,GRT,Gross Registered Tonnage,2921,COASTAL
23,"IDN    ",INDONESIA,INDONÉSIE,1991,ART,Artisanal Fishing,Pêcheries artisanales,6,TROL,Troll line,Ligne de traîne,Line,Lignes,0,NULL,30,GRT,Gross Registered Tonnage,14109,"ALL    "
32,"MYS    ",MALAYSIA,MALAISIE,1991,ART,Artisanal Fishing,Pêcheries artisanales,6,TROL,Troll line,Ligne de traîne,Line,Lignes,0,1,10,GRT,Gross Registered Tonnage,369,COASTAL
33,"MDV    ",MALDIVES,MALDIVES,1991,ART,Artisanal Fishing,Pêcheries artisanales,6,TROL,Troll line,Ligne de traîne,Line,Lignes,0,5,10,LOA,Length overall,352,PELAGIC
43,"SYC    ",SEYCHELLES,SEYCHELLES,1991,ART,Artisanal Fishing,Pêcheries artisanales,6,TROL,Troll line,Ligne de traîne,Line,Lignes,0,7,12,LOA,Length overall,6,PELAGIC
23,"IDN    ",INDONESIA,INDONÉSIE,1991,ART,Artisanal Fishing,Pêcheries artisanales,9,UNCL,Unclassified,Non classé,Other,Autres,1,NULL,10,GRT,Gross Registered Tonnage,44309,COASTAL
41,"SAU    ",SAUDI ARABIA,ARABIE SAOUDITE,1991,ART,Artisanal Fishing,Pêcheries artisanales,9,UNCL,Unclassified,Non classé,Other,Autres,1,5,25,LOA,Length overall,5059,COASTAL
46,"LKA    ",SRI LANKA,SRI LANKA,1991,ART,Artisanal Fishing,Pêcheries artisanales,9,UNCL,Unclassified,Non classé,Other,Autres,1,1,8,LOA,Length overall,25144,"ALL    "
46,"LKA    ",SRI LANKA,SRI LANKA,1991,ART,Artisanal Fishing,Pêcheries artisanales,9,UNCL,Unclassified,Non classé,Other,Autres,1,8,9,LOA,Length overall,2323,"ALL    "
51,"ARE    ",UN. ARAB EMIRATES,EMIRATS ARABES UNIES,1991,ART,Artisanal Fishing,Pêcheries artisanales,9,UNCL,Unclassified,Non classé,Other,Autres,1,15,80,LOA,Length overall,1320,COASTAL
33,"MDV    ",MALDIVES,MALDIVES,1992,ART,Artisanal Fishing,Pêcheries artisanales,3,BB,Baitboat,Canne,Baitboat,Canne,0,10,15,LOA,Length overall,1385,PELAGIC
1,"AUS    ",AUSTRALIA,AUSTRALIE,1992,IND,Industrial Fishing,Pêcheries industrielles,3,BBPS,Baitboat and purse seine,Canne et senne tournante,Baitboat,Canne,1,20,50,LOA,Length overall,50,PELAGIC
1,"AUS    ",AUSTRALIA,AUSTRALIE,1992,IND,Industrial Fishing,Pêcheries industrielles,5,ELL,Longline targeting swordfish,Palangre à espadon,Longline,Palangre,0,15,24,LOA,Length overall,3,PELAGIC
1,"AUS    ",AUSTRALIA,AUSTRALIE,1992,IND,Industrial Fishing,Pêcheries industrielles,5,ELL,Longline targeting swordfish,Palangre à espadon,Longline,Palangre,0,24,40,LOA,Length overall,3,PELAGIC
1,"AUS    ",AUSTRALIA,AUSTRALIE,1992,IND,Industrial Fishing,Pêcheries industrielles,5,ELL,Longline targeting swordfish,Palangre à espadon,Longline,Palangre,0,40,60,LOA,Length overall,1,PELAGIC
15,"EUREU  ",EU.FRANCE.REUNION,UE.FRANCE.RÉUNION,1992,IND,Industrial Fishing,Pêcheries industrielles,5,ELL,Longline targeting swordfish,Palangre à espadon,Longline,Palangre,0,0,15,LOA,Length overall,5,PELAGIC
6,"TWN    ","TAIWAN,CHINA","TAIWAN,CHINE",1992,IND,Industrial Fishing,Pêcheries industrielles,5,FLL,Longline Fresh,Palangre Frais,Longline,Palangre,0,15,24,LOA,Length overall,462,PELAGIC
6,"TWN    ","TAIWAN,CHINA","TAIWAN,CHINE",1992,IND,Industrial Fishing,Pêcheries industrielles,5,FLL,Longline Fresh,Palangre Frais,Longline,Palangre,0,24,40,LOA,Length overall,245,PELAGIC
23,"IDN    ",INDONESIA,INDONÉSIE,1992,IND,Industrial Fishing,Pêcheries industrielles,5,FLL,Longline Fresh,Palangre Frais,Longline,Palangre,0,0,15,LOA,Length overall,13,PELAGIC
23,"IDN    ",INDONESIA,INDONÉSIE,1992,IND,Industrial Fishing,Pêcheries industrielles,5,FLL,Longline Fresh,Palangre Frais,Longline,Palangre,0,15,24,LOA,Length overall,204,PELAGIC
23,"IDN    ",INDONESIA,INDONÉSIE,1992,IND,Industrial Fishing,Pêcheries industrielles,5,FLL,Longline Fresh,Palangre Frais,Longline,Palangre,0,24,40,LOA,Length overall,38,PELAGIC
55,"NEICE  ",NEI.FRESH,NCA.FRAIS,1992,IND,Industrial Fishing,Pêcheries industrielles,5,FLL,Longline Fresh,Palangre Frais,Longline,Palangre,0,15,24,LOA,Length overall,4,PELAGIC
46,"LKA    ",SRI LANKA,SRI LANKA,1992,ART,Artisanal Fishing,Pêcheries artisanales,4,G/L,Gillnet and Longline combination,Filet maillant et Palangre,Gillnet,Filet maillant,1,9,18,LOA,Length overall,1385,PELAGIC
37,"OMN    ",OMAN,OMAN,1992,ART,Artisanal Fishing,Pêcheries artisanales,4,GIHA,Gillnet and hand line,Filet maillant et Ligne à main,Gillnet,Filet maillant,1,1,10,LOA,Length overall,10944,COASTAL
54,"YEM    ",YEMEN,YÉMEN,1992,ART,Artisanal Fishing,Pêcheries artisanales,4,GIHT,Gillnet and hand line and troll line,Filet maillant et ligne à main et ligne de traîne,Gillnet,Filet maillant,1,5,26,LOA,Length overall,4314,COASTAL
1,"AUS    ",AUSTRALIA,AUSTRALIE,1992,ART,Artisanal Fishing,Pêcheries artisanales,4,GILL,Gillnet,Filet maillant,Gillnet,Filet maillant,0,4,20,LOA,Length overall,17,COASTAL
6,"TWN    ","TAIWAN,CHINA","TAIWAN,CHINE",1992,IND,Industrial Fishing,Pêcheries industrielles,4,GILL,Gillnet,Filet maillant,Gillnet,Filet maillant,0,200,500,GRT,Gross Registered Tonnage,15,NULL
6,"TWN    ","TAIWAN,CHINA","TAIWAN,CHINE",1992,IND,Industrial Fishing,Pêcheries industrielles,4,GILL,Gillnet,Filet maillant,Gillnet,Filet maillant,0,500,1000,GRT,Gross Registered Tonnage,1,NULL
23,"IDN    ",INDONESIA,INDONÉSIE,1992,ART,Artisanal Fishing,Pêcheries artisanales,4,GILL,Gillnet,Filet maillant,Gillnet,Filet maillant,0,NULL,30,GRT,Gross Registered Tonnage,18977,"ALL    "
24,"IRN    ",IRAN ISLAMIC REP.,IRAN RÉP. ISLAMIQUE,1992,ART,Artisanal Fishing,Pêcheries artisanales,4,GILL,Gillnet,Filet maillant,Gillnet,Filet maillant,0,0,2,GRT,Gross Registered Tonnage,4574,"ALL    "
24,"IRN    ",IRAN ISLAMIC REP.,IRAN RÉP. ISLAMIQUE,1992,ART,Artisanal Fishing,Pêcheries artisanales,4,GILL,Gillnet,Filet maillant,Gillnet,Filet maillant,0,3,20,GRT,Gross Registered Tonnage,1135,"ALL    "
24,"IRN    ",IRAN ISLAMIC REP.,IRAN RÉP. ISLAMIQUE,1992,ART,Artisanal Fishing,Pêcheries artisanales,4,GILL,Gillnet,Filet maillant,Gillnet,Filet maillant,0,21,50,GRT,Gross Registered Tonnage,892,"ALL    "
24,"IRN    ",IRAN ISLAMIC REP.,IRAN RÉP. ISLAMIQUE,1992,ART,Artisanal Fishing,Pêcheries artisanales,4,GILL,Gillnet,Filet maillant,Gillnet,Filet maillant,0,51,100,GRT,Gross Registered Tonnage,441,"ALL    "
32,"MYS    ",MALAYSIA,MALAISIE,1992,ART,Artisanal Fishing,Pêcheries artisanales,4,GILL,Gillnet,Filet maillant,Gillnet,Filet maillant,0,1,10,GRT,Gross Registered Tonnage,6744,COASTAL
37,"OMN    ",OMAN,OMAN,1992,ART,Artisanal Fishing,Pêcheries artisanales,4,GILL,Gillnet,Filet maillant,Gillnet,Filet maillant,0,10,24,LOA,Length overall,699,COASTAL
38,"PAK    ",PAKISTAN,PAKISTAN,1992,ART,Artisanal Fishing,Pêcheries artisanales,4,GILL,Gillnet,Filet maillant,Gillnet,Filet maillant,0,35,50,GRT,Gross Registered Tonnage,919,"ALL    "
49,"THA    ",THAILAND,THAÏLANDE,1992,ART,Artisanal Fishing,Pêcheries artisanales,4,GILL,Gillnet,Filet maillant,Gillnet,Filet maillant,0,1,14,LOA,Length overall,127,COASTAL
49,"THA    ",THAILAND,THAÏLANDE,1992,ART,Artisanal Fishing,Pêcheries artisanales,4,GILL,Gillnet,Filet maillant,Gillnet,Filet maillant,0,14,25,LOA,Length overall,41,COASTAL
51,"ARE    ",UN. ARAB EMIRATES,EMIRATS ARABES UNIES,1992,ART,Artisanal Fishing,Pêcheries artisanales,4,GILL,Gillnet,Filet maillant,Gillnet,Filet maillant,0,15,80,LOA,Length overall,929,COASTAL
1,"AUS    ",AUSTRALIA,AUSTRALIE,1992,ART,Artisanal Fishing,Pêcheries artisanales,6,HAND,Hand line,Ligne à main,Line,Lignes,0,4,20,LOA,Length overall,103,COASTAL
33,"MDV    ",MALDIVES,MALDIVES,1992,ART,Artisanal Fishing,Pêcheries artisanales,6,HAND,Hand line,Ligne à main,Line,Lignes,0,4,6,LOA,Length overall,18,PELAGIC
43,"SYC    ",SEYCHELLES,SEYCHELLES,1992,ART,Artisanal Fishing,Pêcheries artisanales,6,HAND,Hand line,Ligne à main,Line,Lignes,0,4,6,LOA,Length overall,87,PELAGIC
43,"SYC    ",SEYCHELLES,SEYCHELLES,1992,ART,Artisanal Fishing,Pêcheries artisanales,6,HAND,Hand line,Ligne à main,Line,Lignes,0,5,10,LOA,Length overall,198,PELAGIC
43,"SYC    ",SEYCHELLES,SEYCHELLES,1992,ART,Artisanal Fishing,Pêcheries artisanales,6,HAND,Hand line,Ligne à main,Line,Lignes,0,7,12,LOA,Length overall,95,PELAGIC
43,"SYC    ",SEYCHELLES,SEYCHELLES,1992,ART,Artisanal Fishing,Pêcheries artisanales,6,HAND,Hand line,Ligne à main,Line,Lignes,0,9,26,LOA,Length overall,13,PELAGIC
51,"ARE    ",UN. ARAB EMIRATES,EMIRATS ARABES UNIES,1992,ART,Artisanal Fishing,Pêcheries artisanales,6,HAND,Hand line,Ligne à main,Line,Lignes,0,1,5,GRT,Gross Registered Tonnage,290,COASTAL
6,"TWN    ","TAIWAN,CHINA","TAIWAN,CHINE",1992,IND,Industrial Fishing,Pêcheries industrielles,5,LL,Longline,Palangre dérivante au-dessus de 1800 hameçons,Longline,Palangre,0,24,40,LOA,Length overall,22,PELAGIC
6,"TWN    ","TAIWAN,CHINA","TAIWAN,CHINE",1992,IND,Industrial Fishing,Pêcheries industrielles,5,LL,Longline,Palangre dérivante au-dessus de 1800 hameçons,Longline,Palangre,0,40,60,LOA,Length overall,274,PELAGIC
22,"IND    ",INDIA,INDE,1992,IND,Industrial Fishing,Pêcheries industrielles,5,LL,Longline,Palangre dérivante au-dessus de 1800 hameçons,Longline,Palangre,0,40,60,LOA,Length overall,1,PELAGIC
24,"IRN    ",IRAN ISLAMIC REP.,IRAN RÉP. ISLAMIQUE,1992,IND,Industrial Fishing,Pêcheries industrielles,5,LL,Longline,Palangre dérivante au-dessus de 1800 hameçons,Longline,Palangre,0,40,60,LOA,Length overall,1,PELAGIC
26,"JPN    ",JAPAN,JAPON,1992,IND,Industrial Fishing,Pêcheries industrielles,5,LL,Longline,Palangre dérivante au-dessus de 1800 hameçons,Longline,Palangre,0,24,40,LOA,Length overall,10,PELAGIC
26,"JPN    ",JAPAN,JAPON,1992,IND,Industrial Fishing,Pêcheries industrielles,5,LL,Longline,Palangre dérivante au-dessus de 1800 hameçons,Longline,Palangre,0,40,60,LOA,Length overall,170,PELAGIC
29,"KOR    ",KOREA REP.,CORÉE RÉP.,1992,IND,Industrial Fishing,Pêcheries industrielles,5,LL,Longline,Palangre dérivante au-dessus de 1800 hameçons,Longline,Palangre,0,40,60,LOA,Length overall,50,PELAGIC
34,"MUS    ",MAURITIUS,MAURICE,1992,IND,Industrial Fishing,Pêcheries industrielles,5,LL,Longline,Palangre dérivante au-dessus de 1800 hameçons,Longline,Palangre,0,40,60,LOA,Length overall,1,PELAGIC
57,"NEIFR  ",NEI.FROZEN,NCA.CONGELÉ,1992,IND,Industrial Fishing,Pêcheries industrielles,5,LL,Longline,Palangre dérivante au-dessus de 1800 hameçons,Longline,Palangre,0,24,40,LOA,Length overall,3,PELAGIC
57,"NEIFR  ",NEI.FROZEN,NCA.CONGELÉ,1992,IND,Industrial Fishing,Pêcheries industrielles,5,LL,Longline,Palangre dérivante au-dessus de 1800 hameçons,Longline,Palangre,0,40,60,LOA,Length overall,44,PELAGIC
22,"IND    ",INDIA,INDE,1992,IND,Industrial Fishing,Pêcheries industrielles,5,LLEX,Exploratory longline,Palangre de prospection,Longline,Palangre,0,40,60,LOA,Length overall,1,PELAGIC
1,"AUS    ",AUSTRALIA,AUSTRALIE,1992,IND,Industrial Fishing,Pêcheries industrielles,1,PS,Purse seine,Senne tournante aux thons,Purse Seine,Senne tournante,0,24,40,LOA,Length overall,1,PELAGIC
13,"EUFRA  ",EU.FRANCE,UE.FRANCE,1992,IND,Industrial Fishing,Pêcheries industrielles,1,PS,Purse seine,Senne tournante aux thons,Purse Seine,Senne tournante,0,40,60,LOA,Length overall,4,PELAGIC
13,"EUFRA  ",EU.FRANCE,UE.FRANCE,1992,IND,Industrial Fishing,Pêcheries industrielles,1,PS,Purse seine,Senne tournante aux thons,Purse Seine,Senne tournante,0,60,80,LOA,Length overall,11,PELAGIC
13,"EUFRA  ",EU.FRANCE,UE.FRANCE,1992,IND,Industrial Fishing,Pêcheries industrielles,1,PS,Purse seine,Senne tournante aux thons,Purse Seine,Senne tournante,0,80,100,LOA,Length overall,2,PELAGIC
19,"EUESP  ",EU.SPAIN,UE.ESPAGNE,1992,IND,Industrial Fishing,Pêcheries industrielles,1,PS,Purse seine,Senne tournante aux thons,Purse Seine,Senne tournante,0,60,80,LOA,Length overall,15,PELAGIC
19,"EUESP  ",EU.SPAIN,UE.ESPAGNE,1992,IND,Industrial Fishing,Pêcheries industrielles,1,PS,Purse seine,Senne tournante aux thons,Purse Seine,Senne tournante,0,80,100,LOA,Length overall,3,PELAGIC
24,"IRN    ",IRAN ISLAMIC REP.,IRAN RÉP. ISLAMIQUE,1992,IND,Industrial Fishing,Pêcheries industrielles,1,PS,Purse seine,Senne tournante aux thons,Purse Seine,Senne tournante,0,40,60,LOA,Length overall,2,PELAGIC
26,"JPN    ",JAPAN,JAPON,1992,IND,Industrial Fishing,Pêcheries industrielles,1,PS,Purse seine,Senne tournante aux thons,Purse Seine,Senne tournante,0,40,60,LOA,Length overall,11,PELAGIC
26,"JPN    ",JAPAN,JAPON,1992,IND,Industrial Fishing,Pêcheries industrielles,1,PS,Purse seine,Senne tournante aux thons,Purse Seine,Senne tournante,0,60,80,LOA,Length overall,1,PELAGIC
34,"MUS    ",MAURITIUS,MAURICE,1992,IND,Industrial Fishing,Pêcheries industrielles,1,PS,Purse seine,Senne tournante aux thons,Purse Seine,Senne tournante,0,40,60,LOA,Length overall,1,PELAGIC
34,"MUS    ",MAURITIUS,MAURICE,1992,IND,Industrial Fishing,Pêcheries industrielles,1,PS,Purse seine,Senne tournante aux thons,Purse Seine,Senne tournante,0,60,80,LOA,Length overall,2,PELAGIC
43,"SYC    ",SEYCHELLES,SEYCHELLES,1992,IND,Industrial Fishing,Pêcheries industrielles,1,PS,Purse seine,Senne tournante aux thons,Purse Seine,Senne tournante,0,60,80,LOA,Length overall,2,PELAGIC
58,"NEIPS  ",NEI.OTHER,NCA.AUTRE,1992,IND,Industrial Fishing,Pêcheries industrielles,1,PS,Purse seine,Senne tournante aux thons,Purse Seine,Senne tournante,0,60,80,LOA,Length overall,4,PELAGIC
59,"NEISU  ",NEI.EXSOVIET,NCA.EXSOVIÉTIQUE,1992,IND,Industrial Fishing,Pêcheries industrielles,1,PS,Purse seine,Senne tournante aux thons,Purse Seine,Senne tournante,0,80,100,LOA,Length overall,5,PELAGIC
23,"IDN    ",INDONESIA,INDONÉSIE,1992,ART,Artisanal Fishing,Pêcheries artisanales,1,PSS,Small purse seine,Senneur côtier,Purse Seine,Senne tournante,0,NULL,30,GRT,Gross Registered Tonnage,2363,"ALL    "
32,"MYS    ",MALAYSIA,MALAISIE,1992,ART,Artisanal Fishing,Pêcheries artisanales,1,PSS,Small purse seine,Senneur côtier,Purse Seine,Senne tournante,0,10,70,GRT,Gross Registered Tonnage,249,COASTAL
49,"THA    ",THAILAND,THAÏLANDE,1992,ART,Artisanal Fishing,Pêcheries artisanales,1,PSS,Small purse seine,Senneur côtier,Purse Seine,Senne tournante,0,1,14,LOA,Length overall,9,"ALL    "
49,"THA    ",THAILAND,THAÏLANDE,1992,ART,Artisanal Fishing,Pêcheries artisanales,1,PSS,Small purse seine,Senneur côtier,Purse Seine,Senne tournante,0,14,25,LOA,Length overall,208,"ALL    "
49,"THA    ",THAILAND,THAÏLANDE,1992,ART,Artisanal Fishing,Pêcheries artisanales,1,PSS,Small purse seine,Senneur côtier,Purse Seine,Senne tournante,0,25,40,LOA,Length overall,2,"ALL    "
32,"MYS    ",MALAYSIA,MALAISIE,1992,ART,Artisanal Fishing,Pêcheries artisanales,9,TRAW,Trawl,Chaluts,Other,Autres,0,10,70,GRT,Gross Registered Tonnage,2994,COASTAL
1,"AUS    ",AUSTRALIA,AUSTRALIE,1992,ART,Artisanal Fishing,Pêcheries artisanales,6,TROL,Troll line,Ligne de traîne,Line,Lignes,0,4,20,LOA,Length overall,82,PELAGIC
23,"IDN    ",INDONESIA,INDONÉSIE,1992,ART,Artisanal Fishing,Pêcheries artisanales,6,TROL,Troll line,Ligne de traîne,Line,Lignes,0,NULL,30,GRT,Gross Registered Tonnage,9350,"ALL    "
32,"MYS    ",MALAYSIA,MALAISIE,1992,ART,Artisanal Fishing,Pêcheries artisanales,6,TROL,Troll line,Ligne de traîne,Line,Lignes,0,1,10,GRT,Gross Registered Tonnage,355,COASTAL
33,"MDV    ",MALDIVES,MALDIVES,1992,ART,Artisanal Fishing,Pêcheries artisanales,6,TROL,Troll line,Ligne de traîne,Line,Lignes,0,5,10,LOA,Length overall,270,PELAGIC
43,"SYC    ",SEYCHELLES,SEYCHELLES,1992,ART,Artisanal Fishing,Pêcheries artisanales,6,TROL,Troll line,Ligne de traîne,Line,Lignes,0,7,12,LOA,Length overall,6,PELAGIC
1,"AUS    ",AUSTRALIA,AUSTRALIE,1992,ART,Artisanal Fishing,Pêcheries artisanales,9,UNCL,Unclassified,Non classé,Other,Autres,1,4,20,LOA,Length overall,14,COASTAL
23,"IDN    ",INDONESIA,INDONÉSIE,1992,ART,Artisanal Fishing,Pêcheries artisanales,9,UNCL,Unclassified,Non classé,Other,Autres,1,NULL,10,GRT,Gross Registered Tonnage,57657,COASTAL
41,"SAU    ",SAUDI ARABIA,ARABIE SAOUDITE,1992,ART,Artisanal Fishing,Pêcheries artisanales,9,UNCL,Unclassified,Non classé,Other,Autres,1,5,25,LOA,Length overall,6104,COASTAL
46,"LKA    ",SRI LANKA,SRI LANKA,1992,ART,Artisanal Fishing,Pêcheries artisanales,9,UNCL,Unclassified,Non classé,Other,Autres,1,1,8,LOA,Length overall,22090,"ALL    "
46,"LKA    ",SRI LANKA,SRI LANKA,1992,ART,Artisanal Fishing,Pêcheries artisanales,9,UNCL,Unclassified,Non classé,Other,Autres,1,8,9,LOA,Length overall,2591,"ALL    "
51,"ARE    ",UN. ARAB EMIRATES,EMIRATS ARABES UNIES,1992,ART,Artisanal Fishing,Pêcheries artisanales,9,UNCL,Unclassified,Non classé,Other,Autres,1,15,80,LOA,Length overall,1320,COASTAL
33,"MDV    ",MALDIVES,MALDIVES,1993,ART,Artisanal Fishing,Pêcheries artisanales,3,BB,Baitboat,Canne,Baitboat,Canne,0,10,15,LOA,Length overall,1449,PELAGIC
1,"AUS    ",AUSTRALIA,AUSTRALIE,1993,IND,Industrial Fishing,Pêcheries industrielles,3,BBPS,Baitboat and purse seine,Canne et senne tournante,Baitboat,Canne,1,20,50,LOA,Length overall,12,PELAGIC
1,"AUS    ",AUSTRALIA,AUSTRALIE,1993,IND,Industrial Fishing,Pêcheries industrielles,5,ELL,Longline targeting swordfish,Palangre à espadon,Longline,Palangre,0,15,24,LOA,Length overall,4,PELAGIC
1,"AUS    ",AUSTRALIA,AUSTRALIE,1993,IND,Industrial Fishing,Pêcheries industrielles,5,ELL,Longline targeting swordfish,Palangre à espadon,Longline,Palangre,0,24,40,LOA,Length overall,4,PELAGIC
1,"AUS    ",AUSTRALIA,AUSTRALIE,1993,IND,Industrial Fishing,Pêcheries industrielles,5,ELL,Longline targeting swordfish,Palangre à espadon,Longline,Palangre,0,40,60,LOA,Length overall,1,PELAGIC
15,"EUREU  ",EU.FRANCE.REUNION,UE.FRANCE.RÉUNION,1993,IND,Industrial Fishing,Pêcheries industrielles,5,ELL,Longline targeting swordfish,Palangre à espadon,Longline,Palangre,0,0,15,LOA,Length overall,11,PELAGIC
15,"EUREU  ",EU.FRANCE.REUNION,UE.FRANCE.RÉUNION,1993,IND,Industrial Fishing,Pêcheries industrielles,5,ELL,Longline targeting swordfish,Palangre à espadon,Longline,Palangre,0,15,24,LOA,Length overall,1,PELAGIC
19,"EUESP  ",EU.SPAIN,UE.ESPAGNE,1993,IND,Industrial Fishing,Pêcheries industrielles,5,ELL,Longline targeting swordfish,Palangre à espadon,Longline,Palangre,0,24,40,LOA,Length overall,3,PELAGIC
19,"EUESP  ",EU.SPAIN,UE.ESPAGNE,1993,IND,Industrial Fishing,Pêcheries industrielles,5,ELL,Longline targeting swordfish,Palangre à espadon,Longline,Palangre,0,40,60,LOA,Length overall,2,PELAGIC
6,"TWN    ","TAIWAN,CHINA","TAIWAN,CHINE",1993,IND,Industrial Fishing,Pêcheries industrielles,5,FLL,Longline Fresh,Palangre Frais,Longline,Palangre,0,15,24,LOA,Length overall,590,PELAGIC
6,"TWN    ","TAIWAN,CHINA","TAIWAN,CHINE",1993,IND,Industrial Fishing,Pêcheries industrielles,5,FLL,Longline Fresh,Palangre Frais,Longline,Palangre,0,24,40,LOA,Length overall,313,PELAGIC
23,"IDN    ",INDONESIA,INDONÉSIE,1993,IND,Industrial Fishing,Pêcheries industrielles,5,FLL,Longline Fresh,Palangre Frais,Longline,Palangre,0,0,15,LOA,Length overall,17,PELAGIC
23,"IDN    ",INDONESIA,INDONÉSIE,1993,IND,Industrial Fishing,Pêcheries industrielles,5,FLL,Longline Fresh,Palangre Frais,Longline,Palangre,0,15,24,LOA,Length overall,276,PELAGIC
23,"IDN    ",INDONESIA,INDONÉSIE,1993,IND,Industrial Fishing,Pêcheries industrielles,5,FLL,Longline Fresh,Palangre Frais,Longline,Palangre,0,24,40,LOA,Length overall,52,PELAGIC
55,"NEICE  ",NEI.FRESH,NCA.FRAIS,1993,IND,Industrial Fishing,Pêcheries industrielles,5,FLL,Longline Fresh,Palangre Frais,Longline,Palangre,0,15,24,LOA,Length overall,5,PELAGIC
46,"LKA    ",SRI LANKA,SRI LANKA,1993,ART,Artisanal Fishing,Pêcheries artisanales,4,G/L,Gillnet and Longline combination,Filet maillant et Palangre,Gillnet,Filet maillant,1,9,18,LOA,Length overall,1204,PELAGIC
37,"OMN    ",OMAN,OMAN,1993,ART,Artisanal Fishing,Pêcheries artisanales,4,GIHA,Gillnet and hand line,Filet maillant et Ligne à main,Gillnet,Filet maillant,1,1,10,LOA,Length overall,10944,COASTAL
54,"YEM    ",YEMEN,YÉMEN,1993,ART,Artisanal Fishing,Pêcheries artisanales,4,GIHT,Gillnet and hand line and troll line,Filet maillant et ligne à main et ligne de traîne,Gillnet,Filet maillant,1,5,26,LOA,Length overall,4189,COASTAL
1,"AUS    ",AUSTRALIA,AUSTRALIE,1993,ART,Artisanal Fishing,Pêcheries artisanales,4,GILL,Gillnet,Filet maillant,Gillnet,Filet maillant,0,4,20,LOA,Length overall,12,COASTAL
2,"BHR    ",BAHRAIN,BAHREÏN,1993,ART,Artisanal Fishing,Pêcheries artisanales,4,GILL,Gillnet,Filet maillant,Gillnet,Filet maillant,0,4,20,LOA,Length overall,235,COASTAL
24,"IRN    ",IRAN ISLAMIC REP.,IRAN RÉP. ISLAMIQUE,1993,ART,Artisanal Fishing,Pêcheries artisanales,4,GILL,Gillnet,Filet maillant,Gillnet,Filet maillant,0,0,2,GRT,Gross Registered Tonnage,5601,"ALL    "
24,"IRN    ",IRAN ISLAMIC REP.,IRAN RÉP. ISLAMIQUE,1993,ART,Artisanal Fishing,Pêcheries artisanales,4,GILL,Gillnet,Filet maillant,Gillnet,Filet maillant,0,3,20,GRT,Gross Registered Tonnage,1210,"ALL    "
24,"IRN    ",IRAN ISLAMIC REP.,IRAN RÉP. ISLAMIQUE,1993,ART,Artisanal Fishing,Pêcheries artisanales,4,GILL,Gillnet,Filet maillant,Gillnet,Filet maillant,0,21,50,GRT,Gross Registered Tonnage,951,"ALL    "
24,"IRN    ",IRAN ISLAMIC REP.,IRAN RÉP. ISLAMIQUE,1993,ART,Artisanal Fishing,Pêcheries artisanales,4,GILL,Gillnet,Filet maillant,Gillnet,Filet maillant,0,51,100,GRT,Gross Registered Tonnage,470,"ALL    "
32,"MYS    ",MALAYSIA,MALAISIE,1993,ART,Artisanal Fishing,Pêcheries artisanales,4,GILL,Gillnet,Filet maillant,Gillnet,Filet maillant,0,1,10,GRT,Gross Registered Tonnage,5805,COASTAL
37,"OMN    ",OMAN,OMAN,1993,ART,Artisanal Fishing,Pêcheries artisanales,4,GILL,Gillnet,Filet maillant,Gillnet,Filet maillant,0,10,24,LOA,Length overall,699,COASTAL
38,"PAK    ",PAKISTAN,PAKISTAN,1993,ART,Artisanal Fishing,Pêcheries artisanales,4,GILL,Gillnet,Filet maillant,Gillnet,Filet maillant,0,35,50,GRT,Gross Registered Tonnage,1154,"ALL    "
49,"THA    ",THAILAND,THAÏLANDE,1993,ART,Artisanal Fishing,Pêcheries artisanales,4,GILL,Gillnet,Filet maillant,Gillnet,Filet maillant,0,1,14,LOA,Length overall,178,COASTAL
49,"THA    ",THAILAND,THAÏLANDE,1993,ART,Artisanal Fishing,Pêcheries artisanales,4,GILL,Gillnet,Filet maillant,Gillnet,Filet maillant,0,14,25,LOA,Length overall,57,COASTAL
51,"ARE    ",UN. ARAB EMIRATES,EMIRATS ARABES UNIES,1993,ART,Artisanal Fishing,Pêcheries artisanales,4,GILL,Gillnet,Filet maillant,Gillnet,Filet maillant,0,15,80,LOA,Length overall,3084,COASTAL
1,"AUS    ",AUSTRALIA,AUSTRALIE,1993,ART,Artisanal Fishing,Pêcheries artisanales,6,HAND,Hand line,Ligne à main,Line,Lignes,0,4,20,LOA,Length overall,81,COASTAL
7,"COM    ",COMOROS,COMORES,1993,ART,Artisanal Fishing,Pêcheries artisanales,6,HAND,Hand line,Ligne à main,Line,Lignes,0,3,9,LOA,Length overall,3742,PELAGIC
33,"MDV    ",MALDIVES,MALDIVES,1993,ART,Artisanal Fishing,Pêcheries artisanales,6,HAND,Hand line,Ligne à main,Line,Lignes,0,4,6,LOA,Length overall,22,PELAGIC
43,"SYC    ",SEYCHELLES,SEYCHELLES,1993,ART,Artisanal Fishing,Pêcheries artisanales,6,HAND,Hand line,Ligne à main,Line,Lignes,0,4,6,LOA,Length overall,74,PELAGIC
43,"SYC    ",SEYCHELLES,SEYCHELLES,1993,ART,Artisanal Fishing,Pêcheries artisanales,6,HAND,Hand line,Ligne à main,Line,Lignes,0,5,10,LOA,Length overall,202,PELAGIC
43,"SYC    ",SEYCHELLES,SEYCHELLES,1993,ART,Artisanal Fishing,Pêcheries artisanales,6,HAND,Hand line,Ligne à main,Line,Lignes,0,7,12,LOA,Length overall,94,PELAGIC
43,"SYC    ",SEYCHELLES,SEYCHELLES,1993,ART,Artisanal Fishing,Pêcheries artisanales,6,HAND,Hand line,Ligne à main,Line,Lignes,0,9,26,LOA,Length overall,9,PELAGIC
15,"EUREU  ",EU.FRANCE.REUNION,UE.FRANCE.RÉUNION,1993,ART,Artisanal Fishing,Pêcheries artisanales,6,HATR,Hand line and Troll line,Ligne à main et Ligne de traîne,Line,Lignes,1,5,14,LOA,Length overall,275,PELAGIC
6,"TWN    ","TAIWAN,CHINA","TAIWAN,CHINE",1993,IND,Industrial Fishing,Pêcheries industrielles,5,LL,Longline,Palangre dérivante au-dessus de 1800 hameçons,Longline,Palangre,0,24,40,LOA,Length overall,21,PELAGIC
6,"TWN    ","TAIWAN,CHINA","TAIWAN,CHINE",1993,IND,Industrial Fishing,Pêcheries industrielles,5,LL,Longline,Palangre dérivante au-dessus de 1800 hameçons,Longline,Palangre,0,40,60,LOA,Length overall,298,PELAGIC
22,"IND    ",INDIA,INDE,1993,IND,Industrial Fishing,Pêcheries industrielles,5,LL,Longline,Palangre dérivante au-dessus de 1800 hameçons,Longline,Palangre,0,40,60,LOA,Length overall,6,PELAGIC
24,"IRN    ",IRAN ISLAMIC REP.,IRAN RÉP. ISLAMIQUE,1993,IND,Industrial Fishing,Pêcheries industrielles,5,LL,Longline,Palangre dérivante au-dessus de 1800 hameçons,Longline,Palangre,0,40,60,LOA,Length overall,9,PELAGIC
26,"JPN    ",JAPAN,JAPON,1993,IND,Industrial Fishing,Pêcheries industrielles,5,LL,Longline,Palangre dérivante au-dessus de 1800 hameçons,Longline,Palangre,0,24,40,LOA,Length overall,13,PELAGIC
26,"JPN    ",JAPAN,JAPON,1993,IND,Industrial Fishing,Pêcheries industrielles,5,LL,Longline,Palangre dérivante au-dessus de 1800 hameçons,Longline,Palangre,0,40,60,LOA,Length overall,176,PELAGIC
29,"KOR    ",KOREA REP.,CORÉE RÉP.,1993,IND,Industrial Fishing,Pêcheries industrielles,5,LL,Longline,Palangre dérivante au-dessus de 1800 hameçons,Longline,Palangre,0,40,60,LOA,Length overall,50,PELAGIC
34,"MUS    ",MAURITIUS,MAURICE,1993,IND,Industrial Fishing,Pêcheries industrielles,5,LL,Longline,Palangre dérivante au-dessus de 1800 hameçons,Longline,Palangre,0,40,60,LOA,Length overall,1,PELAGIC
57,"NEIFR  ",NEI.FROZEN,NCA.CONGELÉ,1993,IND,Industrial Fishing,Pêcheries industrielles,5,LL,Longline,Palangre dérivante au-dessus de 1800 hameçons,Longline,Palangre,0,24,40,LOA,Length overall,7,PELAGIC
57,"NEIFR  ",NEI.FROZEN,NCA.CONGELÉ,1993,IND,Industrial Fishing,Pêcheries industrielles,5,LL,Longline,Palangre dérivante au-dessus de 1800 hameçons,Longline,Palangre,0,40,60,LOA,Length overall,79,PELAGIC
22,"IND    ",INDIA,INDE,1993,IND,Industrial Fishing,Pêcheries industrielles,5,LLEX,Exploratory longline,Palangre de prospection,Longline,Palangre,0,24,40,LOA,Length overall,4,PELAGIC
22,"IND    ",INDIA,INDE,1993,IND,Industrial Fishing,Pêcheries industrielles,5,LLEX,Exploratory longline,Palangre de prospection,Longline,Palangre,0,40,60,LOA,Length overall,3,PELAGIC
1,"AUS    ",AUSTRALIA,AUSTRALIE,1993,IND,Industrial Fishing,Pêcheries industrielles,1,PS,Purse seine,Senne tournante aux thons,Purse Seine,Senne tournante,0,24,40,LOA,Length overall,1,PELAGIC
13,"EUFRA  ",EU.FRANCE,UE.FRANCE,1993,IND,Industrial Fishing,Pêcheries industrielles,1,PS,Purse seine,Senne tournante aux thons,Purse Seine,Senne tournante,0,40,60,LOA,Length overall,4,PELAGIC
13,"EUFRA  ",EU.FRANCE,UE.FRANCE,1993,IND,Industrial Fishing,Pêcheries industrielles,1,PS,Purse seine,Senne tournante aux thons,Purse Seine,Senne tournante,0,60,80,LOA,Length overall,11,PELAGIC
13,"EUFRA  ",EU.FRANCE,UE.FRANCE,1993,IND,Industrial Fishing,Pêcheries industrielles,1,PS,Purse seine,Senne tournante aux thons,Purse Seine,Senne tournante,0,80,100,LOA,Length overall,2,PELAGIC
19,"EUESP  ",EU.SPAIN,UE.ESPAGNE,1993,IND,Industrial Fishing,Pêcheries industrielles,1,PS,Purse seine,Senne tournante aux thons,Purse Seine,Senne tournante,0,60,80,LOA,Length overall,14,PELAGIC
19,"EUESP  ",EU.SPAIN,UE.ESPAGNE,1993,IND,Industrial Fishing,Pêcheries industrielles,1,PS,Purse seine,Senne tournante aux thons,Purse Seine,Senne tournante,0,80,100,LOA,Length overall,4,PELAGIC
19,"EUESP  ",EU.SPAIN,UE.ESPAGNE,1993,IND,Industrial Fishing,Pêcheries industrielles,1,PS,Purse seine,Senne tournante aux thons,Purse Seine,Senne tournante,0,100,120,LOA,Length overall,1,PELAGIC
24,"IRN    ",IRAN ISLAMIC REP.,IRAN RÉP. ISLAMIQUE,1993,IND,Industrial Fishing,Pêcheries industrielles,1,PS,Purse seine,Senne tournante aux thons,Purse Seine,Senne tournante,0,40,60,LOA,Length overall,2,PELAGIC
26,"JPN    ",JAPAN,JAPON,1993,IND,Industrial Fishing,Pêcheries industrielles,1,PS,Purse seine,Senne tournante aux thons,Purse Seine,Senne tournante,0,40,60,LOA,Length overall,10,PELAGIC
26,"JPN    ",JAPAN,JAPON,1993,IND,Industrial Fishing,Pêcheries industrielles,1,PS,Purse seine,Senne tournante aux thons,Purse Seine,Senne tournante,0,60,80,LOA,Length overall,1,PELAGIC
34,"MUS    ",MAURITIUS,MAURICE,1993,IND,Industrial Fishing,Pêcheries industrielles,1,PS,Purse seine,Senne tournante aux thons,Purse Seine,Senne tournante,0,40,60,LOA,Length overall,1,PELAGIC
34,"MUS    ",MAURITIUS,MAURICE,1993,IND,Industrial Fishing,Pêcheries industrielles,1,PS,Purse seine,Senne tournante aux thons,Purse Seine,Senne tournante,0,60,80,LOA,Length overall,2,PELAGIC
58,"NEIPS  ",NEI.OTHER,NCA.AUTRE,1993,IND,Industrial Fishing,Pêcheries industrielles,1,PS,Purse seine,Senne tournante aux thons,Purse Seine,Senne tournante,0,60,80,LOA,Length overall,8,PELAGIC
59,"NEISU  ",NEI.EXSOVIET,NCA.EXSOVIÉTIQUE,1993,IND,Industrial Fishing,Pêcheries industrielles,1,PS,Purse seine,Senne tournante aux thons,Purse Seine,Senne tournante,0,80,100,LOA,Length overall,4,PELAGIC
32,"MYS    ",MALAYSIA,MALAISIE,1993,ART,Artisanal Fishing,Pêcheries artisanales,1,PSS,Small purse seine,Senneur côtier,Purse Seine,Senne tournante,0,10,70,GRT,Gross Registered Tonnage,235,COASTAL
49,"THA    ",THAILAND,THAÏLANDE,1993,ART,Artisanal Fishing,Pêcheries artisanales,1,PSS,Small purse seine,Senneur côtier,Purse Seine,Senne tournante,0,1,14,LOA,Length overall,9,"ALL    "
49,"THA    ",THAILAND,THAÏLANDE,1993,ART,Artisanal Fishing,Pêcheries artisanales,1,PSS,Small purse seine,Senneur côtier,Purse Seine,Senne tournante,0,14,25,LOA,Length overall,237,"ALL    "
49,"THA    ",THAILAND,THAÏLANDE,1993,ART,Artisanal Fishing,Pêcheries artisanales,1,PSS,Small purse seine,Senneur côtier,Purse Seine,Senne tournante,0,25,40,LOA,Length overall,2,"ALL    "
32,"MYS    ",MALAYSIA,MALAISIE,1993,ART,Artisanal Fishing,Pêcheries artisanales,9,TRAW,Trawl,Chaluts,Other,Autres,0,10,70,GRT,Gross Registered Tonnage,2868,COASTAL
1,"AUS    ",AUSTRALIA,AUSTRALIE,1993,ART,Artisanal Fishing,Pêcheries artisanales,6,TROL,Troll line,Ligne de traîne,Line,Lignes,0,4,20,LOA,Length overall,57,PELAGIC
7,"COM    ",COMOROS,COMORES,1993,ART,Artisanal Fishing,Pêcheries artisanales,6,TROL,Troll line,Ligne de traîne,Line,Lignes,0,3,9,LOA,Length overall,651,PELAGIC
32,"MYS    ",MALAYSIA,MALAISIE,1993,ART,Artisanal Fishing,Pêcheries artisanales,6,TROL,Troll line,Ligne de traîne,Line,Lignes,0,1,10,GRT,Gross Registered Tonnage,286,COASTAL
33,"MDV    ",MALDIVES,MALDIVES,1993,ART,Artisanal Fishing,Pêcheries artisanales,6,TROL,Troll line,Ligne de traîne,Line,Lignes,0,5,10,LOA,Length overall,299,PELAGIC
43,"SYC    ",SEYCHELLES,SEYCHELLES,1993,ART,Artisanal Fishing,Pêcheries artisanales,6,TROL,Troll line,Ligne de traîne,Line,Lignes,0,7,12,LOA,Length overall,1,PELAGIC
1,"AUS    ",AUSTRALIA,AUSTRALIE,1993,ART,Artisanal Fishing,Pêcheries artisanales,9,UNCL,Unclassified,Non classé,Other,Autres,1,4,20,LOA,Length overall,43,COASTAL
41,"SAU    ",SAUDI ARABIA,ARABIE SAOUDITE,1993,ART,Artisanal Fishing,Pêcheries artisanales,9,UNCL,Unclassified,Non classé,Other,Autres,1,5,25,LOA,Length overall,7552,COASTAL
46,"LKA    ",SRI LANKA,SRI LANKA,1993,ART,Artisanal Fishing,Pêcheries artisanales,9,UNCL,Unclassified,Non classé,Other,Autres,1,1,8,LOA,Length overall,21967,"ALL    "
46,"LKA    ",SRI LANKA,SRI LANKA,1993,ART,Artisanal Fishing,Pêcheries artisanales,9,UNCL,Unclassified,Non classé,Other,Autres,1,8,9,LOA,Length overall,2381,"ALL    "
51,"ARE    ",UN. ARAB EMIRATES,EMIRATS ARABES UNIES,1993,ART,Artisanal Fishing,Pêcheries artisanales,9,UNCL,Unclassified,Non classé,Other,Autres,1,15,80,LOA,Length overall,828,COASTAL
33,"MDV    ",MALDIVES,MALDIVES,1994,ART,Artisanal Fishing,Pêcheries artisanales,3,BB,Baitboat,Canne,Baitboat,Canne,0,10,15,LOA,Length overall,1452,PELAGIC
1,"AUS    ",AUSTRALIA,AUSTRALIE,1994,IND,Industrial Fishing,Pêcheries industrielles,3,BBPS,Baitboat and purse seine,Canne et senne tournante,Baitboat,Canne,1,20,50,LOA,Length overall,11,PELAGIC
1,"AUS    ",AUSTRALIA,AUSTRALIE,1994,IND,Industrial Fishing,Pêcheries industrielles,5,ELL,Longline targeting swordfish,Palangre à espadon,Longline,Palangre,0,15,24,LOA,Length overall,8,PELAGIC
1,"AUS    ",AUSTRALIA,AUSTRALIE,1994,IND,Industrial Fishing,Pêcheries industrielles,5,ELL,Longline targeting swordfish,Palangre à espadon,Longline,Palangre,0,24,40,LOA,Length overall,7,PELAGIC
1,"AUS    ",AUSTRALIA,AUSTRALIE,1994,IND,Industrial Fishing,Pêcheries industrielles,5,ELL,Longline targeting swordfish,Palangre à espadon,Longline,Palangre,0,40,60,LOA,Length overall,1,PELAGIC
15,"EUREU  ",EU.FRANCE.REUNION,UE.FRANCE.RÉUNION,1994,IND,Industrial Fishing,Pêcheries industrielles,5,ELL,Longline targeting swordfish,Palangre à espadon,Longline,Palangre,0,0,15,LOA,Length overall,12,PELAGIC
15,"EUREU  ",EU.FRANCE.REUNION,UE.FRANCE.RÉUNION,1994,IND,Industrial Fishing,Pêcheries industrielles,5,ELL,Longline targeting swordfish,Palangre à espadon,Longline,Palangre,0,15,24,LOA,Length overall,2,PELAGIC
15,"EUREU  ",EU.FRANCE.REUNION,UE.FRANCE.RÉUNION,1994,IND,Industrial Fishing,Pêcheries industrielles,5,ELL,Longline targeting swordfish,Palangre à espadon,Longline,Palangre,0,24,40,LOA,Length overall,1,PELAGIC
19,"EUESP  ",EU.SPAIN,UE.ESPAGNE,1994,IND,Industrial Fishing,Pêcheries industrielles,5,ELL,Longline targeting swordfish,Palangre à espadon,Longline,Palangre,0,24,40,LOA,Length overall,3,PELAGIC
19,"EUESP  ",EU.SPAIN,UE.ESPAGNE,1994,IND,Industrial Fishing,Pêcheries industrielles,5,ELL,Longline targeting swordfish,Palangre à espadon,Longline,Palangre,0,40,60,LOA,Length overall,2,PELAGIC
43,"SYC    ",SEYCHELLES,SEYCHELLES,1994,IND,Industrial Fishing,Pêcheries industrielles,5,ELL,Longline targeting swordfish,Palangre à espadon,Longline,Palangre,0,15,24,LOA,Length overall,1,PELAGIC
6,"TWN    ","TAIWAN,CHINA","TAIWAN,CHINE",1994,IND,Industrial Fishing,Pêcheries industrielles,5,FLL,Longline Fresh,Palangre Frais,Longline,Palangre,0,15,24,LOA,Length overall,459,PELAGIC
6,"TWN    ","TAIWAN,CHINA","TAIWAN,CHINE",1994,IND,Industrial Fishing,Pêcheries industrielles,5,FLL,Longline Fresh,Palangre Frais,Longline,Palangre,0,24,40,LOA,Length overall,243,PELAGIC
23,"IDN    ",INDONESIA,INDONÉSIE,1994,IND,Industrial Fishing,Pêcheries industrielles,5,FLL,Longline Fresh,Palangre Frais,Longline,Palangre,0,0,15,LOA,Length overall,19,PELAGIC
23,"IDN    ",INDONESIA,INDONÉSIE,1994,IND,Industrial Fishing,Pêcheries industrielles,5,FLL,Longline Fresh,Palangre Frais,Longline,Palangre,0,15,24,LOA,Length overall,297,PELAGIC
23,"IDN    ",INDONESIA,INDONÉSIE,1994,IND,Industrial Fishing,Pêcheries industrielles,5,FLL,Longline Fresh,Palangre Frais,Longline,Palangre,0,24,40,LOA,Length overall,55,PELAGIC
55,"NEICE  ",NEI.FRESH,NCA.FRAIS,1994,IND,Industrial Fishing,Pêcheries industrielles,5,FLL,Longline Fresh,Palangre Frais,Longline,Palangre,0,15,24,LOA,Length overall,2,PELAGIC
46,"LKA    ",SRI LANKA,SRI LANKA,1994,ART,Artisanal Fishing,Pêcheries artisanales,4,G/L,Gillnet and Longline combination,Filet maillant et Palangre,Gillnet,Filet maillant,1,9,18,LOA,Length overall,1543,PELAGIC
37,"OMN    ",OMAN,OMAN,1994,ART,Artisanal Fishing,Pêcheries artisanales,4,GIHA,Gillnet and hand line,Filet maillant et Ligne à main,Gillnet,Filet maillant,1,1,10,LOA,Length overall,10944,COASTAL
54,"YEM    ",YEMEN,YÉMEN,1994,ART,Artisanal Fishing,Pêcheries artisanales,4,GIHT,Gillnet and hand line and troll line,Filet maillant et ligne à main et ligne de traîne,Gillnet,Filet maillant,1,5,26,LOA,Length overall,4566,COASTAL
1,"AUS    ",AUSTRALIA,AUSTRALIE,1994,ART,Artisanal Fishing,Pêcheries artisanales,4,GILL,Gillnet,Filet maillant,Gillnet,Filet maillant,0,4,20,LOA,Length overall,15,COASTAL
24,"IRN    ",IRAN ISLAMIC REP.,IRAN RÉP. ISLAMIQUE,1994,ART,Artisanal Fishing,Pêcheries artisanales,4,GILL,Gillnet,Filet maillant,Gillnet,Filet maillant,0,0,2,GRT,Gross Registered Tonnage,5597,"ALL    "
24,"IRN    ",IRAN ISLAMIC REP.,IRAN RÉP. ISLAMIQUE,1994,ART,Artisanal Fishing,Pêcheries artisanales,4,GILL,Gillnet,Filet maillant,Gillnet,Filet maillant,0,3,20,GRT,Gross Registered Tonnage,1217,"ALL    "
24,"IRN    ",IRAN ISLAMIC REP.,IRAN RÉP. ISLAMIQUE,1994,ART,Artisanal Fishing,Pêcheries artisanales,4,GILL,Gillnet,Filet maillant,Gillnet,Filet maillant,0,21,50,GRT,Gross Registered Tonnage,956,"ALL    "
24,"IRN    ",IRAN ISLAMIC REP.,IRAN RÉP. ISLAMIQUE,1994,ART,Artisanal Fishing,Pêcheries artisanales,4,GILL,Gillnet,Filet maillant,Gillnet,Filet maillant,0,51,100,GRT,Gross Registered Tonnage,472,"ALL    "
32,"MYS    ",MALAYSIA,MALAISIE,1994,ART,Artisanal Fishing,Pêcheries artisanales,4,GILL,Gillnet,Filet maillant,Gillnet,Filet maillant,0,1,10,GRT,Gross Registered Tonnage,5129,COASTAL
37,"OMN    ",OMAN,OMAN,1994,ART,Artisanal Fishing,Pêcheries artisanales,4,GILL,Gillnet,Filet maillant,Gillnet,Filet maillant,0,10,24,LOA,Length overall,699,COASTAL
38,"PAK    ",PAKISTAN,PAKISTAN,1994,ART,Artisanal Fishing,Pêcheries artisanales,4,GILL,Gillnet,Filet maillant,Gillnet,Filet maillant,0,35,50,GRT,Gross Registered Tonnage,1368,"ALL    "
49,"THA    ",THAILAND,THAÏLANDE,1994,ART,Artisanal Fishing,Pêcheries artisanales,4,GILL,Gillnet,Filet maillant,Gillnet,Filet maillant,0,1,14,LOA,Length overall,138,COASTAL
49,"THA    ",THAILAND,THAÏLANDE,1994,ART,Artisanal Fishing,Pêcheries artisanales,4,GILL,Gillnet,Filet maillant,Gillnet,Filet maillant,0,14,25,LOA,Length overall,51,COASTAL
1,"AUS    ",AUSTRALIA,AUSTRALIE,1994,ART,Artisanal Fishing,Pêcheries artisanales,6,HAND,Hand line,Ligne à main,Line,Lignes,0,4,20,LOA,Length overall,72,COASTAL
7,"COM    ",COMOROS,COMORES,1994,ART,Artisanal Fishing,Pêcheries artisanales,6,HAND,Hand line,Ligne à main,Line,Lignes,0,3,9,LOA,Length overall,3536,PELAGIC
33,"MDV    ",MALDIVES,MALDIVES,1994,ART,Artisanal Fishing,Pêcheries artisanales,6,HAND,Hand line,Ligne à main,Line,Lignes,0,4,6,LOA,Length overall,37,PELAGIC
43,"SYC    ",SEYCHELLES,SEYCHELLES,1994,ART,Artisanal Fishing,Pêcheries artisanales,6,HAND,Hand line,Ligne à main,Line,Lignes,0,4,6,LOA,Length overall,60,PELAGIC
43,"SYC    ",SEYCHELLES,SEYCHELLES,1994,ART,Artisanal Fishing,Pêcheries artisanales,6,HAND,Hand line,Ligne à main,Line,Lignes,0,5,10,LOA,Length overall,196,PELAGIC
43,"SYC    ",SEYCHELLES,SEYCHELLES,1994,ART,Artisanal Fishing,Pêcheries artisanales,6,HAND,Hand line,Ligne à main,Line,Lignes,0,7,12,LOA,Length overall,91,PELAGIC
43,"SYC    ",SEYCHELLES,SEYCHELLES,1994,ART,Artisanal Fishing,Pêcheries artisanales,6,HAND,Hand line,Ligne à main,Line,Lignes,0,9,26,LOA,Length overall,9,PELAGIC
15,"EUREU  ",EU.FRANCE.REUNION,UE.FRANCE.RÉUNION,1994,ART,Artisanal Fishing,Pêcheries artisanales,6,HATR,Hand line and Troll line,Ligne à main et Ligne de traîne,Line,Lignes,1,5,14,LOA,Length overall,276,PELAGIC
6,"TWN    ","TAIWAN,CHINA","TAIWAN,CHINE",1994,IND,Industrial Fishing,Pêcheries industrielles,5,LL,Longline,Palangre dérivante au-dessus de 1800 hameçons,Longline,Palangre,0,24,40,LOA,Length overall,19,PELAGIC
6,"TWN    ","TAIWAN,CHINA","TAIWAN,CHINE",1994,IND,Industrial Fishing,Pêcheries industrielles,5,LL,Longline,Palangre dérivante au-dessus de 1800 hameçons,Longline,Palangre,0,40,60,LOA,Length overall,321,PELAGIC
22,"IND    ",INDIA,INDE,1994,IND,Industrial Fishing,Pêcheries industrielles,5,LL,Longline,Palangre dérivante au-dessus de 1800 hameçons,Longline,Palangre,0,40,60,LOA,Length overall,6,PELAGIC
24,"IRN    ",IRAN ISLAMIC REP.,IRAN RÉP. ISLAMIQUE,1994,IND,Industrial Fishing,Pêcheries industrielles,5,LL,Longline,Palangre dérivante au-dessus de 1800 hameçons,Longline,Palangre,0,40,60,LOA,Length overall,9,PELAGIC
26,"JPN    ",JAPAN,JAPON,1994,IND,Industrial Fishing,Pêcheries industrielles,5,LL,Longline,Palangre dérivante au-dessus de 1800 hameçons,Longline,Palangre,0,24,40,LOA,Length overall,6,PELAGIC
26,"JPN    ",JAPAN,JAPON,1994,IND,Industrial Fishing,Pêcheries industrielles,5,LL,Longline,Palangre dérivante au-dessus de 1800 hameçons,Longline,Palangre,0,40,60,LOA,Length overall,196,PELAGIC
29,"KOR    ",KOREA REP.,CORÉE RÉP.,1994,IND,Industrial Fishing,Pêcheries industrielles,5,LL,Longline,Palangre dérivante au-dessus de 1800 hameçons,Longline,Palangre,0,40,60,LOA,Length overall,52,PELAGIC
34,"MUS    ",MAURITIUS,MAURICE,1994,IND,Industrial Fishing,Pêcheries industrielles,5,LL,Longline,Palangre dérivante au-dessus de 1800 hameçons,Longline,Palangre,0,40,60,LOA,Length overall,1,PELAGIC
57,"NEIFR  ",NEI.FROZEN,NCA.CONGELÉ,1994,IND,Industrial Fishing,Pêcheries industrielles,5,LL,Longline,Palangre dérivante au-dessus de 1800 hameçons,Longline,Palangre,0,24,40,LOA,Length overall,10,PELAGIC
57,"NEIFR  ",NEI.FROZEN,NCA.CONGELÉ,1994,IND,Industrial Fishing,Pêcheries industrielles,5,LL,Longline,Palangre dérivante au-dessus de 1800 hameçons,Longline,Palangre,0,40,60,LOA,Length overall,89,PELAGIC
22,"IND    ",INDIA,INDE,1994,IND,Industrial Fishing,Pêcheries industrielles,5,LLEX,Exploratory longline,Palangre de prospection,Longline,Palangre,0,24,40,LOA,Length overall,4,PELAGIC
22,"IND    ",INDIA,INDE,1994,IND,Industrial Fishing,Pêcheries industrielles,5,LLEX,Exploratory longline,Palangre de prospection,Longline,Palangre,0,40,60,LOA,Length overall,3,PELAGIC
1,"AUS    ",AUSTRALIA,AUSTRALIE,1994,IND,Industrial Fishing,Pêcheries industrielles,1,PS,Purse seine,Senne tournante aux thons,Purse Seine,Senne tournante,0,24,40,LOA,Length overall,1,PELAGIC
1,"AUS    ",AUSTRALIA,AUSTRALIE,1994,IND,Industrial Fishing,Pêcheries industrielles,1,PS,Purse seine,Senne tournante aux thons,Purse Seine,Senne tournante,0,40,60,LOA,Length overall,1,PELAGIC
13,"EUFRA  ",EU.FRANCE,UE.FRANCE,1994,IND,Industrial Fishing,Pêcheries industrielles,1,PS,Purse seine,Senne tournante aux thons,Purse Seine,Senne tournante,0,40,60,LOA,Length overall,4,PELAGIC
13,"EUFRA  ",EU.FRANCE,UE.FRANCE,1994,IND,Industrial Fishing,Pêcheries industrielles,1,PS,Purse seine,Senne tournante aux thons,Purse Seine,Senne tournante,0,60,80,LOA,Length overall,11,PELAGIC
13,"EUFRA  ",EU.FRANCE,UE.FRANCE,1994,IND,Industrial Fishing,Pêcheries industrielles,1,PS,Purse seine,Senne tournante aux thons,Purse Seine,Senne tournante,0,80,100,LOA,Length overall,2,PELAGIC
19,"EUESP  ",EU.SPAIN,UE.ESPAGNE,1994,IND,Industrial Fishing,Pêcheries industrielles,1,PS,Purse seine,Senne tournante aux thons,Purse Seine,Senne tournante,0,60,80,LOA,Length overall,13,PELAGIC
19,"EUESP  ",EU.SPAIN,UE.ESPAGNE,1994,IND,Industrial Fishing,Pêcheries industrielles,1,PS,Purse seine,Senne tournante aux thons,Purse Seine,Senne tournante,0,80,100,LOA,Length overall,4,PELAGIC
19,"EUESP  ",EU.SPAIN,UE.ESPAGNE,1994,IND,Industrial Fishing,Pêcheries industrielles,1,PS,Purse seine,Senne tournante aux thons,Purse Seine,Senne tournante,0,100,120,LOA,Length overall,1,PELAGIC
24,"IRN    ",IRAN ISLAMIC REP.,IRAN RÉP. ISLAMIQUE,1994,IND,Industrial Fishing,Pêcheries industrielles,1,PS,Purse seine,Senne tournante aux thons,Purse Seine,Senne tournante,0,40,60,LOA,Length overall,2,PELAGIC
26,"JPN    ",JAPAN,JAPON,1994,IND,Industrial Fishing,Pêcheries industrielles,1,PS,Purse seine,Senne tournante aux thons,Purse Seine,Senne tournante,0,40,60,LOA,Length overall,10,PELAGIC
26,"JPN    ",JAPAN,JAPON,1994,IND,Industrial Fishing,Pêcheries industrielles,1,PS,Purse seine,Senne tournante aux thons,Purse Seine,Senne tournante,0,60,80,LOA,Length overall,1,PELAGIC
34,"MUS    ",MAURITIUS,MAURICE,1994,IND,Industrial Fishing,Pêcheries industrielles,1,PS,Purse seine,Senne tournante aux thons,Purse Seine,Senne tournante,0,40,60,LOA,Length overall,1,PELAGIC
34,"MUS    ",MAURITIUS,MAURICE,1994,IND,Industrial Fishing,Pêcheries industrielles,1,PS,Purse seine,Senne tournante aux thons,Purse Seine,Senne tournante,0,60,80,LOA,Length overall,2,PELAGIC
58,"NEIPS  ",NEI.OTHER,NCA.AUTRE,1994,IND,Industrial Fishing,Pêcheries industrielles,1,PS,Purse seine,Senne tournante aux thons,Purse Seine,Senne tournante,0,60,80,LOA,Length overall,7,PELAGIC
59,"NEISU  ",NEI.EXSOVIET,NCA.EXSOVIÉTIQUE,1994,IND,Industrial Fishing,Pêcheries industrielles,1,PS,Purse seine,Senne tournante aux thons,Purse Seine,Senne tournante,0,80,100,LOA,Length overall,7,PELAGIC
32,"MYS    ",MALAYSIA,MALAISIE,1994,ART,Artisanal Fishing,Pêcheries artisanales,1,PSS,Small purse seine,Senneur côtier,Purse Seine,Senne tournante,0,10,70,GRT,Gross Registered Tonnage,220,COASTAL
49,"THA    ",THAILAND,THAÏLANDE,1994,ART,Artisanal Fishing,Pêcheries artisanales,1,PSS,Small purse seine,Senneur côtier,Purse Seine,Senne tournante,0,1,14,LOA,Length overall,13,"ALL    "
49,"THA    ",THAILAND,THAÏLANDE,1994,ART,Artisanal Fishing,Pêcheries artisanales,1,PSS,Small purse seine,Senneur côtier,Purse Seine,Senne tournante,0,14,25,LOA,Length overall,256,"ALL    "
49,"THA    ",THAILAND,THAÏLANDE,1994,ART,Artisanal Fishing,Pêcheries artisanales,1,PSS,Small purse seine,Senneur côtier,Purse Seine,Senne tournante,0,25,40,LOA,Length overall,4,"ALL    "
32,"MYS    ",MALAYSIA,MALAISIE,1994,ART,Artisanal Fishing,Pêcheries artisanales,9,TRAW,Trawl,Chaluts,Other,Autres,0,10,70,GRT,Gross Registered Tonnage,2861,COASTAL
1,"AUS    ",AUSTRALIA,AUSTRALIE,1994,ART,Artisanal Fishing,Pêcheries artisanales,6,TROL,Troll line,Ligne de traîne,Line,Lignes,0,4,20,LOA,Length overall,55,PELAGIC
7,"COM    ",COMOROS,COMORES,1994,ART,Artisanal Fishing,Pêcheries artisanales,6,TROL,Troll line,Ligne de traîne,Line,Lignes,0,3,9,LOA,Length overall,402,PELAGIC
32,"MYS    ",MALAYSIA,MALAISIE,1994,ART,Artisanal Fishing,Pêcheries artisanales,6,TROL,Troll line,Ligne de traîne,Line,Lignes,0,1,10,GRT,Gross Registered Tonnage,258,COASTAL
33,"MDV    ",MALDIVES,MALDIVES,1994,ART,Artisanal Fishing,Pêcheries artisanales,6,TROL,Troll line,Ligne de traîne,Line,Lignes,0,5,10,LOA,Length overall,324,PELAGIC
1,"AUS    ",AUSTRALIA,AUSTRALIE,1994,ART,Artisanal Fishing,Pêcheries artisanales,9,UNCL,Unclassified,Non classé,Other,Autres,1,4,20,LOA,Length overall,49,COASTAL
41,"SAU    ",SAUDI ARABIA,ARABIE SAOUDITE,1994,ART,Artisanal Fishing,Pêcheries artisanales,9,UNCL,Unclassified,Non classé,Other,Autres,1,5,25,LOA,Length overall,7220,COASTAL
46,"LKA    ",SRI LANKA,SRI LANKA,1994,ART,Artisanal Fishing,Pêcheries artisanales,9,UNCL,Unclassified,Non classé,Other,Autres,1,1,8,LOA,Length overall,22305,"ALL    "
46,"LKA    ",SRI LANKA,SRI LANKA,1994,ART,Artisanal Fishing,Pêcheries artisanales,9,UNCL,Unclassified,Non classé,Other,Autres,1,8,9,LOA,Length overall,2288,"ALL    "
33,"MDV    ",MALDIVES,MALDIVES,1995,ART,Artisanal Fishing,Pêcheries artisanales,3,BB,Baitboat,Canne,Baitboat,Canne,0,10,15,LOA,Length overall,1412,PELAGIC
1,"AUS    ",AUSTRALIA,AUSTRALIE,1995,IND,Industrial Fishing,Pêcheries industrielles,3,BBPS,Baitboat and purse seine,Canne et senne tournante,Baitboat,Canne,1,20,50,LOA,Length overall,13,PELAGIC
1,"AUS    ",AUSTRALIA,AUSTRALIE,1995,IND,Industrial Fishing,Pêcheries industrielles,5,ELL,Longline targeting swordfish,Palangre à espadon,Longline,Palangre,0,15,24,LOA,Length overall,8,PELAGIC
1,"AUS    ",AUSTRALIA,AUSTRALIE,1995,IND,Industrial Fishing,Pêcheries industrielles,5,ELL,Longline targeting swordfish,Palangre à espadon,Longline,Palangre,0,24,40,LOA,Length overall,6,PELAGIC
1,"AUS    ",AUSTRALIA,AUSTRALIE,1995,IND,Industrial Fishing,Pêcheries industrielles,5,ELL,Longline targeting swordfish,Palangre à espadon,Longline,Palangre,0,40,60,LOA,Length overall,1,PELAGIC
15,"EUREU  ",EU.FRANCE.REUNION,UE.FRANCE.RÉUNION,1995,IND,Industrial Fishing,Pêcheries industrielles,5,ELL,Longline targeting swordfish,Palangre à espadon,Longline,Palangre,0,0,15,LOA,Length overall,12,PELAGIC
15,"EUREU  ",EU.FRANCE.REUNION,UE.FRANCE.RÉUNION,1995,IND,Industrial Fishing,Pêcheries industrielles,5,ELL,Longline targeting swordfish,Palangre à espadon,Longline,Palangre,0,15,24,LOA,Length overall,4,PELAGIC
15,"EUREU  ",EU.FRANCE.REUNION,UE.FRANCE.RÉUNION,1995,IND,Industrial Fishing,Pêcheries industrielles,5,ELL,Longline targeting swordfish,Palangre à espadon,Longline,Palangre,0,24,40,LOA,Length overall,1,PELAGIC
19,"EUESP  ",EU.SPAIN,UE.ESPAGNE,1995,IND,Industrial Fishing,Pêcheries industrielles,5,ELL,Longline targeting swordfish,Palangre à espadon,Longline,Palangre,0,24,40,LOA,Length overall,1,PELAGIC
43,"SYC    ",SEYCHELLES,SEYCHELLES,1995,IND,Industrial Fishing,Pêcheries industrielles,5,ELL,Longline targeting swordfish,Palangre à espadon,Longline,Palangre,0,15,24,LOA,Length overall,1,PELAGIC
5,"CHN    ",CHINA,CHINE,1995,IND,Industrial Fishing,Pêcheries industrielles,5,FLL,Longline Fresh,Palangre Frais,Longline,Palangre,0,24,40,LOA,Length overall,12,PELAGIC
6,"TWN    ","TAIWAN,CHINA","TAIWAN,CHINE",1995,IND,Industrial Fishing,Pêcheries industrielles,5,FLL,Longline Fresh,Palangre Frais,Longline,Palangre,0,15,24,LOA,Length overall,332,PELAGIC
6,"TWN    ","TAIWAN,CHINA","TAIWAN,CHINE",1995,IND,Industrial Fishing,Pêcheries industrielles,5,FLL,Longline Fresh,Palangre Frais,Longline,Palangre,0,24,40,LOA,Length overall,176,PELAGIC
23,"IDN    ",INDONESIA,INDONÉSIE,1995,IND,Industrial Fishing,Pêcheries industrielles,5,FLL,Longline Fresh,Palangre Frais,Longline,Palangre,0,0,15,LOA,Length overall,20,PELAGIC
23,"IDN    ",INDONESIA,INDONÉSIE,1995,IND,Industrial Fishing,Pêcheries industrielles,5,FLL,Longline Fresh,Palangre Frais,Longline,Palangre,0,15,24,LOA,Length overall,317,PELAGIC
23,"IDN    ",INDONESIA,INDONÉSIE,1995,IND,Industrial Fishing,Pêcheries industrielles,5,FLL,Longline Fresh,Palangre Frais,Longline,Palangre,0,24,40,LOA,Length overall,59,PELAGIC
55,"NEICE  ",NEI.FRESH,NCA.FRAIS,1995,IND,Industrial Fishing,Pêcheries industrielles,5,FLL,Longline Fresh,Palangre Frais,Longline,Palangre,0,15,24,LOA,Length overall,3,PELAGIC
46,"LKA    ",SRI LANKA,SRI LANKA,1995,ART,Artisanal Fishing,Pêcheries artisanales,4,G/L,Gillnet and Longline combination,Filet maillant et Palangre,Gillnet,Filet maillant,1,9,18,LOA,Length overall,1639,PELAGIC
37,"OMN    ",OMAN,OMAN,1995,ART,Artisanal Fishing,Pêcheries artisanales,4,GIHA,Gillnet and hand line,Filet maillant et Ligne à main,Gillnet,Filet maillant,1,1,10,LOA,Length overall,9262,COASTAL
54,"YEM    ",YEMEN,YÉMEN,1995,ART,Artisanal Fishing,Pêcheries artisanales,4,GIHT,Gillnet and hand line and troll line,Filet maillant et ligne à main et ligne de traîne,Gillnet,Filet maillant,1,5,26,LOA,Length overall,6313,COASTAL
1,"AUS    ",AUSTRALIA,AUSTRALIE,1995,ART,Artisanal Fishing,Pêcheries artisanales,4,GILL,Gillnet,Filet maillant,Gillnet,Filet maillant,0,4,20,LOA,Length overall,13,COASTAL
24,"IRN    ",IRAN ISLAMIC REP.,IRAN RÉP. ISLAMIQUE,1995,ART,Artisanal Fishing,Pêcheries artisanales,4,GILL,Gillnet,Filet maillant,Gillnet,Filet maillant,0,0,2,GRT,Gross Registered Tonnage,6257,"ALL    "
24,"IRN    ",IRAN ISLAMIC REP.,IRAN RÉP. ISLAMIQUE,1995,ART,Artisanal Fishing,Pêcheries artisanales,4,GILL,Gillnet,Filet maillant,Gillnet,Filet maillant,0,3,20,GRT,Gross Registered Tonnage,1292,"ALL    "
24,"IRN    ",IRAN ISLAMIC REP.,IRAN RÉP. ISLAMIQUE,1995,ART,Artisanal Fishing,Pêcheries artisanales,4,GILL,Gillnet,Filet maillant,Gillnet,Filet maillant,0,21,50,GRT,Gross Registered Tonnage,1015,"ALL    "
24,"IRN    ",IRAN ISLAMIC REP.,IRAN RÉP. ISLAMIQUE,1995,ART,Artisanal Fishing,Pêcheries artisanales,4,GILL,Gillnet,Filet maillant,Gillnet,Filet maillant,0,51,100,GRT,Gross Registered Tonnage,501,"ALL    "
32,"MYS    ",MALAYSIA,MALAISIE,1995,ART,Artisanal Fishing,Pêcheries artisanales,4,GILL,Gillnet,Filet maillant,Gillnet,Filet maillant,0,1,10,GRT,Gross Registered Tonnage,6809,COASTAL
37,"OMN    ",OMAN,OMAN,1995,ART,Artisanal Fishing,Pêcheries artisanales,4,GILL,Gillnet,Filet maillant,Gillnet,Filet maillant,0,10,24,LOA,Length overall,711,COASTAL
38,"PAK    ",PAKISTAN,PAKISTAN,1995,ART,Artisanal Fishing,Pêcheries artisanales,4,GILL,Gillnet,Filet maillant,Gillnet,Filet maillant,0,35,50,GRT,Gross Registered Tonnage,1830,"ALL    "
49,"THA    ",THAILAND,THAÏLANDE,1995,ART,Artisanal Fishing,Pêcheries artisanales,4,GILL,Gillnet,Filet maillant,Gillnet,Filet maillant,0,1,14,LOA,Length overall,257,COASTAL
49,"THA    ",THAILAND,THAÏLANDE,1995,ART,Artisanal Fishing,Pêcheries artisanales,4,GILL,Gillnet,Filet maillant,Gillnet,Filet maillant,0,14,25,LOA,Length overall,51,COASTAL
49,"THA    ",THAILAND,THAÏLANDE,1995,ART,Artisanal Fishing,Pêcheries artisanales,4,GILL,Gillnet,Filet maillant,Gillnet,Filet maillant,0,25,40,LOA,Length overall,1,COASTAL
1,"AUS    ",AUSTRALIA,AUSTRALIE,1995,ART,Artisanal Fishing,Pêcheries artisanales,6,HAND,Hand line,Ligne à main,Line,Lignes,0,4,20,LOA,Length overall,87,COASTAL
7,"COM    ",COMOROS,COMORES,1995,ART,Artisanal Fishing,Pêcheries artisanales,6,HAND,Hand line,Ligne à main,Line,Lignes,0,3,9,LOA,Length overall,3447,PELAGIC
33,"MDV    ",MALDIVES,MALDIVES,1995,ART,Artisanal Fishing,Pêcheries artisanales,6,HAND,Hand line,Ligne à main,Line,Lignes,0,4,6,LOA,Length overall,6,PELAGIC
43,"SYC    ",SEYCHELLES,SEYCHELLES,1995,ART,Artisanal Fishing,Pêcheries artisanales,6,HAND,Hand line,Ligne à main,Line,Lignes,0,4,6,LOA,Length overall,42,PELAGIC
43,"SYC    ",SEYCHELLES,SEYCHELLES,1995,ART,Artisanal Fishing,Pêcheries artisanales,6,HAND,Hand line,Ligne à main,Line,Lignes,0,5,10,LOA,Length overall,189,PELAGIC
43,"SYC    ",SEYCHELLES,SEYCHELLES,1995,ART,Artisanal Fishing,Pêcheries artisanales,6,HAND,Hand line,Ligne à main,Line,Lignes,0,7,12,LOA,Length overall,92,PELAGIC
43,"SYC    ",SEYCHELLES,SEYCHELLES,1995,ART,Artisanal Fishing,Pêcheries artisanales,6,HAND,Hand line,Ligne à main,Line,Lignes,0,9,26,LOA,Length overall,11,PELAGIC
14,"EUMYT  ",EU.FRANCE.MAYOTTE,UE.FRANCE.MAYOTTE,1995,ART,Artisanal Fishing,Pêcheries artisanales,6,HATR,Hand line and Troll line,Ligne à main et Ligne de traîne,Line,Lignes,1,4,8,LOA,Length overall,293,PELAGIC
15,"EUREU  ",EU.FRANCE.REUNION,UE.FRANCE.RÉUNION,1995,ART,Artisanal Fishing,Pêcheries artisanales,6,HATR,Hand line and Troll line,Ligne à main et Ligne de traîne,Line,Lignes,1,5,14,LOA,Length overall,1280,PELAGIC
6,"TWN    ","TAIWAN,CHINA","TAIWAN,CHINE",1995,IND,Industrial Fishing,Pêcheries industrielles,5,LL,Longline,Palangre dérivante au-dessus de 1800 hameçons,Longline,Palangre,0,24,40,LOA,Length overall,10,PELAGIC
6,"TWN    ","TAIWAN,CHINA","TAIWAN,CHINE",1995,IND,Industrial Fishing,Pêcheries industrielles,5,LL,Longline,Palangre dérivante au-dessus de 1800 hameçons,Longline,Palangre,0,40,60,LOA,Length overall,279,PELAGIC
22,"IND    ",INDIA,INDE,1995,IND,Industrial Fishing,Pêcheries industrielles,5,LL,Longline,Palangre dérivante au-dessus de 1800 hameçons,Longline,Palangre,0,40,60,LOA,Length overall,6,PELAGIC
24,"IRN    ",IRAN ISLAMIC REP.,IRAN RÉP. ISLAMIQUE,1995,IND,Industrial Fishing,Pêcheries industrielles,5,LL,Longline,Palangre dérivante au-dessus de 1800 hameçons,Longline,Palangre,0,40,60,LOA,Length overall,1,PELAGIC
26,"JPN    ",JAPAN,JAPON,1995,IND,Industrial Fishing,Pêcheries industrielles,5,LL,Longline,Palangre dérivante au-dessus de 1800 hameçons,Longline,Palangre,0,24,40,LOA,Length overall,12,PELAGIC
26,"JPN    ",JAPAN,JAPON,1995,IND,Industrial Fishing,Pêcheries industrielles,5,LL,Longline,Palangre dérivante au-dessus de 1800 hameçons,Longline,Palangre,0,40,60,LOA,Length overall,207,PELAGIC
29,"KOR    ",KOREA REP.,CORÉE RÉP.,1995,IND,Industrial Fishing,Pêcheries industrielles,5,LL,Longline,Palangre dérivante au-dessus de 1800 hameçons,Longline,Palangre,0,40,60,LOA,Length overall,52,PELAGIC
34,"MUS    ",MAURITIUS,MAURICE,1995,IND,Industrial Fishing,Pêcheries industrielles,5,LL,Longline,Palangre dérivante au-dessus de 1800 hameçons,Longline,Palangre,0,40,60,LOA,Length overall,1,PELAGIC
48,"TZA    ",TANZANIA,TANZANIE,1995,IND,Industrial Fishing,Pêcheries industrielles,5,LL,Longline,Palangre dérivante au-dessus de 1800 hameçons,Longline,Palangre,0,40,60,LOA,Length overall,3,PELAGIC
57,"NEIFR  ",NEI.FROZEN,NCA.CONGELÉ,1995,IND,Industrial Fishing,Pêcheries industrielles,5,LL,Longline,Palangre dérivante au-dessus de 1800 hameçons,Longline,Palangre,0,24,40,LOA,Length overall,6,PELAGIC
57,"NEIFR  ",NEI.FROZEN,NCA.CONGELÉ,1995,IND,Industrial Fishing,Pêcheries industrielles,5,LL,Longline,Palangre dérivante au-dessus de 1800 hameçons,Longline,Palangre,0,40,60,LOA,Length overall,77,PELAGIC
22,"IND    ",INDIA,INDE,1995,IND,Industrial Fishing,Pêcheries industrielles,5,LLEX,Exploratory longline,Palangre de prospection,Longline,Palangre,0,40,60,LOA,Length overall,2,PELAGIC
1,"AUS    ",AUSTRALIA,AUSTRALIE,1995,IND,Industrial Fishing,Pêcheries industrielles,1,PS,Purse seine,Senne tournante aux thons,Purse Seine,Senne tournante,0,24,40,LOA,Length overall,1,PELAGIC
13,"EUFRA  ",EU.FRANCE,UE.FRANCE,1995,IND,Industrial Fishing,Pêcheries industrielles,1,PS,Purse seine,Senne tournante aux thons,Purse Seine,Senne tournante,0,40,60,LOA,Length overall,4,PELAGIC
13,"EUFRA  ",EU.FRANCE,UE.FRANCE,1995,IND,Industrial Fishing,Pêcheries industrielles,1,PS,Purse seine,Senne tournante aux thons,Purse Seine,Senne tournante,0,60,80,LOA,Length overall,11,PELAGIC
13,"EUFRA  ",EU.FRANCE,UE.FRANCE,1995,IND,Industrial Fishing,Pêcheries industrielles,1,PS,Purse seine,Senne tournante aux thons,Purse Seine,Senne tournante,0,80,100,LOA,Length overall,2,PELAGIC
19,"EUESP  ",EU.SPAIN,UE.ESPAGNE,1995,IND,Industrial Fishing,Pêcheries industrielles,1,PS,Purse seine,Senne tournante aux thons,Purse Seine,Senne tournante,0,60,80,LOA,Length overall,14,PELAGIC
19,"EUESP  ",EU.SPAIN,UE.ESPAGNE,1995,IND,Industrial Fishing,Pêcheries industrielles,1,PS,Purse seine,Senne tournante aux thons,Purse Seine,Senne tournante,0,80,80,LOA,Length overall,4,PELAGIC
19,"EUESP  ",EU.SPAIN,UE.ESPAGNE,1995,IND,Industrial Fishing,Pêcheries industrielles,1,PS,Purse seine,Senne tournante aux thons,Purse Seine,Senne tournante,0,100,120,LOA,Length overall,1,PELAGIC
24,"IRN    ",IRAN ISLAMIC REP.,IRAN RÉP. ISLAMIQUE,1995,IND,Industrial Fishing,Pêcheries industrielles,1,PS,Purse seine,Senne tournante aux thons,Purse Seine,Senne tournante,0,40,60,LOA,Length overall,2,PELAGIC
26,"JPN    ",JAPAN,JAPON,1995,IND,Industrial Fishing,Pêcheries industrielles,1,PS,Purse seine,Senne tournante aux thons,Purse Seine,Senne tournante,0,40,60,LOA,Length overall,7,PELAGIC
26,"JPN    ",JAPAN,JAPON,1995,IND,Industrial Fishing,Pêcheries industrielles,1,PS,Purse seine,Senne tournante aux thons,Purse Seine,Senne tournante,0,60,80,LOA,Length overall,1,PELAGIC
34,"MUS    ",MAURITIUS,MAURICE,1995,IND,Industrial Fishing,Pêcheries industrielles,1,PS,Purse seine,Senne tournante aux thons,Purse Seine,Senne tournante,0,40,60,LOA,Length overall,1,PELAGIC
34,"MUS    ",MAURITIUS,MAURICE,1995,IND,Industrial Fishing,Pêcheries industrielles,1,PS,Purse seine,Senne tournante aux thons,Purse Seine,Senne tournante,0,60,80,LOA,Length overall,1,PELAGIC
58,"NEIPS  ",NEI.OTHER,NCA.AUTRE,1995,IND,Industrial Fishing,Pêcheries industrielles,1,PS,Purse seine,Senne tournante aux thons,Purse Seine,Senne tournante,0,60,80,LOA,Length overall,8,PELAGIC
59,"NEISU  ",NEI.EXSOVIET,NCA.EXSOVIÉTIQUE,1995,IND,Industrial Fishing,Pêcheries industrielles,1,PS,Purse seine,Senne tournante aux thons,Purse Seine,Senne tournante,0,80,100,LOA,Length overall,11,PELAGIC
32,"MYS    ",MALAYSIA,MALAISIE,1995,ART,Artisanal Fishing,Pêcheries artisanales,1,PSS,Small purse seine,Senneur côtier,Purse Seine,Senne tournante,0,10,70,GRT,Gross Registered Tonnage,221,COASTAL
49,"THA    ",THAILAND,THAÏLANDE,1995,ART,Artisanal Fishing,Pêcheries artisanales,1,PSS,Small purse seine,Senneur côtier,Purse Seine,Senne tournante,0,1,14,LOA,Length overall,16,"ALL    "
49,"THA    ",THAILAND,THAÏLANDE,1995,ART,Artisanal Fishing,Pêcheries artisanales,1,PSS,Small purse seine,Senneur côtier,Purse Seine,Senne tournante,0,14,25,LOA,Length overall,215,"ALL    "
49,"THA    ",THAILAND,THAÏLANDE,1995,ART,Artisanal Fishing,Pêcheries artisanales,1,PSS,Small purse seine,Senneur côtier,Purse Seine,Senne tournante,0,25,40,LOA,Length overall,6,"ALL    "
32,"MYS    ",MALAYSIA,MALAISIE,1995,ART,Artisanal Fishing,Pêcheries artisanales,9,TRAW,Trawl,Chaluts,Other,Autres,0,10,70,GRT,Gross Registered Tonnage,2861,COASTAL
1,"AUS    ",AUSTRALIA,AUSTRALIE,1995,ART,Artisanal Fishing,Pêcheries artisanales,6,TROL,Troll line,Ligne de traîne,Line,Lignes,0,4,20,LOA,Length overall,48,PELAGIC
7,"COM    ",COMOROS,COMORES,1995,ART,Artisanal Fishing,Pêcheries artisanales,6,TROL,Troll line,Ligne de traîne,Line,Lignes,0,3,9,LOA,Length overall,491,PELAGIC
32,"MYS    ",MALAYSIA,MALAISIE,1995,ART,Artisanal Fishing,Pêcheries artisanales,6,TROL,Troll line,Ligne de traîne,Line,Lignes,0,1,10,GRT,Gross Registered Tonnage,286,COASTAL
33,"MDV    ",MALDIVES,MALDIVES,1995,ART,Artisanal Fishing,Pêcheries artisanales,6,TROL,Troll line,Ligne de traîne,Line,Lignes,0,5,10,LOA,Length overall,258,PELAGIC
1,"AUS    ",AUSTRALIA,AUSTRALIE,1995,ART,Artisanal Fishing,Pêcheries artisanales,9,UNCL,Unclassified,Non classé,Other,Autres,1,4,20,LOA,Length overall,46,COASTAL
41,"SAU    ",SAUDI ARABIA,ARABIE SAOUDITE,1995,ART,Artisanal Fishing,Pêcheries artisanales,9,UNCL,Unclassified,Non classé,Other,Autres,1,5,25,LOA,Length overall,7327,COASTAL
46,"LKA    ",SRI LANKA,SRI LANKA,1995,ART,Artisanal Fishing,Pêcheries artisanales,9,UNCL,Unclassified,Non classé,Other,Autres,1,1,8,LOA,Length overall,23213,"ALL    "
46,"LKA    ",SRI LANKA,SRI LANKA,1995,ART,Artisanal Fishing,Pêcheries artisanales,9,UNCL,Unclassified,Non classé,Other,Autres,1,8,9,LOA,Length overall,2417,"ALL    "
33,"MDV    ",MALDIVES,MALDIVES,1996,ART,Artisanal Fishing,Pêcheries artisanales,3,BB,Baitboat,Canne,Baitboat,Canne,0,10,15,LOA,Length overall,1410,PELAGIC
1,"AUS    ",AUSTRALIA,AUSTRALIE,1996,IND,Industrial Fishing,Pêcheries industrielles,3,BBPS,Baitboat and purse seine,Canne et senne tournante,Baitboat,Canne,1,20,50,LOA,Length overall,28,PELAGIC
1,"AUS    ",AUSTRALIA,AUSTRALIE,1996,ART,Artisanal Fishing,Pêcheries artisanales,1,BS,Beach seine,Senne de plage,Other,Autres,0,4,20,LOA,Length overall,1,COASTAL
1,"AUS    ",AUSTRALIA,AUSTRALIE,1996,IND,Industrial Fishing,Pêcheries industrielles,5,ELL,Longline targeting swordfish,Palangre à espadon,Longline,Palangre,0,15,24,LOA,Length overall,5,PELAGIC
1,"AUS    ",AUSTRALIA,AUSTRALIE,1996,IND,Industrial Fishing,Pêcheries industrielles,5,ELL,Longline targeting swordfish,Palangre à espadon,Longline,Palangre,0,24,40,LOA,Length overall,5,PELAGIC
1,"AUS    ",AUSTRALIA,AUSTRALIE,1996,IND,Industrial Fishing,Pêcheries industrielles,5,ELL,Longline targeting swordfish,Palangre à espadon,Longline,Palangre,0,40,60,LOA,Length overall,1,PELAGIC
15,"EUREU  ",EU.FRANCE.REUNION,UE.FRANCE.RÉUNION,1996,IND,Industrial Fishing,Pêcheries industrielles,5,ELL,Longline targeting swordfish,Palangre à espadon,Longline,Palangre,0,0,15,LOA,Length overall,12,PELAGIC
15,"EUREU  ",EU.FRANCE.REUNION,UE.FRANCE.RÉUNION,1996,IND,Industrial Fishing,Pêcheries industrielles,5,ELL,Longline targeting swordfish,Palangre à espadon,Longline,Palangre,0,15,24,LOA,Length overall,7,PELAGIC
15,"EUREU  ",EU.FRANCE.REUNION,UE.FRANCE.RÉUNION,1996,IND,Industrial Fishing,Pêcheries industrielles,5,ELL,Longline targeting swordfish,Palangre à espadon,Longline,Palangre,0,24,40,LOA,Length overall,2,PELAGIC
19,"EUESP  ",EU.SPAIN,UE.ESPAGNE,1996,IND,Industrial Fishing,Pêcheries industrielles,5,ELL,Longline targeting swordfish,Palangre à espadon,Longline,Palangre,0,24,40,LOA,Length overall,1,PELAGIC
43,"SYC    ",SEYCHELLES,SEYCHELLES,1996,IND,Industrial Fishing,Pêcheries industrielles,5,ELL,Longline targeting swordfish,Palangre à espadon,Longline,Palangre,0,15,24,LOA,Length overall,2,PELAGIC
5,"CHN    ",CHINA,CHINE,1996,IND,Industrial Fishing,Pêcheries industrielles,5,FLL,Longline Fresh,Palangre Frais,Longline,Palangre,0,24,40,LOA,Length overall,52,PELAGIC
6,"TWN    ","TAIWAN,CHINA","TAIWAN,CHINE",1996,IND,Industrial Fishing,Pêcheries industrielles,5,FLL,Longline Fresh,Palangre Frais,Longline,Palangre,0,15,24,LOA,Length overall,240,PELAGIC
6,"TWN    ","TAIWAN,CHINA","TAIWAN,CHINE",1996,IND,Industrial Fishing,Pêcheries industrielles,5,FLL,Longline Fresh,Palangre Frais,Longline,Palangre,0,24,40,LOA,Length overall,127,PELAGIC
23,"IDN    ",INDONESIA,INDONÉSIE,1996,IND,Industrial Fishing,Pêcheries industrielles,5,FLL,Longline Fresh,Palangre Frais,Longline,Palangre,0,0,15,LOA,Length overall,36,PELAGIC
23,"IDN    ",INDONESIA,INDONÉSIE,1996,IND,Industrial Fishing,Pêcheries industrielles,5,FLL,Longline Fresh,Palangre Frais,Longline,Palangre,0,15,24,LOA,Length overall,567,PELAGIC
23,"IDN    ",INDONESIA,INDONÉSIE,1996,IND,Industrial Fishing,Pêcheries industrielles,5,FLL,Longline Fresh,Palangre Frais,Longline,Palangre,0,24,40,LOA,Length overall,106,PELAGIC
46,"LKA    ",SRI LANKA,SRI LANKA,1996,ART,Artisanal Fishing,Pêcheries artisanales,4,G/L,Gillnet and Longline combination,Filet maillant et Palangre,Gillnet,Filet maillant,1,9,18,LOA,Length overall,1710,PELAGIC
37,"OMN    ",OMAN,OMAN,1996,ART,Artisanal Fishing,Pêcheries artisanales,4,GIHA,Gillnet and hand line,Filet maillant et Ligne à main,Gillnet,Filet maillant,1,1,10,LOA,Length overall,12787,COASTAL
54,"YEM    ",YEMEN,YÉMEN,1996,ART,Artisanal Fishing,Pêcheries artisanales,4,GIHT,Gillnet and hand line and troll line,Filet maillant et ligne à main et ligne de traîne,Gillnet,Filet maillant,1,5,26,LOA,Length overall,7110,COASTAL
1,"AUS    ",AUSTRALIA,AUSTRALIE,1996,ART,Artisanal Fishing,Pêcheries artisanales,4,GILL,Gillnet,Filet maillant,Gillnet,Filet maillant,0,4,20,LOA,Length overall,14,COASTAL
3,"BGD    ",BANGLADESH,BANGLADESH,1996,ART,Artisanal Fishing,Pêcheries artisanales,4,GILL,Gillnet,Filet maillant,Gillnet,Filet maillant,0,10,15,LOA,Length overall,3500,COASTAL
11,"ERI    ",ERITREA,ERYTHRÉE,1996,ART,Artisanal Fishing,Pêcheries artisanales,4,GILL,Gillnet,Filet maillant,Gillnet,Filet maillant,0,NULL,NULL,UNCL,Unclassified,214,COASTAL
24,"IRN    ",IRAN ISLAMIC REP.,IRAN RÉP. ISLAMIQUE,1996,ART,Artisanal Fishing,Pêcheries artisanales,4,GILL,Gillnet,Filet maillant,Gillnet,Filet maillant,0,0,2,GRT,Gross Registered Tonnage,6463,"ALL    "
24,"IRN    ",IRAN ISLAMIC REP.,IRAN RÉP. ISLAMIQUE,1996,ART,Artisanal Fishing,Pêcheries artisanales,4,GILL,Gillnet,Filet maillant,Gillnet,Filet maillant,0,3,20,GRT,Gross Registered Tonnage,1257,"ALL    "
24,"IRN    ",IRAN ISLAMIC REP.,IRAN RÉP. ISLAMIQUE,1996,ART,Artisanal Fishing,Pêcheries artisanales,4,GILL,Gillnet,Filet maillant,Gillnet,Filet maillant,0,21,50,GRT,Gross Registered Tonnage,987,"ALL    "
24,"IRN    ",IRAN ISLAMIC REP.,IRAN RÉP. ISLAMIQUE,1996,ART,Artisanal Fishing,Pêcheries artisanales,4,GILL,Gillnet,Filet maillant,Gillnet,Filet maillant,0,51,100,GRT,Gross Registered Tonnage,488,"ALL    "
32,"MYS    ",MALAYSIA,MALAISIE,1996,ART,Artisanal Fishing,Pêcheries artisanales,4,GILL,Gillnet,Filet maillant,Gillnet,Filet maillant,0,1,10,GRT,Gross Registered Tonnage,5644,COASTAL
37,"OMN    ",OMAN,OMAN,1996,ART,Artisanal Fishing,Pêcheries artisanales,4,GILL,Gillnet,Filet maillant,Gillnet,Filet maillant,0,10,24,LOA,Length overall,704,COASTAL
38,"PAK    ",PAKISTAN,PAKISTAN,1996,ART,Artisanal Fishing,Pêcheries artisanales,4,GILL,Gillnet,Filet maillant,Gillnet,Filet maillant,0,35,50,GRT,Gross Registered Tonnage,1683,"ALL    "
49,"THA    ",THAILAND,THAÏLANDE,1996,ART,Artisanal Fishing,Pêcheries artisanales,4,GILL,Gillnet,Filet maillant,Gillnet,Filet maillant,0,1,14,LOA,Length overall,192,COASTAL
49,"THA    ",THAILAND,THAÏLANDE,1996,ART,Artisanal Fishing,Pêcheries artisanales,4,GILL,Gillnet,Filet maillant,Gillnet,Filet maillant,0,14,25,LOA,Length overall,34,COASTAL
49,"THA    ",THAILAND,THAÏLANDE,1996,ART,Artisanal Fishing,Pêcheries artisanales,4,GILL,Gillnet,Filet maillant,Gillnet,Filet maillant,0,25,40,LOA,Length overall,1,COASTAL
51,"ARE    ",UN. ARAB EMIRATES,EMIRATS ARABES UNIES,1996,ART,Artisanal Fishing,Pêcheries artisanales,4,GILL,Gillnet,Filet maillant,Gillnet,Filet maillant,0,15,80,LOA,Length overall,4464,COASTAL
1,"AUS    ",AUSTRALIA,AUSTRALIE,1996,ART,Artisanal Fishing,Pêcheries artisanales,6,HAND,Hand line,Ligne à main,Line,Lignes,0,4,20,LOA,Length overall,76,COASTAL
33,"MDV    ",MALDIVES,MALDIVES,1996,ART,Artisanal Fishing,Pêcheries artisanales,6,HAND,Hand line,Ligne à main,Line,Lignes,0,4,6,LOA,Length overall,22,PELAGIC
43,"SYC    ",SEYCHELLES,SEYCHELLES,1996,ART,Artisanal Fishing,Pêcheries artisanales,6,HAND,Hand line,Ligne à main,Line,Lignes,0,4,6,LOA,Length overall,39,PELAGIC
43,"SYC    ",SEYCHELLES,SEYCHELLES,1996,ART,Artisanal Fishing,Pêcheries artisanales,6,HAND,Hand line,Ligne à main,Line,Lignes,0,5,10,LOA,Length overall,182,PELAGIC
43,"SYC    ",SEYCHELLES,SEYCHELLES,1996,ART,Artisanal Fishing,Pêcheries artisanales,6,HAND,Hand line,Ligne à main,Line,Lignes,0,7,12,LOA,Length overall,91,PELAGIC
43,"SYC    ",SEYCHELLES,SEYCHELLES,1996,ART,Artisanal Fishing,Pêcheries artisanales,6,HAND,Hand line,Ligne à main,Line,Lignes,0,9,26,LOA,Length overall,12,PELAGIC
14,"EUMYT  ",EU.FRANCE.MAYOTTE,UE.FRANCE.MAYOTTE,1996,ART,Artisanal Fishing,Pêcheries artisanales,6,HATR,Hand line and Troll line,Ligne à main et Ligne de traîne,Line,Lignes,1,4,8,LOA,Length overall,281,PELAGIC
15,"EUREU  ",EU.FRANCE.REUNION,UE.FRANCE.RÉUNION,1996,ART,Artisanal Fishing,Pêcheries artisanales,6,HATR,Hand line and Troll line,Ligne à main et Ligne de traîne,Line,Lignes,1,5,14,LOA,Length overall,1401,PELAGIC
6,"TWN    ","TAIWAN,CHINA","TAIWAN,CHINE",1996,IND,Industrial Fishing,Pêcheries industrielles,5,LL,Longline,Palangre dérivante au-dessus de 1800 hameçons,Longline,Palangre,0,24,40,LOA,Length overall,10,PELAGIC
6,"TWN    ","TAIWAN,CHINA","TAIWAN,CHINE",1996,IND,Industrial Fishing,Pêcheries industrielles,5,LL,Longline,Palangre dérivante au-dessus de 1800 hameçons,Longline,Palangre,0,40,60,LOA,Length overall,262,PELAGIC
22,"IND    ",INDIA,INDE,1996,IND,Industrial Fishing,Pêcheries industrielles,5,LL,Longline,Palangre dérivante au-dessus de 1800 hameçons,Longline,Palangre,0,40,60,LOA,Length overall,1,PELAGIC
24,"IRN    ",IRAN ISLAMIC REP.,IRAN RÉP. ISLAMIQUE,1996,IND,Industrial Fishing,Pêcheries industrielles,5,LL,Longline,Palangre dérivante au-dessus de 1800 hameçons,Longline,Palangre,0,40,60,LOA,Length overall,1,PELAGIC
26,"JPN    ",JAPAN,JAPON,1996,IND,Industrial Fishing,Pêcheries industrielles,5,LL,Longline,Palangre dérivante au-dessus de 1800 hameçons,Longline,Palangre,0,24,40,LOA,Length overall,13,PELAGIC
26,"JPN    ",JAPAN,JAPON,1996,IND,Industrial Fishing,Pêcheries industrielles,5,LL,Longline,Palangre dérivante au-dessus de 1800 hameçons,Longline,Palangre,0,40,60,LOA,Length overall,221,PELAGIC
29,"KOR    ",KOREA REP.,CORÉE RÉP.,1996,IND,Industrial Fishing,Pêcheries industrielles,5,LL,Longline,Palangre dérivante au-dessus de 1800 hameçons,Longline,Palangre,0,40,60,LOA,Length overall,62,PELAGIC
34,"MUS    ",MAURITIUS,MAURICE,1996,IND,Industrial Fishing,Pêcheries industrielles,5,LL,Longline,Palangre dérivante au-dessus de 1800 hameçons,Longline,Palangre,0,40,60,LOA,Length overall,1,PELAGIC
48,"TZA    ",TANZANIA,TANZANIE,1996,IND,Industrial Fishing,Pêcheries industrielles,5,LL,Longline,Palangre dérivante au-dessus de 1800 hameçons,Longline,Palangre,0,40,60,LOA,Length overall,3,PELAGIC
57,"NEIFR  ",NEI.FROZEN,NCA.CONGELÉ,1996,IND,Industrial Fishing,Pêcheries industrielles,5,LL,Longline,Palangre dérivante au-dessus de 1800 hameçons,Longline,Palangre,0,24,40,LOA,Length overall,28,PELAGIC
57,"NEIFR  ",NEI.FROZEN,NCA.CONGELÉ,1996,IND,Industrial Fishing,Pêcheries industrielles,5,LL,Longline,Palangre dérivante au-dessus de 1800 hameçons,Longline,Palangre,0,40,60,LOA,Length overall,87,PELAGIC
22,"IND    ",INDIA,INDE,1996,IND,Industrial Fishing,Pêcheries industrielles,5,LLEX,Exploratory longline,Palangre de prospection,Longline,Palangre,0,40,60,LOA,Length overall,2,PELAGIC
1,"AUS    ",AUSTRALIA,AUSTRALIE,1996,IND,Industrial Fishing,Pêcheries industrielles,1,PS,Purse seine,Senne tournante aux thons,Purse Seine,Senne tournante,0,24,40,LOA,Length overall,7,PELAGIC
1,"AUS    ",AUSTRALIA,AUSTRALIE,1996,IND,Industrial Fishing,Pêcheries industrielles,1,PS,Purse seine,Senne tournante aux thons,Purse Seine,Senne tournante,0,40,60,LOA,Length overall,3,PELAGIC
13,"EUFRA  ",EU.FRANCE,UE.FRANCE,1996,IND,Industrial Fishing,Pêcheries industrielles,1,PS,Purse seine,Senne tournante aux thons,Purse Seine,Senne tournante,0,40,60,LOA,Length overall,3,PELAGIC
13,"EUFRA  ",EU.FRANCE,UE.FRANCE,1996,IND,Industrial Fishing,Pêcheries industrielles,1,PS,Purse seine,Senne tournante aux thons,Purse Seine,Senne tournante,0,60,80,LOA,Length overall,12,PELAGIC
13,"EUFRA  ",EU.FRANCE,UE.FRANCE,1996,IND,Industrial Fishing,Pêcheries industrielles,1,PS,Purse seine,Senne tournante aux thons,Purse Seine,Senne tournante,0,80,100,LOA,Length overall,2,PELAGIC
19,"EUESP  ",EU.SPAIN,UE.ESPAGNE,1996,IND,Industrial Fishing,Pêcheries industrielles,1,PS,Purse seine,Senne tournante aux thons,Purse Seine,Senne tournante,0,60,80,LOA,Length overall,14,PELAGIC
19,"EUESP  ",EU.SPAIN,UE.ESPAGNE,1996,IND,Industrial Fishing,Pêcheries industrielles,1,PS,Purse seine,Senne tournante aux thons,Purse Seine,Senne tournante,0,80,100,LOA,Length overall,5,PELAGIC
19,"EUESP  ",EU.SPAIN,UE.ESPAGNE,1996,IND,Industrial Fishing,Pêcheries industrielles,1,PS,Purse seine,Senne tournante aux thons,Purse Seine,Senne tournante,0,100,120,LOA,Length overall,3,PELAGIC
24,"IRN    ",IRAN ISLAMIC REP.,IRAN RÉP. ISLAMIQUE,1996,IND,Industrial Fishing,Pêcheries industrielles,1,PS,Purse seine,Senne tournante aux thons,Purse Seine,Senne tournante,0,40,60,LOA,Length overall,2,PELAGIC
24,"IRN    ",IRAN ISLAMIC REP.,IRAN RÉP. ISLAMIQUE,1996,IND,Industrial Fishing,Pêcheries industrielles,1,PS,Purse seine,Senne tournante aux thons,Purse Seine,Senne tournante,0,60,80,LOA,Length overall,1,PELAGIC
26,"JPN    ",JAPAN,JAPON,1996,IND,Industrial Fishing,Pêcheries industrielles,1,PS,Purse seine,Senne tournante aux thons,Purse Seine,Senne tournante,0,40,60,LOA,Length overall,5,PELAGIC
26,"JPN    ",JAPAN,JAPON,1996,IND,Industrial Fishing,Pêcheries industrielles,1,PS,Purse seine,Senne tournante aux thons,Purse Seine,Senne tournante,0,60,80,LOA,Length overall,1,PELAGIC
34,"MUS    ",MAURITIUS,MAURICE,1996,IND,Industrial Fishing,Pêcheries industrielles,1,PS,Purse seine,Senne tournante aux thons,Purse Seine,Senne tournante,0,40,60,LOA,Length overall,1,PELAGIC
58,"NEIPS  ",NEI.OTHER,NCA.AUTRE,1996,IND,Industrial Fishing,Pêcheries industrielles,1,PS,Purse seine,Senne tournante aux thons,Purse Seine,Senne tournante,0,60,80,LOA,Length overall,7,PELAGIC
59,"NEISU  ",NEI.EXSOVIET,NCA.EXSOVIÉTIQUE,1996,IND,Industrial Fishing,Pêcheries industrielles,1,PS,Purse seine,Senne tournante aux thons,Purse Seine,Senne tournante,0,80,100,LOA,Length overall,10,PELAGIC
32,"MYS    ",MALAYSIA,MALAISIE,1996,ART,Artisanal Fishing,Pêcheries artisanales,1,PSS,Small purse seine,Senneur côtier,Purse Seine,Senne tournante,0,10,70,GRT,Gross Registered Tonnage,217,COASTAL
49,"THA    ",THAILAND,THAÏLANDE,1996,ART,Artisanal Fishing,Pêcheries artisanales,1,PSS,Small purse seine,Senneur côtier,Purse Seine,Senne tournante,0,1,14,LOA,Length overall,17,"ALL    "
49,"THA    ",THAILAND,THAÏLANDE,1996,ART,Artisanal Fishing,Pêcheries artisanales,1,PSS,Small purse seine,Senneur côtier,Purse Seine,Senne tournante,0,14,25,LOA,Length overall,178,"ALL    "
49,"THA    ",THAILAND,THAÏLANDE,1996,ART,Artisanal Fishing,Pêcheries artisanales,1,PSS,Small purse seine,Senneur côtier,Purse Seine,Senne tournante,0,25,40,LOA,Length overall,3,"ALL    "
1,"AUS    ",AUSTRALIA,AUSTRALIE,1996,ART,Artisanal Fishing,Pêcheries artisanales,6,SPOR,Sport fishing,Pêche sportive,Line,Lignes,0,4,20,LOA,Length overall,6,PELAGIC
1,"AUS    ",AUSTRALIA,AUSTRALIE,1996,ART,Artisanal Fishing,Pêcheries artisanales,9,TRAP,Trap,Madragues,Other,Autres,0,4,20,LOA,Length overall,3,COASTAL
1,"AUS    ",AUSTRALIA,AUSTRALIE,1996,IND,Industrial Fishing,Pêcheries industrielles,9,TRAW,Trawl,Chaluts,Other,Autres,0,10,40,LOA,Length overall,34,COASTAL
11,"ERI    ",ERITREA,ERYTHRÉE,1996,ART,Artisanal Fishing,Pêcheries artisanales,9,TRAW,Trawl,Chaluts,Other,Autres,0,NULL,NULL,UNCL,Unclassified,7,COASTAL
32,"MYS    ",MALAYSIA,MALAISIE,1996,ART,Artisanal Fishing,Pêcheries artisanales,9,TRAW,Trawl,Chaluts,Other,Autres,0,10,70,GRT,Gross Registered Tonnage,2796,COASTAL
1,"AUS    ",AUSTRALIA,AUSTRALIE,1996,ART,Artisanal Fishing,Pêcheries artisanales,6,TROL,Troll line,Ligne de traîne,Line,Lignes,0,4,20,LOA,Length overall,65,PELAGIC
32,"MYS    ",MALAYSIA,MALAISIE,1996,ART,Artisanal Fishing,Pêcheries artisanales,6,TROL,Troll line,Ligne de traîne,Line,Lignes,0,1,10,GRT,Gross Registered Tonnage,252,COASTAL
33,"MDV    ",MALDIVES,MALDIVES,1996,ART,Artisanal Fishing,Pêcheries artisanales,6,TROL,Troll line,Ligne de traîne,Line,Lignes,0,5,10,LOA,Length overall,225,PELAGIC
1,"AUS    ",AUSTRALIA,AUSTRALIE,1996,ART,Artisanal Fishing,Pêcheries artisanales,9,UNCL,Unclassified,Non classé,Other,Autres,1,4,20,LOA,Length overall,1,COASTAL
41,"SAU    ",SAUDI ARABIA,ARABIE SAOUDITE,1996,ART,Artisanal Fishing,Pêcheries artisanales,9,UNCL,Unclassified,Non classé,Other,Autres,1,5,25,LOA,Length overall,7157,COASTAL
46,"LKA    ",SRI LANKA,SRI LANKA,1996,ART,Artisanal Fishing,Pêcheries artisanales,9,UNCL,Unclassified,Non classé,Other,Autres,1,1,8,LOA,Length overall,22907,"ALL    "
46,"LKA    ",SRI LANKA,SRI LANKA,1996,ART,Artisanal Fishing,Pêcheries artisanales,9,UNCL,Unclassified,Non classé,Other,Autres,1,8,9,LOA,Length overall,2893,"ALL    "
33,"MDV    ",MALDIVES,MALDIVES,1997,ART,Artisanal Fishing,Pêcheries artisanales,3,BB,Baitboat,Canne,Baitboat,Canne,0,10,15,LOA,Length overall,1337,PELAGIC
1,"AUS    ",AUSTRALIA,AUSTRALIE,1997,IND,Industrial Fishing,Pêcheries industrielles,3,BBPS,Baitboat and purse seine,Canne et senne tournante,Baitboat,Canne,1,20,50,LOA,Length overall,21,PELAGIC
1,"AUS    ",AUSTRALIA,AUSTRALIE,1997,IND,Industrial Fishing,Pêcheries industrielles,5,ELL,Longline targeting swordfish,Palangre à espadon,Longline,Palangre,0,15,24,LOA,Length overall,4,PELAGIC
1,"AUS    ",AUSTRALIA,AUSTRALIE,1997,IND,Industrial Fishing,Pêcheries industrielles,5,ELL,Longline targeting swordfish,Palangre à espadon,Longline,Palangre,0,24,40,LOA,Length overall,4,PELAGIC
1,"AUS    ",AUSTRALIA,AUSTRALIE,1997,IND,Industrial Fishing,Pêcheries industrielles,5,ELL,Longline targeting swordfish,Palangre à espadon,Longline,Palangre,0,40,60,LOA,Length overall,1,PELAGIC
15,"EUREU  ",EU.FRANCE.REUNION,UE.FRANCE.RÉUNION,1997,IND,Industrial Fishing,Pêcheries industrielles,5,ELL,Longline targeting swordfish,Palangre à espadon,Longline,Palangre,0,0,15,LOA,Length overall,14,PELAGIC
15,"EUREU  ",EU.FRANCE.REUNION,UE.FRANCE.RÉUNION,1997,IND,Industrial Fishing,Pêcheries industrielles,5,ELL,Longline targeting swordfish,Palangre à espadon,Longline,Palangre,0,15,24,LOA,Length overall,9,PELAGIC
15,"EUREU  ",EU.FRANCE.REUNION,UE.FRANCE.RÉUNION,1997,IND,Industrial Fishing,Pêcheries industrielles,5,ELL,Longline targeting swordfish,Palangre à espadon,Longline,Palangre,0,24,40,LOA,Length overall,2,PELAGIC
19,"EUESP  ",EU.SPAIN,UE.ESPAGNE,1997,IND,Industrial Fishing,Pêcheries industrielles,5,ELL,Longline targeting swordfish,Palangre à espadon,Longline,Palangre,0,24,40,LOA,Length overall,1,PELAGIC
19,"EUESP  ",EU.SPAIN,UE.ESPAGNE,1997,IND,Industrial Fishing,Pêcheries industrielles,5,ELL,Longline targeting swordfish,Palangre à espadon,Longline,Palangre,0,40,60,LOA,Length overall,1,PELAGIC
43,"SYC    ",SEYCHELLES,SEYCHELLES,1997,IND,Industrial Fishing,Pêcheries industrielles,5,ELL,Longline targeting swordfish,Palangre à espadon,Longline,Palangre,0,15,24,LOA,Length overall,4,PELAGIC
44,"ZAF    ",SOUTH AFRICA,AFRIQUE DU SUD,1997,IND,Industrial Fishing,Pêcheries industrielles,5,ELL,Longline targeting swordfish,Palangre à espadon,Longline,Palangre,0,24,40,LOA,Length overall,1,PELAGIC
5,"CHN    ",CHINA,CHINE,1997,IND,Industrial Fishing,Pêcheries industrielles,5,FLL,Longline Fresh,Palangre Frais,Longline,Palangre,0,24,40,LOA,Length overall,89,PELAGIC
6,"TWN    ","TAIWAN,CHINA","TAIWAN,CHINE",1997,IND,Industrial Fishing,Pêcheries industrielles,5,FLL,Longline Fresh,Palangre Frais,Longline,Palangre,0,15,24,LOA,Length overall,281,PELAGIC
6,"TWN    ","TAIWAN,CHINA","TAIWAN,CHINE",1997,IND,Industrial Fishing,Pêcheries industrielles,5,FLL,Longline Fresh,Palangre Frais,Longline,Palangre,0,24,40,LOA,Length overall,149,PELAGIC
23,"IDN    ",INDONESIA,INDONÉSIE,1997,IND,Industrial Fishing,Pêcheries industrielles,5,FLL,Longline Fresh,Palangre Frais,Longline,Palangre,0,0,15,LOA,Length overall,43,PELAGIC
23,"IDN    ",INDONESIA,INDONÉSIE,1997,IND,Industrial Fishing,Pêcheries industrielles,5,FLL,Longline Fresh,Palangre Frais,Longline,Palangre,0,15,24,LOA,Length overall,689,PELAGIC
23,"IDN    ",INDONESIA,INDONÉSIE,1997,IND,Industrial Fishing,Pêcheries industrielles,5,FLL,Longline Fresh,Palangre Frais,Longline,Palangre,0,24,40,LOA,Length overall,129,PELAGIC
46,"LKA    ",SRI LANKA,SRI LANKA,1997,ART,Artisanal Fishing,Pêcheries artisanales,4,G/L,Gillnet and Longline combination,Filet maillant et Palangre,Gillnet,Filet maillant,1,9,18,LOA,Length overall,1764,PELAGIC
37,"OMN    ",OMAN,OMAN,1997,ART,Artisanal Fishing,Pêcheries artisanales,4,GIHA,Gillnet and hand line,Filet maillant et Ligne à main,Gillnet,Filet maillant,1,1,10,LOA,Length overall,11226,COASTAL
54,"YEM    ",YEMEN,YÉMEN,1997,ART,Artisanal Fishing,Pêcheries artisanales,4,GIHT,Gillnet and hand line and troll line,Filet maillant et ligne à main et ligne de traîne,Gillnet,Filet maillant,1,5,26,LOA,Length overall,8030,COASTAL
1,"AUS    ",AUSTRALIA,AUSTRALIE,1997,ART,Artisanal Fishing,Pêcheries artisanales,4,GILL,Gillnet,Filet maillant,Gillnet,Filet maillant,0,4,20,LOA,Length overall,11,COASTAL
3,"BGD    ",BANGLADESH,BANGLADESH,1997,ART,Artisanal Fishing,Pêcheries artisanales,4,GILL,Gillnet,Filet maillant,Gillnet,Filet maillant,0,10,15,LOA,Length overall,3500,COASTAL
11,"ERI    ",ERITREA,ERYTHRÉE,1997,ART,Artisanal Fishing,Pêcheries artisanales,4,GILL,Gillnet,Filet maillant,Gillnet,Filet maillant,0,NULL,NULL,UNCL,Unclassified,255,COASTAL
24,"IRN    ",IRAN ISLAMIC REP.,IRAN RÉP. ISLAMIQUE,1997,ART,Artisanal Fishing,Pêcheries artisanales,4,GILL,Gillnet,Filet maillant,Gillnet,Filet maillant,0,0,2,GRT,Gross Registered Tonnage,6537,"ALL    "
24,"IRN    ",IRAN ISLAMIC REP.,IRAN RÉP. ISLAMIQUE,1997,ART,Artisanal Fishing,Pêcheries artisanales,4,GILL,Gillnet,Filet maillant,Gillnet,Filet maillant,0,3,20,GRT,Gross Registered Tonnage,1248,"ALL    "
24,"IRN    ",IRAN ISLAMIC REP.,IRAN RÉP. ISLAMIQUE,1997,ART,Artisanal Fishing,Pêcheries artisanales,4,GILL,Gillnet,Filet maillant,Gillnet,Filet maillant,0,21,50,GRT,Gross Registered Tonnage,981,"ALL    "
24,"IRN    ",IRAN ISLAMIC REP.,IRAN RÉP. ISLAMIQUE,1997,ART,Artisanal Fishing,Pêcheries artisanales,4,GILL,Gillnet,Filet maillant,Gillnet,Filet maillant,0,51,100,GRT,Gross Registered Tonnage,484,"ALL    "
32,"MYS    ",MALAYSIA,MALAISIE,1997,ART,Artisanal Fishing,Pêcheries artisanales,4,GILL,Gillnet,Filet maillant,Gillnet,Filet maillant,0,1,10,GRT,Gross Registered Tonnage,5420,COASTAL
37,"OMN    ",OMAN,OMAN,1997,ART,Artisanal Fishing,Pêcheries artisanales,4,GILL,Gillnet,Filet maillant,Gillnet,Filet maillant,0,10,24,LOA,Length overall,404,COASTAL
38,"PAK    ",PAKISTAN,PAKISTAN,1997,ART,Artisanal Fishing,Pêcheries artisanales,4,GILL,Gillnet,Filet maillant,Gillnet,Filet maillant,0,35,50,GRT,Gross Registered Tonnage,1488,"ALL    "
40,"QAT    ",QATAR,QATAR,1997,ART,Artisanal Fishing,Pêcheries artisanales,4,GILL,Gillnet,Filet maillant,Gillnet,Filet maillant,0,10,24,LOA,Length overall,512,COASTAL
49,"THA    ",THAILAND,THAÏLANDE,1997,ART,Artisanal Fishing,Pêcheries artisanales,4,GILL,Gillnet,Filet maillant,Gillnet,Filet maillant,0,1,14,LOA,Length overall,390,COASTAL
49,"THA    ",THAILAND,THAÏLANDE,1997,ART,Artisanal Fishing,Pêcheries artisanales,4,GILL,Gillnet,Filet maillant,Gillnet,Filet maillant,0,14,25,LOA,Length overall,26,COASTAL
49,"THA    ",THAILAND,THAÏLANDE,1997,ART,Artisanal Fishing,Pêcheries artisanales,4,GILL,Gillnet,Filet maillant,Gillnet,Filet maillant,0,25,40,LOA,Length overall,1,COASTAL
1,"AUS    ",AUSTRALIA,AUSTRALIE,1997,ART,Artisanal Fishing,Pêcheries artisanales,6,HAND,Hand line,Ligne à main,Line,Lignes,0,4,20,LOA,Length overall,58,COASTAL
33,"MDV    ",MALDIVES,MALDIVES,1997,ART,Artisanal Fishing,Pêcheries artisanales,6,HAND,Hand line,Ligne à main,Line,Lignes,0,4,6,LOA,Length overall,20,PELAGIC
43,"SYC    ",SEYCHELLES,SEYCHELLES,1997,ART,Artisanal Fishing,Pêcheries artisanales,6,HAND,Hand line,Ligne à main,Line,Lignes,0,4,6,LOA,Length overall,40,PELAGIC
43,"SYC    ",SEYCHELLES,SEYCHELLES,1997,ART,Artisanal Fishing,Pêcheries artisanales,6,HAND,Hand line,Ligne à main,Line,Lignes,0,5,10,LOA,Length overall,201,PELAGIC
43,"SYC    ",SEYCHELLES,SEYCHELLES,1997,ART,Artisanal Fishing,Pêcheries artisanales,6,HAND,Hand line,Ligne à main,Line,Lignes,0,7,12,LOA,Length overall,94,PELAGIC
43,"SYC    ",SEYCHELLES,SEYCHELLES,1997,ART,Artisanal Fishing,Pêcheries artisanales,6,HAND,Hand line,Ligne à main,Line,Lignes,0,9,26,LOA,Length overall,11,PELAGIC
14,"EUMYT  ",EU.FRANCE.MAYOTTE,UE.FRANCE.MAYOTTE,1997,ART,Artisanal Fishing,Pêcheries artisanales,6,HATR,Hand line and Troll line,Ligne à main et Ligne de traîne,Line,Lignes,1,4,8,LOA,Length overall,269,PELAGIC
15,"EUREU  ",EU.FRANCE.REUNION,UE.FRANCE.RÉUNION,1997,ART,Artisanal Fishing,Pêcheries artisanales,6,HATR,Hand line and Troll line,Ligne à main et Ligne de traîne,Line,Lignes,1,5,14,LOA,Length overall,1509,PELAGIC
6,"TWN    ","TAIWAN,CHINA","TAIWAN,CHINE",1997,IND,Industrial Fishing,Pêcheries industrielles,5,LL,Longline,Palangre dérivante au-dessus de 1800 hameçons,Longline,Palangre,0,24,40,LOA,Length overall,12,PELAGIC
6,"TWN    ","TAIWAN,CHINA","TAIWAN,CHINE",1997,IND,Industrial Fishing,Pêcheries industrielles,5,LL,Longline,Palangre dérivante au-dessus de 1800 hameçons,Longline,Palangre,0,40,60,LOA,Length overall,295,PELAGIC
22,"IND    ",INDIA,INDE,1997,IND,Industrial Fishing,Pêcheries industrielles,5,LL,Longline,Palangre dérivante au-dessus de 1800 hameçons,Longline,Palangre,0,40,60,LOA,Length overall,1,PELAGIC
24,"IRN    ",IRAN ISLAMIC REP.,IRAN RÉP. ISLAMIQUE,1997,IND,Industrial Fishing,Pêcheries industrielles,5,LL,Longline,Palangre dérivante au-dessus de 1800 hameçons,Longline,Palangre,0,40,60,LOA,Length overall,1,PELAGIC
26,"JPN    ",JAPAN,JAPON,1997,IND,Industrial Fishing,Pêcheries industrielles,5,LL,Longline,Palangre dérivante au-dessus de 1800 hameçons,Longline,Palangre,0,24,40,LOA,Length overall,4,PELAGIC
26,"JPN    ",JAPAN,JAPON,1997,IND,Industrial Fishing,Pêcheries industrielles,5,LL,Longline,Palangre dérivante au-dessus de 1800 hameçons,Longline,Palangre,0,40,60,LOA,Length overall,248,PELAGIC
29,"KOR    ",KOREA REP.,CORÉE RÉP.,1997,IND,Industrial Fishing,Pêcheries industrielles,5,LL,Longline,Palangre dérivante au-dessus de 1800 hameçons,Longline,Palangre,0,40,60,LOA,Length overall,58,PELAGIC
34,"MUS    ",MAURITIUS,MAURICE,1997,IND,Industrial Fishing,Pêcheries industrielles,5,LL,Longline,Palangre dérivante au-dessus de 1800 hameçons,Longline,Palangre,0,40,60,LOA,Length overall,1,PELAGIC
48,"TZA    ",TANZANIA,TANZANIE,1997,IND,Industrial Fishing,Pêcheries industrielles,5,LL,Longline,Palangre dérivante au-dessus de 1800 hameçons,Longline,Palangre,0,40,60,LOA,Length overall,3,PELAGIC
53,"VUT    ",VANUATU,VANUATU,1997,IND,Industrial Fishing,Pêcheries industrielles,5,LL,Longline,Palangre dérivante au-dessus de 1800 hameçons,Longline,Palangre,0,40,60,LOA,Length overall,1,PELAGIC
57,"NEIFR  ",NEI.FROZEN,NCA.CONGELÉ,1997,IND,Industrial Fishing,Pêcheries industrielles,5,LL,Longline,Palangre dérivante au-dessus de 1800 hameçons,Longline,Palangre,0,24,40,LOA,Length overall,44,PELAGIC
57,"NEIFR  ",NEI.FROZEN,NCA.CONGELÉ,1997,IND,Industrial Fishing,Pêcheries industrielles,5,LL,Longline,Palangre dérivante au-dessus de 1800 hameçons,Longline,Palangre,0,40,60,LOA,Length overall,50,PELAGIC
22,"IND    ",INDIA,INDE,1997,IND,Industrial Fishing,Pêcheries industrielles,5,LLEX,Exploratory longline,Palangre de prospection,Longline,Palangre,0,40,60,LOA,Length overall,2,PELAGIC
1,"AUS    ",AUSTRALIA,AUSTRALIE,1997,IND,Industrial Fishing,Pêcheries industrielles,1,PS,Purse seine,Senne tournante aux thons,Purse Seine,Senne tournante,0,24,40,LOA,Length overall,6,PELAGIC
1,"AUS    ",AUSTRALIA,AUSTRALIE,1997,IND,Industrial Fishing,Pêcheries industrielles,1,PS,Purse seine,Senne tournante aux thons,Purse Seine,Senne tournante,0,40,60,LOA,Length overall,2,PELAGIC
13,"EUFRA  ",EU.FRANCE,UE.FRANCE,1997,IND,Industrial Fishing,Pêcheries industrielles,1,PS,Purse seine,Senne tournante aux thons,Purse Seine,Senne tournante,0,40,60,LOA,Length overall,3,PELAGIC
13,"EUFRA  ",EU.FRANCE,UE.FRANCE,1997,IND,Industrial Fishing,Pêcheries industrielles,1,PS,Purse seine,Senne tournante aux thons,Purse Seine,Senne tournante,0,60,80,LOA,Length overall,12,PELAGIC
13,"EUFRA  ",EU.FRANCE,UE.FRANCE,1997,IND,Industrial Fishing,Pêcheries industrielles,1,PS,Purse seine,Senne tournante aux thons,Purse Seine,Senne tournante,0,80,100,LOA,Length overall,2,PELAGIC
13,"EUFRA  ",EU.FRANCE,UE.FRANCE,1997,IND,Industrial Fishing,Pêcheries industrielles,1,PS,Purse seine,Senne tournante aux thons,Purse Seine,Senne tournante,0,100,120,LOA,Length overall,2,PELAGIC
19,"EUESP  ",EU.SPAIN,UE.ESPAGNE,1997,IND,Industrial Fishing,Pêcheries industrielles,1,PS,Purse seine,Senne tournante aux thons,Purse Seine,Senne tournante,0,60,80,LOA,Length overall,15,PELAGIC
19,"EUESP  ",EU.SPAIN,UE.ESPAGNE,1997,IND,Industrial Fishing,Pêcheries industrielles,1,PS,Purse seine,Senne tournante aux thons,Purse Seine,Senne tournante,0,80,100,LOA,Length overall,5,PELAGIC
19,"EUESP  ",EU.SPAIN,UE.ESPAGNE,1997,IND,Industrial Fishing,Pêcheries industrielles,1,PS,Purse seine,Senne tournante aux thons,Purse Seine,Senne tournante,0,100,120,LOA,Length overall,3,PELAGIC
24,"IRN    ",IRAN ISLAMIC REP.,IRAN RÉP. ISLAMIQUE,1997,IND,Industrial Fishing,Pêcheries industrielles,1,PS,Purse seine,Senne tournante aux thons,Purse Seine,Senne tournante,0,40,60,LOA,Length overall,2,PELAGIC
24,"IRN    ",IRAN ISLAMIC REP.,IRAN RÉP. ISLAMIQUE,1997,IND,Industrial Fishing,Pêcheries industrielles,1,PS,Purse seine,Senne tournante aux thons,Purse Seine,Senne tournante,0,60,80,LOA,Length overall,1,PELAGIC
26,"JPN    ",JAPAN,JAPON,1997,IND,Industrial Fishing,Pêcheries industrielles,1,PS,Purse seine,Senne tournante aux thons,Purse Seine,Senne tournante,0,40,60,LOA,Length overall,3,PELAGIC
26,"JPN    ",JAPAN,JAPON,1997,IND,Industrial Fishing,Pêcheries industrielles,1,PS,Purse seine,Senne tournante aux thons,Purse Seine,Senne tournante,0,60,80,LOA,Length overall,1,PELAGIC
34,"MUS    ",MAURITIUS,MAURICE,1997,IND,Industrial Fishing,Pêcheries industrielles,1,PS,Purse seine,Senne tournante aux thons,Purse Seine,Senne tournante,0,40,60,LOA,Length overall,2,PELAGIC
43,"SYC    ",SEYCHELLES,SEYCHELLES,1997,IND,Industrial Fishing,Pêcheries industrielles,1,PS,Purse seine,Senne tournante aux thons,Purse Seine,Senne tournante,0,60,80,LOA,Length overall,4,PELAGIC
43,"SYC    ",SEYCHELLES,SEYCHELLES,1997,IND,Industrial Fishing,Pêcheries industrielles,1,PS,Purse seine,Senne tournante aux thons,Purse Seine,Senne tournante,0,100,120,LOA,Length overall,1,PELAGIC
58,"NEIPS  ",NEI.OTHER,NCA.AUTRE,1997,IND,Industrial Fishing,Pêcheries industrielles,1,PS,Purse seine,Senne tournante aux thons,Purse Seine,Senne tournante,0,60,80,LOA,Length overall,17,PELAGIC
59,"NEISU  ",NEI.EXSOVIET,NCA.EXSOVIÉTIQUE,1997,IND,Industrial Fishing,Pêcheries industrielles,1,PS,Purse seine,Senne tournante aux thons,Purse Seine,Senne tournante,0,80,100,LOA,Length overall,9,PELAGIC
60,"EUITA  ",EU.ITALY,EU.ITALIE,1997,IND,Industrial Fishing,Pêcheries industrielles,1,PS,Purse seine,Senne tournante aux thons,Purse Seine,Senne tournante,0,80,100,LOA,Length overall,1,NULL
60,"EUITA  ",EU.ITALY,EU.ITALIE,1997,IND,Industrial Fishing,Pêcheries industrielles,1,PS,Purse seine,Senne tournante aux thons,Purse Seine,Senne tournante,0,80,100,LOA,Length overall,1,PELAGIC
32,"MYS    ",MALAYSIA,MALAISIE,1997,ART,Artisanal Fishing,Pêcheries artisanales,1,PSS,Small purse seine,Senneur côtier,Purse Seine,Senne tournante,0,10,70,GRT,Gross Registered Tonnage,221,COASTAL
49,"THA    ",THAILAND,THAÏLANDE,1997,ART,Artisanal Fishing,Pêcheries artisanales,1,PSS,Small purse seine,Senneur côtier,Purse Seine,Senne tournante,0,1,14,LOA,Length overall,28,"ALL    "
49,"THA    ",THAILAND,THAÏLANDE,1997,ART,Artisanal Fishing,Pêcheries artisanales,1,PSS,Small purse seine,Senneur côtier,Purse Seine,Senne tournante,0,14,25,LOA,Length overall,232,"ALL    "
49,"THA    ",THAILAND,THAÏLANDE,1997,ART,Artisanal Fishing,Pêcheries artisanales,1,PSS,Small purse seine,Senneur côtier,Purse Seine,Senne tournante,0,25,40,LOA,Length overall,1,"ALL    "
1,"AUS    ",AUSTRALIA,AUSTRALIE,1997,ART,Artisanal Fishing,Pêcheries artisanales,6,SPOR,Sport fishing,Pêche sportive,Line,Lignes,0,4,20,LOA,Length overall,6,PELAGIC
1,"AUS    ",AUSTRALIA,AUSTRALIE,1997,ART,Artisanal Fishing,Pêcheries artisanales,9,TRAP,Trap,Madragues,Other,Autres,0,4,20,LOA,Length overall,2,COASTAL
1,"AUS    ",AUSTRALIA,AUSTRALIE,1997,IND,Industrial Fishing,Pêcheries industrielles,9,TRAW,Trawl,Chaluts,Other,Autres,0,10,40,LOA,Length overall,55,COASTAL
11,"ERI    ",ERITREA,ERYTHRÉE,1997,ART,Artisanal Fishing,Pêcheries artisanales,9,TRAW,Trawl,Chaluts,Other,Autres,0,NULL,NULL,UNCL,Unclassified,2,COASTAL
32,"MYS    ",MALAYSIA,MALAISIE,1997,ART,Artisanal Fishing,Pêcheries artisanales,9,TRAW,Trawl,Chaluts,Other,Autres,0,10,70,GRT,Gross Registered Tonnage,2845,COASTAL
1,"AUS    ",AUSTRALIA,AUSTRALIE,1997,ART,Artisanal Fishing,Pêcheries artisanales,6,TROL,Troll line,Ligne de traîne,Line,Lignes,0,4,20,LOA,Length overall,24,PELAGIC
32,"MYS    ",MALAYSIA,MALAISIE,1997,ART,Artisanal Fishing,Pêcheries artisanales,6,TROL,Troll line,Ligne de traîne,Line,Lignes,0,1,10,GRT,Gross Registered Tonnage,234,COASTAL
33,"MDV    ",MALDIVES,MALDIVES,1997,ART,Artisanal Fishing,Pêcheries artisanales,6,TROL,Troll line,Ligne de traîne,Line,Lignes,0,5,10,LOA,Length overall,241,PELAGIC
1,"AUS    ",AUSTRALIA,AUSTRALIE,1997,ART,Artisanal Fishing,Pêcheries artisanales,9,UNCL,Unclassified,Non classé,Other,Autres,1,4,20,LOA,Length overall,10,COASTAL
41,"SAU    ",SAUDI ARABIA,ARABIE SAOUDITE,1997,ART,Artisanal Fishing,Pêcheries artisanales,9,UNCL,Unclassified,Non classé,Other,Autres,1,5,25,LOA,Length overall,7586,COASTAL
46,"LKA    ",SRI LANKA,SRI LANKA,1997,ART,Artisanal Fishing,Pêcheries artisanales,9,UNCL,Unclassified,Non classé,Other,Autres,1,1,8,LOA,Length overall,22525,"ALL    "
46,"LKA    ",SRI LANKA,SRI LANKA,1997,ART,Artisanal Fishing,Pêcheries artisanales,9,UNCL,Unclassified,Non classé,Other,Autres,1,8,9,LOA,Length overall,3122,"ALL    "
51,"ARE    ",UN. ARAB EMIRATES,EMIRATS ARABES UNIES,1997,ART,Artisanal Fishing,Pêcheries artisanales,9,UNCL,Unclassified,Non classé,Other,Autres,1,15,80,LOA,Length overall,4464,COASTAL
33,"MDV    ",MALDIVES,MALDIVES,1998,ART,Artisanal Fishing,Pêcheries artisanales,3,BB,Baitboat,Canne,Baitboat,Canne,0,10,15,LOA,Length overall,1301,PELAGIC
1,"AUS    ",AUSTRALIA,AUSTRALIE,1998,IND,Industrial Fishing,Pêcheries industrielles,3,BBPS,Baitboat and purse seine,Canne et senne tournante,Baitboat,Canne,1,20,50,LOA,Length overall,31,PELAGIC
1,"AUS    ",AUSTRALIA,AUSTRALIE,1998,ART,Artisanal Fishing,Pêcheries artisanales,1,BS,Beach seine,Senne de plage,Other,Autres,0,4,20,LOA,Length overall,2,COASTAL
1,"AUS    ",AUSTRALIA,AUSTRALIE,1998,IND,Industrial Fishing,Pêcheries industrielles,5,ELL,Longline targeting swordfish,Palangre à espadon,Longline,Palangre,0,15,24,LOA,Length overall,10,PELAGIC
1,"AUS    ",AUSTRALIA,AUSTRALIE,1998,IND,Industrial Fishing,Pêcheries industrielles,5,ELL,Longline targeting swordfish,Palangre à espadon,Longline,Palangre,0,24,40,LOA,Length overall,8,PELAGIC
1,"AUS    ",AUSTRALIA,AUSTRALIE,1998,IND,Industrial Fishing,Pêcheries industrielles,5,ELL,Longline targeting swordfish,Palangre à espadon,Longline,Palangre,0,40,60,LOA,Length overall,1,PELAGIC
14,"EUMYT  ",EU.FRANCE.MAYOTTE,UE.FRANCE.MAYOTTE,1998,IND,Industrial Fishing,Pêcheries industrielles,5,ELL,Longline targeting swordfish,Palangre à espadon,Longline,Palangre,0,0,15,LOA,Length overall,5,PELAGIC
14,"EUMYT  ",EU.FRANCE.MAYOTTE,UE.FRANCE.MAYOTTE,1998,IND,Industrial Fishing,Pêcheries industrielles,5,ELL,Longline targeting swordfish,Palangre à espadon,Longline,Palangre,0,15,24,LOA,Length overall,4,PELAGIC
14,"EUMYT  ",EU.FRANCE.MAYOTTE,UE.FRANCE.MAYOTTE,1998,IND,Industrial Fishing,Pêcheries industrielles,5,ELL,Longline targeting swordfish,Palangre à espadon,Longline,Palangre,0,24,40,LOA,Length overall,1,PELAGIC
15,"EUREU  ",EU.FRANCE.REUNION,UE.FRANCE.RÉUNION,1998,IND,Industrial Fishing,Pêcheries industrielles,5,ELL,Longline targeting swordfish,Palangre à espadon,Longline,Palangre,0,0,15,LOA,Length overall,16,PELAGIC
15,"EUREU  ",EU.FRANCE.REUNION,UE.FRANCE.RÉUNION,1998,IND,Industrial Fishing,Pêcheries industrielles,5,ELL,Longline targeting swordfish,Palangre à espadon,Longline,Palangre,0,15,24,LOA,Length overall,12,PELAGIC
15,"EUREU  ",EU.FRANCE.REUNION,UE.FRANCE.RÉUNION,1998,IND,Industrial Fishing,Pêcheries industrielles,5,ELL,Longline targeting swordfish,Palangre à espadon,Longline,Palangre,0,24,40,LOA,Length overall,2,PELAGIC
18,"EUPRT  ",EU.PORTUGAL,UE.PORTUGAL,1998,IND,Industrial Fishing,Pêcheries industrielles,5,ELL,Longline targeting swordfish,Palangre à espadon,Longline,Palangre,0,24,40,LOA,Length overall,2,PELAGIC
19,"EUESP  ",EU.SPAIN,UE.ESPAGNE,1998,IND,Industrial Fishing,Pêcheries industrielles,5,ELL,Longline targeting swordfish,Palangre à espadon,Longline,Palangre,0,24,40,LOA,Length overall,5,PELAGIC
19,"EUESP  ",EU.SPAIN,UE.ESPAGNE,1998,IND,Industrial Fishing,Pêcheries industrielles,5,ELL,Longline targeting swordfish,Palangre à espadon,Longline,Palangre,0,40,60,LOA,Length overall,3,PELAGIC
43,"SYC    ",SEYCHELLES,SEYCHELLES,1998,IND,Industrial Fishing,Pêcheries industrielles,5,ELL,Longline targeting swordfish,Palangre à espadon,Longline,Palangre,0,15,24,LOA,Length overall,5,PELAGIC
44,"ZAF    ",SOUTH AFRICA,AFRIQUE DU SUD,1998,IND,Industrial Fishing,Pêcheries industrielles,5,ELL,Longline targeting swordfish,Palangre à espadon,Longline,Palangre,0,15,24,LOA,Length overall,6,PELAGIC
44,"ZAF    ",SOUTH AFRICA,AFRIQUE DU SUD,1998,IND,Industrial Fishing,Pêcheries industrielles,5,ELL,Longline targeting swordfish,Palangre à espadon,Longline,Palangre,0,24,40,LOA,Length overall,3,PELAGIC
5,"CHN    ",CHINA,CHINE,1998,IND,Industrial Fishing,Pêcheries industrielles,5,FLL,Longline Fresh,Palangre Frais,Longline,Palangre,0,15,24,LOA,Length overall,104,PELAGIC
5,"CHN    ",CHINA,CHINE,1998,IND,Industrial Fishing,Pêcheries industrielles,5,FLL,Longline Fresh,Palangre Frais,Longline,Palangre,0,24,40,LOA,Length overall,44,PELAGIC
6,"TWN    ","TAIWAN,CHINA","TAIWAN,CHINE",1998,IND,Industrial Fishing,Pêcheries industrielles,5,FLL,Longline Fresh,Palangre Frais,Longline,Palangre,0,15,24,LOA,Length overall,189,PELAGIC
6,"TWN    ","TAIWAN,CHINA","TAIWAN,CHINE",1998,IND,Industrial Fishing,Pêcheries industrielles,5,FLL,Longline Fresh,Palangre Frais,Longline,Palangre,0,24,40,LOA,Length overall,100,PELAGIC
23,"IDN    ",INDONESIA,INDONÉSIE,1998,IND,Industrial Fishing,Pêcheries industrielles,5,FLL,Longline Fresh,Palangre Frais,Longline,Palangre,0,0,15,LOA,Length overall,43,PELAGIC
23,"IDN    ",INDONESIA,INDONÉSIE,1998,IND,Industrial Fishing,Pêcheries industrielles,5,FLL,Longline Fresh,Palangre Frais,Longline,Palangre,0,15,24,LOA,Length overall,676,PELAGIC
23,"IDN    ",INDONESIA,INDONÉSIE,1998,IND,Industrial Fishing,Pêcheries industrielles,5,FLL,Longline Fresh,Palangre Frais,Longline,Palangre,0,24,40,LOA,Length overall,126,PELAGIC
46,"LKA    ",SRI LANKA,SRI LANKA,1998,ART,Artisanal Fishing,Pêcheries artisanales,4,G/L,Gillnet and Longline combination,Filet maillant et Palangre,Gillnet,Filet maillant,1,9,18,LOA,Length overall,1353,PELAGIC
37,"OMN    ",OMAN,OMAN,1998,ART,Artisanal Fishing,Pêcheries artisanales,4,GIHA,Gillnet and hand line,Filet maillant et Ligne à main,Gillnet,Filet maillant,1,1,10,LOA,Length overall,11740,COASTAL
54,"YEM    ",YEMEN,YÉMEN,1998,ART,Artisanal Fishing,Pêcheries artisanales,4,GIHT,Gillnet and hand line and troll line,Filet maillant et ligne à main et ligne de traîne,Gillnet,Filet maillant,1,5,26,LOA,Length overall,8409,COASTAL
1,"AUS    ",AUSTRALIA,AUSTRALIE,1998,ART,Artisanal Fishing,Pêcheries artisanales,4,GILL,Gillnet,Filet maillant,Gillnet,Filet maillant,0,4,20,LOA,Length overall,10,COASTAL
2,"BHR    ",BAHRAIN,BAHREÏN,1998,ART,Artisanal Fishing,Pêcheries artisanales,4,GILL,Gillnet,Filet maillant,Gillnet,Filet maillant,0,4,20,LOA,Length overall,213,COASTAL
11,"ERI    ",ERITREA,ERYTHRÉE,1998,ART,Artisanal Fishing,Pêcheries artisanales,4,GILL,Gillnet,Filet maillant,Gillnet,Filet maillant,0,NULL,NULL,UNCL,Unclassified,315,COASTAL
24,"IRN    ",IRAN ISLAMIC REP.,IRAN RÉP. ISLAMIQUE,1998,ART,Artisanal Fishing,Pêcheries artisanales,4,GILL,Gillnet,Filet maillant,Gillnet,Filet maillant,0,0,2,GRT,Gross Registered Tonnage,5846,"ALL    "
24,"IRN    ",IRAN ISLAMIC REP.,IRAN RÉP. ISLAMIQUE,1998,ART,Artisanal Fishing,Pêcheries artisanales,4,GILL,Gillnet,Filet maillant,Gillnet,Filet maillant,0,3,20,GRT,Gross Registered Tonnage,1283,"ALL    "
24,"IRN    ",IRAN ISLAMIC REP.,IRAN RÉP. ISLAMIQUE,1998,ART,Artisanal Fishing,Pêcheries artisanales,4,GILL,Gillnet,Filet maillant,Gillnet,Filet maillant,0,21,50,GRT,Gross Registered Tonnage,916,"ALL    "
24,"IRN    ",IRAN ISLAMIC REP.,IRAN RÉP. ISLAMIQUE,1998,ART,Artisanal Fishing,Pêcheries artisanales,4,GILL,Gillnet,Filet maillant,Gillnet,Filet maillant,0,51,100,GRT,Gross Registered Tonnage,468,"ALL    "
32,"MYS    ",MALAYSIA,MALAISIE,1998,ART,Artisanal Fishing,Pêcheries artisanales,4,GILL,Gillnet,Filet maillant,Gillnet,Filet maillant,0,1,10,GRT,Gross Registered Tonnage,5649,COASTAL
37,"OMN    ",OMAN,OMAN,1998,ART,Artisanal Fishing,Pêcheries artisanales,4,GILL,Gillnet,Filet maillant,Gillnet,Filet maillant,0,10,24,LOA,Length overall,423,COASTAL
38,"PAK    ",PAKISTAN,PAKISTAN,1998,ART,Artisanal Fishing,Pêcheries artisanales,4,GILL,Gillnet,Filet maillant,Gillnet,Filet maillant,0,35,50,GRT,Gross Registered Tonnage,1688,"ALL    "
40,"QAT    ",QATAR,QATAR,1998,ART,Artisanal Fishing,Pêcheries artisanales,4,GILL,Gillnet,Filet maillant,Gillnet,Filet maillant,0,10,24,LOA,Length overall,515,COASTAL
49,"THA    ",THAILAND,THAÏLANDE,1998,ART,Artisanal Fishing,Pêcheries artisanales,4,GILL,Gillnet,Filet maillant,Gillnet,Filet maillant,0,1,14,LOA,Length overall,395,COASTAL
49,"THA    ",THAILAND,THAÏLANDE,1998,ART,Artisanal Fishing,Pêcheries artisanales,4,GILL,Gillnet,Filet maillant,Gillnet,Filet maillant,0,14,25,LOA,Length overall,31,COASTAL
1,"AUS    ",AUSTRALIA,AUSTRALIE,1998,ART,Artisanal Fishing,Pêcheries artisanales,6,HAND,Hand line,Ligne à main,Line,Lignes,0,4,20,LOA,Length overall,98,COASTAL
33,"MDV    ",MALDIVES,MALDIVES,1998,ART,Artisanal Fishing,Pêcheries artisanales,6,HAND,Hand line,Ligne à main,Line,Lignes,0,4,6,LOA,Length overall,24,PELAGIC
43,"SYC    ",SEYCHELLES,SEYCHELLES,1998,ART,Artisanal Fishing,Pêcheries artisanales,6,HAND,Hand line,Ligne à main,Line,Lignes,0,4,6,LOA,Length overall,38,PELAGIC
43,"SYC    ",SEYCHELLES,SEYCHELLES,1998,ART,Artisanal Fishing,Pêcheries artisanales,6,HAND,Hand line,Ligne à main,Line,Lignes,0,5,10,LOA,Length overall,214,PELAGIC
43,"SYC    ",SEYCHELLES,SEYCHELLES,1998,ART,Artisanal Fishing,Pêcheries artisanales,6,HAND,Hand line,Ligne à main,Line,Lignes,0,7,12,LOA,Length overall,90,PELAGIC
43,"SYC    ",SEYCHELLES,SEYCHELLES,1998,ART,Artisanal Fishing,Pêcheries artisanales,6,HAND,Hand line,Ligne à main,Line,Lignes,0,9,26,LOA,Length overall,11,PELAGIC
14,"EUMYT  ",EU.FRANCE.MAYOTTE,UE.FRANCE.MAYOTTE,1998,ART,Artisanal Fishing,Pêcheries artisanales,6,HATR,Hand line and Troll line,Ligne à main et Ligne de traîne,Line,Lignes,1,4,8,LOA,Length overall,256,PELAGIC
15,"EUREU  ",EU.FRANCE.REUNION,UE.FRANCE.RÉUNION,1998,ART,Artisanal Fishing,Pêcheries artisanales,6,HATR,Hand line and Troll line,Ligne à main et Ligne de traîne,Line,Lignes,1,5,14,LOA,Length overall,1625,PELAGIC
6,"TWN    ","TAIWAN,CHINA","TAIWAN,CHINE",1998,IND,Industrial Fishing,Pêcheries industrielles,5,LL,Longline,Palangre dérivante au-dessus de 1800 hameçons,Longline,Palangre,0,24,40,LOA,Length overall,12,PELAGIC
6,"TWN    ","TAIWAN,CHINA","TAIWAN,CHINE",1998,IND,Industrial Fishing,Pêcheries industrielles,5,LL,Longline,Palangre dérivante au-dessus de 1800 hameçons,Longline,Palangre,0,40,60,LOA,Length overall,298,PELAGIC
22,"IND    ",INDIA,INDE,1998,IND,Industrial Fishing,Pêcheries industrielles,5,LL,Longline,Palangre dérivante au-dessus de 1800 hameçons,Longline,Palangre,0,40,60,LOA,Length overall,6,PELAGIC
24,"IRN    ",IRAN ISLAMIC REP.,IRAN RÉP. ISLAMIQUE,1998,IND,Industrial Fishing,Pêcheries industrielles,5,LL,Longline,Palangre dérivante au-dessus de 1800 hameçons,Longline,Palangre,0,40,60,LOA,Length overall,1,PELAGIC
26,"JPN    ",JAPAN,JAPON,1998,IND,Industrial Fishing,Pêcheries industrielles,5,LL,Longline,Palangre dérivante au-dessus de 1800 hameçons,Longline,Palangre,0,24,40,LOA,Length overall,11,PELAGIC
26,"JPN    ",JAPAN,JAPON,1998,IND,Industrial Fishing,Pêcheries industrielles,5,LL,Longline,Palangre dérivante au-dessus de 1800 hameçons,Longline,Palangre,0,40,60,LOA,Length overall,231,PELAGIC
29,"KOR    ",KOREA REP.,CORÉE RÉP.,1998,IND,Industrial Fishing,Pêcheries industrielles,5,LL,Longline,Palangre dérivante au-dessus de 1800 hameçons,Longline,Palangre,0,40,60,LOA,Length overall,59,PELAGIC
34,"MUS    ",MAURITIUS,MAURICE,1998,IND,Industrial Fishing,Pêcheries industrielles,5,LL,Longline,Palangre dérivante au-dessus de 1800 hameçons,Longline,Palangre,0,40,60,LOA,Length overall,1,PELAGIC
39,"PHL    ",PHILIPPINES,PHILIPPINES,1998,IND,Industrial Fishing,Pêcheries industrielles,5,LL,Longline,Palangre dérivante au-dessus de 1800 hameçons,Longline,Palangre,0,40,60,LOA,Length overall,14,PELAGIC
48,"TZA    ",TANZANIA,TANZANIE,1998,IND,Industrial Fishing,Pêcheries industrielles,5,LL,Longline,Palangre dérivante au-dessus de 1800 hameçons,Longline,Palangre,0,40,60,LOA,Length overall,3,PELAGIC
57,"NEIFR  ",NEI.FROZEN,NCA.CONGELÉ,1998,IND,Industrial Fishing,Pêcheries industrielles,5,LL,Longline,Palangre dérivante au-dessus de 1800 hameçons,Longline,Palangre,0,24,40,LOA,Length overall,93,PELAGIC
57,"NEIFR  ",NEI.FROZEN,NCA.CONGELÉ,1998,IND,Industrial Fishing,Pêcheries industrielles,5,LL,Longline,Palangre dérivante au-dessus de 1800 hameçons,Longline,Palangre,0,40,60,LOA,Length overall,40,PELAGIC
22,"IND    ",INDIA,INDE,1998,IND,Industrial Fishing,Pêcheries industrielles,5,LLEX,Exploratory longline,Palangre de prospection,Longline,Palangre,0,40,60,LOA,Length overall,2,PELAGIC
1,"AUS    ",AUSTRALIA,AUSTRALIE,1998,IND,Industrial Fishing,Pêcheries industrielles,1,PS,Purse seine,Senne tournante aux thons,Purse Seine,Senne tournante,0,24,40,LOA,Length overall,3,PELAGIC
1,"AUS    ",AUSTRALIA,AUSTRALIE,1998,IND,Industrial Fishing,Pêcheries industrielles,1,PS,Purse seine,Senne tournante aux thons,Purse Seine,Senne tournante,0,40,60,LOA,Length overall,2,PELAGIC
13,"EUFRA  ",EU.FRANCE,UE.FRANCE,1998,IND,Industrial Fishing,Pêcheries industrielles,1,PS,Purse seine,Senne tournante aux thons,Purse Seine,Senne tournante,0,40,60,LOA,Length overall,3,PELAGIC
13,"EUFRA  ",EU.FRANCE,UE.FRANCE,1998,IND,Industrial Fishing,Pêcheries industrielles,1,PS,Purse seine,Senne tournante aux thons,Purse Seine,Senne tournante,0,60,80,LOA,Length overall,10,PELAGIC
13,"EUFRA  ",EU.FRANCE,UE.FRANCE,1998,IND,Industrial Fishing,Pêcheries industrielles,1,PS,Purse seine,Senne tournante aux thons,Purse Seine,Senne tournante,0,80,100,LOA,Length overall,2,PELAGIC
13,"EUFRA  ",EU.FRANCE,UE.FRANCE,1998,IND,Industrial Fishing,Pêcheries industrielles,1,PS,Purse seine,Senne tournante aux thons,Purse Seine,Senne tournante,0,100,120,LOA,Length overall,1,PELAGIC
19,"EUESP  ",EU.SPAIN,UE.ESPAGNE,1998,IND,Industrial Fishing,Pêcheries industrielles,1,PS,Purse seine,Senne tournante aux thons,Purse Seine,Senne tournante,0,60,80,LOA,Length overall,15,PELAGIC
19,"EUESP  ",EU.SPAIN,UE.ESPAGNE,1998,IND,Industrial Fishing,Pêcheries industrielles,1,PS,Purse seine,Senne tournante aux thons,Purse Seine,Senne tournante,0,80,100,LOA,Length overall,4,PELAGIC
19,"EUESP  ",EU.SPAIN,UE.ESPAGNE,1998,IND,Industrial Fishing,Pêcheries industrielles,1,PS,Purse seine,Senne tournante aux thons,Purse Seine,Senne tournante,0,100,120,LOA,Length overall,1,PELAGIC
24,"IRN    ",IRAN ISLAMIC REP.,IRAN RÉP. ISLAMIQUE,1998,IND,Industrial Fishing,Pêcheries industrielles,1,PS,Purse seine,Senne tournante aux thons,Purse Seine,Senne tournante,0,40,60,LOA,Length overall,2,PELAGIC
24,"IRN    ",IRAN ISLAMIC REP.,IRAN RÉP. ISLAMIQUE,1998,IND,Industrial Fishing,Pêcheries industrielles,1,PS,Purse seine,Senne tournante aux thons,Purse Seine,Senne tournante,0,60,80,LOA,Length overall,1,PELAGIC
26,"JPN    ",JAPAN,JAPON,1998,IND,Industrial Fishing,Pêcheries industrielles,1,PS,Purse seine,Senne tournante aux thons,Purse Seine,Senne tournante,0,40,60,LOA,Length overall,3,PELAGIC
26,"JPN    ",JAPAN,JAPON,1998,IND,Industrial Fishing,Pêcheries industrielles,1,PS,Purse seine,Senne tournante aux thons,Purse Seine,Senne tournante,0,60,80,LOA,Length overall,1,PELAGIC
34,"MUS    ",MAURITIUS,MAURICE,1998,IND,Industrial Fishing,Pêcheries industrielles,1,PS,Purse seine,Senne tournante aux thons,Purse Seine,Senne tournante,0,40,60,LOA,Length overall,1,PELAGIC
43,"SYC    ",SEYCHELLES,SEYCHELLES,1998,IND,Industrial Fishing,Pêcheries industrielles,1,PS,Purse seine,Senne tournante aux thons,Purse Seine,Senne tournante,0,60,80,LOA,Length overall,4,PELAGIC
43,"SYC    ",SEYCHELLES,SEYCHELLES,1998,IND,Industrial Fishing,Pêcheries industrielles,1,PS,Purse seine,Senne tournante aux thons,Purse Seine,Senne tournante,0,100,120,LOA,Length overall,1,PELAGIC
58,"NEIPS  ",NEI.OTHER,NCA.AUTRE,1998,IND,Industrial Fishing,Pêcheries industrielles,1,PS,Purse seine,Senne tournante aux thons,Purse Seine,Senne tournante,0,60,80,LOA,Length overall,10,PELAGIC
59,"NEISU  ",NEI.EXSOVIET,NCA.EXSOVIÉTIQUE,1998,IND,Industrial Fishing,Pêcheries industrielles,1,PS,Purse seine,Senne tournante aux thons,Purse Seine,Senne tournante,0,80,100,LOA,Length overall,9,PELAGIC
60,"EUITA  ",EU.ITALY,EU.ITALIE,1998,IND,Industrial Fishing,Pêcheries industrielles,1,PS,Purse seine,Senne tournante aux thons,Purse Seine,Senne tournante,0,80,100,LOA,Length overall,1,NULL
60,"EUITA  ",EU.ITALY,EU.ITALIE,1998,IND,Industrial Fishing,Pêcheries industrielles,1,PS,Purse seine,Senne tournante aux thons,Purse Seine,Senne tournante,0,80,100,LOA,Length overall,1,PELAGIC
32,"MYS    ",MALAYSIA,MALAISIE,1998,ART,Artisanal Fishing,Pêcheries artisanales,1,PSS,Small purse seine,Senneur côtier,Purse Seine,Senne tournante,0,10,70,GRT,Gross Registered Tonnage,221,COASTAL
49,"THA    ",THAILAND,THAÏLANDE,1998,ART,Artisanal Fishing,Pêcheries artisanales,1,PSS,Small purse seine,Senneur côtier,Purse Seine,Senne tournante,0,1,14,LOA,Length overall,14,"ALL    "
49,"THA    ",THAILAND,THAÏLANDE,1998,ART,Artisanal Fishing,Pêcheries artisanales,1,PSS,Small purse seine,Senneur côtier,Purse Seine,Senne tournante,0,14,25,LOA,Length overall,175,"ALL    "
49,"THA    ",THAILAND,THAÏLANDE,1998,ART,Artisanal Fishing,Pêcheries artisanales,1,PSS,Small purse seine,Senneur côtier,Purse Seine,Senne tournante,0,25,40,LOA,Length overall,3,"ALL    "
1,"AUS    ",AUSTRALIA,AUSTRALIE,1998,ART,Artisanal Fishing,Pêcheries artisanales,6,SPOR,Sport fishing,Pêche sportive,Line,Lignes,0,4,20,LOA,Length overall,9,PELAGIC
1,"AUS    ",AUSTRALIA,AUSTRALIE,1998,ART,Artisanal Fishing,Pêcheries artisanales,9,TRAP,Trap,Madragues,Other,Autres,0,4,20,LOA,Length overall,2,COASTAL
1,"AUS    ",AUSTRALIA,AUSTRALIE,1998,IND,Industrial Fishing,Pêcheries industrielles,9,TRAW,Trawl,Chaluts,Other,Autres,0,10,40,LOA,Length overall,35,COASTAL
11,"ERI    ",ERITREA,ERYTHRÉE,1998,ART,Artisanal Fishing,Pêcheries artisanales,9,TRAW,Trawl,Chaluts,Other,Autres,0,NULL,NULL,UNCL,Unclassified,8,COASTAL
32,"MYS    ",MALAYSIA,MALAISIE,1998,ART,Artisanal Fishing,Pêcheries artisanales,9,TRAW,Trawl,Chaluts,Other,Autres,0,10,70,GRT,Gross Registered Tonnage,2861,COASTAL
1,"AUS    ",AUSTRALIA,AUSTRALIE,1998,ART,Artisanal Fishing,Pêcheries artisanales,6,TROL,Troll line,Ligne de traîne,Line,Lignes,0,4,20,LOA,Length overall,56,PELAGIC
32,"MYS    ",MALAYSIA,MALAISIE,1998,ART,Artisanal Fishing,Pêcheries artisanales,6,TROL,Troll line,Ligne de traîne,Line,Lignes,0,1,10,GRT,Gross Registered Tonnage,189,COASTAL
33,"MDV    ",MALDIVES,MALDIVES,1998,ART,Artisanal Fishing,Pêcheries artisanales,6,TROL,Troll line,Ligne de traîne,Line,Lignes,0,5,10,LOA,Length overall,186,PELAGIC
1,"AUS    ",AUSTRALIA,AUSTRALIE,1998,ART,Artisanal Fishing,Pêcheries artisanales,9,UNCL,Unclassified,Non classé,Other,Autres,1,4,20,LOA,Length overall,7,COASTAL
41,"SAU    ",SAUDI ARABIA,ARABIE SAOUDITE,1998,ART,Artisanal Fishing,Pêcheries artisanales,9,UNCL,Unclassified,Non classé,Other,Autres,1,5,25,LOA,Length overall,8054,COASTAL
46,"LKA    ",SRI LANKA,SRI LANKA,1998,ART,Artisanal Fishing,Pêcheries artisanales,9,UNCL,Unclassified,Non classé,Other,Autres,1,1,8,LOA,Length overall,22569,"ALL    "
46,"LKA    ",SRI LANKA,SRI LANKA,1998,ART,Artisanal Fishing,Pêcheries artisanales,9,UNCL,Unclassified,Non classé,Other,Autres,1,8,9,LOA,Length overall,2539,"ALL    "
33,"MDV    ",MALDIVES,MALDIVES,1999,ART,Artisanal Fishing,Pêcheries artisanales,3,BB,Baitboat,Canne,Baitboat,Canne,0,10,15,LOA,Length overall,1258,PELAGIC
1,"AUS    ",AUSTRALIA,AUSTRALIE,1999,IND,Industrial Fishing,Pêcheries industrielles,3,BBPS,Baitboat and purse seine,Canne et senne tournante,Baitboat,Canne,1,20,50,LOA,Length overall,30,PELAGIC
1,"AUS    ",AUSTRALIA,AUSTRALIE,1999,IND,Industrial Fishing,Pêcheries industrielles,5,ELL,Longline targeting swordfish,Palangre à espadon,Longline,Palangre,0,15,24,LOA,Length overall,24,PELAGIC
1,"AUS    ",AUSTRALIA,AUSTRALIE,1999,IND,Industrial Fishing,Pêcheries industrielles,5,ELL,Longline targeting swordfish,Palangre à espadon,Longline,Palangre,0,24,40,LOA,Length overall,9,PELAGIC
1,"AUS    ",AUSTRALIA,AUSTRALIE,1999,IND,Industrial Fishing,Pêcheries industrielles,5,ELL,Longline targeting swordfish,Palangre à espadon,Longline,Palangre,0,40,60,LOA,Length overall,4,PELAGIC
14,"EUMYT  ",EU.FRANCE.MAYOTTE,UE.FRANCE.MAYOTTE,1999,IND,Industrial Fishing,Pêcheries industrielles,5,ELL,Longline targeting swordfish,Palangre à espadon,Longline,Palangre,0,0,15,LOA,Length overall,4,PELAGIC
14,"EUMYT  ",EU.FRANCE.MAYOTTE,UE.FRANCE.MAYOTTE,1999,IND,Industrial Fishing,Pêcheries industrielles,5,ELL,Longline targeting swordfish,Palangre à espadon,Longline,Palangre,0,15,24,LOA,Length overall,2,PELAGIC
15,"EUREU  ",EU.FRANCE.REUNION,UE.FRANCE.RÉUNION,1999,IND,Industrial Fishing,Pêcheries industrielles,5,ELL,Longline targeting swordfish,Palangre à espadon,Longline,Palangre,0,0,15,LOA,Length overall,20,PELAGIC
15,"EUREU  ",EU.FRANCE.REUNION,UE.FRANCE.RÉUNION,1999,IND,Industrial Fishing,Pêcheries industrielles,5,ELL,Longline targeting swordfish,Palangre à espadon,Longline,Palangre,0,15,24,LOA,Length overall,8,PELAGIC
15,"EUREU  ",EU.FRANCE.REUNION,UE.FRANCE.RÉUNION,1999,IND,Industrial Fishing,Pêcheries industrielles,5,ELL,Longline targeting swordfish,Palangre à espadon,Longline,Palangre,0,24,40,LOA,Length overall,2,PELAGIC
18,"EUPRT  ",EU.PORTUGAL,UE.PORTUGAL,1999,IND,Industrial Fishing,Pêcheries industrielles,5,ELL,Longline targeting swordfish,Palangre à espadon,Longline,Palangre,0,24,40,LOA,Length overall,7,PELAGIC
18,"EUPRT  ",EU.PORTUGAL,UE.PORTUGAL,1999,IND,Industrial Fishing,Pêcheries industrielles,5,ELL,Longline targeting swordfish,Palangre à espadon,Longline,Palangre,0,40,60,LOA,Length overall,2,PELAGIC
19,"EUESP  ",EU.SPAIN,UE.ESPAGNE,1999,IND,Industrial Fishing,Pêcheries industrielles,5,ELL,Longline targeting swordfish,Palangre à espadon,Longline,Palangre,0,24,40,LOA,Length overall,5,PELAGIC
19,"EUESP  ",EU.SPAIN,UE.ESPAGNE,1999,IND,Industrial Fishing,Pêcheries industrielles,5,ELL,Longline targeting swordfish,Palangre à espadon,Longline,Palangre,0,40,60,LOA,Length overall,4,PELAGIC
43,"SYC    ",SEYCHELLES,SEYCHELLES,1999,IND,Industrial Fishing,Pêcheries industrielles,5,ELL,Longline targeting swordfish,Palangre à espadon,Longline,Palangre,0,15,24,LOA,Length overall,7,PELAGIC
44,"ZAF    ",SOUTH AFRICA,AFRIQUE DU SUD,1999,IND,Industrial Fishing,Pêcheries industrielles,5,ELL,Longline targeting swordfish,Palangre à espadon,Longline,Palangre,0,15,24,LOA,Length overall,6,PELAGIC
44,"ZAF    ",SOUTH AFRICA,AFRIQUE DU SUD,1999,IND,Industrial Fishing,Pêcheries industrielles,5,ELL,Longline targeting swordfish,Palangre à espadon,Longline,Palangre,0,24,40,LOA,Length overall,3,PELAGIC
5,"CHN    ",CHINA,CHINE,1999,IND,Industrial Fishing,Pêcheries industrielles,5,FLL,Longline Fresh,Palangre Frais,Longline,Palangre,0,15,24,LOA,Length overall,9,PELAGIC
5,"CHN    ",CHINA,CHINE,1999,IND,Industrial Fishing,Pêcheries industrielles,5,FLL,Longline Fresh,Palangre Frais,Longline,Palangre,0,24,40,LOA,Length overall,65,PELAGIC
6,"TWN    ","TAIWAN,CHINA","TAIWAN,CHINE",1999,IND,Industrial Fishing,Pêcheries industrielles,5,FLL,Longline Fresh,Palangre Frais,Longline,Palangre,0,15,24,LOA,Length overall,163,PELAGIC
6,"TWN    ","TAIWAN,CHINA","TAIWAN,CHINE",1999,IND,Industrial Fishing,Pêcheries industrielles,5,FLL,Longline Fresh,Palangre Frais,Longline,Palangre,0,24,40,LOA,Length overall,87,PELAGIC
23,"IDN    ",INDONESIA,INDONÉSIE,1999,IND,Industrial Fishing,Pêcheries industrielles,5,FLL,Longline Fresh,Palangre Frais,Longline,Palangre,0,0,15,LOA,Length overall,55,PELAGIC
23,"IDN    ",INDONESIA,INDONÉSIE,1999,IND,Industrial Fishing,Pêcheries industrielles,5,FLL,Longline Fresh,Palangre Frais,Longline,Palangre,0,15,24,LOA,Length overall,876,PELAGIC
23,"IDN    ",INDONESIA,INDONÉSIE,1999,IND,Industrial Fishing,Pêcheries industrielles,5,FLL,Longline Fresh,Palangre Frais,Longline,Palangre,0,24,40,LOA,Length overall,164,PELAGIC
46,"LKA    ",SRI LANKA,SRI LANKA,1999,ART,Artisanal Fishing,Pêcheries artisanales,4,G/L,Gillnet and Longline combination,Filet maillant et Palangre,Gillnet,Filet maillant,1,9,18,LOA,Length overall,1419,PELAGIC
37,"OMN    ",OMAN,OMAN,1999,ART,Artisanal Fishing,Pêcheries artisanales,4,GIHA,Gillnet and hand line,Filet maillant et Ligne à main,Gillnet,Filet maillant,1,1,10,LOA,Length overall,12027,COASTAL
54,"YEM    ",YEMEN,YÉMEN,1999,ART,Artisanal Fishing,Pêcheries artisanales,4,GIHT,Gillnet and hand line and troll line,Filet maillant et ligne à main et ligne de traîne,Gillnet,Filet maillant,1,5,26,LOA,Length overall,8788,COASTAL
1,"AUS    ",AUSTRALIA,AUSTRALIE,1999,ART,Artisanal Fishing,Pêcheries artisanales,4,GILL,Gillnet,Filet maillant,Gillnet,Filet maillant,0,4,20,LOA,Length overall,13,COASTAL
11,"ERI    ",ERITREA,ERYTHRÉE,1999,ART,Artisanal Fishing,Pêcheries artisanales,4,GILL,Gillnet,Filet maillant,Gillnet,Filet maillant,0,NULL,NULL,UNCL,Unclassified,350,COASTAL
24,"IRN    ",IRAN ISLAMIC REP.,IRAN RÉP. ISLAMIQUE,1999,ART,Artisanal Fishing,Pêcheries artisanales,4,GILL,Gillnet,Filet maillant,Gillnet,Filet maillant,0,0,2,GRT,Gross Registered Tonnage,6256,"ALL    "
24,"IRN    ",IRAN ISLAMIC REP.,IRAN RÉP. ISLAMIQUE,1999,ART,Artisanal Fishing,Pêcheries artisanales,4,GILL,Gillnet,Filet maillant,Gillnet,Filet maillant,0,3,20,GRT,Gross Registered Tonnage,1094,"ALL    "
24,"IRN    ",IRAN ISLAMIC REP.,IRAN RÉP. ISLAMIQUE,1999,ART,Artisanal Fishing,Pêcheries artisanales,4,GILL,Gillnet,Filet maillant,Gillnet,Filet maillant,0,21,50,GRT,Gross Registered Tonnage,1055,"ALL    "
24,"IRN    ",IRAN ISLAMIC REP.,IRAN RÉP. ISLAMIQUE,1999,ART,Artisanal Fishing,Pêcheries artisanales,4,GILL,Gillnet,Filet maillant,Gillnet,Filet maillant,0,51,100,GRT,Gross Registered Tonnage,592,"ALL    "
32,"MYS    ",MALAYSIA,MALAISIE,1999,ART,Artisanal Fishing,Pêcheries artisanales,4,GILL,Gillnet,Filet maillant,Gillnet,Filet maillant,0,1,10,GRT,Gross Registered Tonnage,5097,COASTAL
37,"OMN    ",OMAN,OMAN,1999,ART,Artisanal Fishing,Pêcheries artisanales,4,GILL,Gillnet,Filet maillant,Gillnet,Filet maillant,0,10,24,LOA,Length overall,433,COASTAL
38,"PAK    ",PAKISTAN,PAKISTAN,1999,ART,Artisanal Fishing,Pêcheries artisanales,4,GILL,Gillnet,Filet maillant,Gillnet,Filet maillant,0,35,50,GRT,Gross Registered Tonnage,1882,"ALL    "
49,"THA    ",THAILAND,THAÏLANDE,1999,ART,Artisanal Fishing,Pêcheries artisanales,4,GILL,Gillnet,Filet maillant,Gillnet,Filet maillant,0,14,25,LOA,Length overall,34,COASTAL
1,"AUS    ",AUSTRALIA,AUSTRALIE,1999,ART,Artisanal Fishing,Pêcheries artisanales,6,HAND,Hand line,Ligne à main,Line,Lignes,0,4,20,LOA,Length overall,100,COASTAL
33,"MDV    ",MALDIVES,MALDIVES,1999,ART,Artisanal Fishing,Pêcheries artisanales,6,HAND,Hand line,Ligne à main,Line,Lignes,0,4,6,LOA,Length overall,15,PELAGIC
43,"SYC    ",SEYCHELLES,SEYCHELLES,1999,ART,Artisanal Fishing,Pêcheries artisanales,6,HAND,Hand line,Ligne à main,Line,Lignes,0,4,6,LOA,Length overall,29,PELAGIC
43,"SYC    ",SEYCHELLES,SEYCHELLES,1999,ART,Artisanal Fishing,Pêcheries artisanales,6,HAND,Hand line,Ligne à main,Line,Lignes,0,5,10,LOA,Length overall,219,PELAGIC
43,"SYC    ",SEYCHELLES,SEYCHELLES,1999,ART,Artisanal Fishing,Pêcheries artisanales,6,HAND,Hand line,Ligne à main,Line,Lignes,0,7,12,LOA,Length overall,86,PELAGIC
43,"SYC    ",SEYCHELLES,SEYCHELLES,1999,ART,Artisanal Fishing,Pêcheries artisanales,6,HAND,Hand line,Ligne à main,Line,Lignes,0,9,26,LOA,Length overall,11,PELAGIC
14,"EUMYT  ",EU.FRANCE.MAYOTTE,UE.FRANCE.MAYOTTE,1999,ART,Artisanal Fishing,Pêcheries artisanales,6,HATR,Hand line and Troll line,Ligne à main et Ligne de traîne,Line,Lignes,1,4,8,LOA,Length overall,244,PELAGIC
15,"EUREU  ",EU.FRANCE.REUNION,UE.FRANCE.RÉUNION,1999,ART,Artisanal Fishing,Pêcheries artisanales,6,HATR,Hand line and Troll line,Ligne à main et Ligne de traîne,Line,Lignes,1,5,14,LOA,Length overall,1708,PELAGIC
5,"CHN    ",CHINA,CHINE,1999,IND,Industrial Fishing,Pêcheries industrielles,5,LL,Longline,Palangre dérivante au-dessus de 1800 hameçons,Longline,Palangre,0,40,60,LOA,Length overall,8,PELAGIC
6,"TWN    ","TAIWAN,CHINA","TAIWAN,CHINE",1999,IND,Industrial Fishing,Pêcheries industrielles,5,LL,Longline,Palangre dérivante au-dessus de 1800 hameçons,Longline,Palangre,0,24,40,LOA,Length overall,11,PELAGIC
6,"TWN    ","TAIWAN,CHINA","TAIWAN,CHINE",1999,IND,Industrial Fishing,Pêcheries industrielles,5,LL,Longline,Palangre dérivante au-dessus de 1800 hameçons,Longline,Palangre,0,40,60,LOA,Length overall,290,PELAGIC
22,"IND    ",INDIA,INDE,1999,IND,Industrial Fishing,Pêcheries industrielles,5,LL,Longline,Palangre dérivante au-dessus de 1800 hameçons,Longline,Palangre,0,40,60,LOA,Length overall,7,PELAGIC
24,"IRN    ",IRAN ISLAMIC REP.,IRAN RÉP. ISLAMIQUE,1999,IND,Industrial Fishing,Pêcheries industrielles,5,LL,Longline,Palangre dérivante au-dessus de 1800 hameçons,Longline,Palangre,0,40,60,LOA,Length overall,1,PELAGIC
26,"JPN    ",JAPAN,JAPON,1999,IND,Industrial Fishing,Pêcheries industrielles,5,LL,Longline,Palangre dérivante au-dessus de 1800 hameçons,Longline,Palangre,0,24,40,LOA,Length overall,7,PELAGIC
26,"JPN    ",JAPAN,JAPON,1999,IND,Industrial Fishing,Pêcheries industrielles,5,LL,Longline,Palangre dérivante au-dessus de 1800 hameçons,Longline,Palangre,0,40,60,LOA,Length overall,216,PELAGIC
29,"KOR    ",KOREA REP.,CORÉE RÉP.,1999,IND,Industrial Fishing,Pêcheries industrielles,5,LL,Longline,Palangre dérivante au-dessus de 1800 hameçons,Longline,Palangre,0,40,60,LOA,Length overall,31,PELAGIC
34,"MUS    ",MAURITIUS,MAURICE,1999,IND,Industrial Fishing,Pêcheries industrielles,5,LL,Longline,Palangre dérivante au-dessus de 1800 hameçons,Longline,Palangre,0,24,40,LOA,Length overall,1,PELAGIC
39,"PHL    ",PHILIPPINES,PHILIPPINES,1999,IND,Industrial Fishing,Pêcheries industrielles,5,LL,Longline,Palangre dérivante au-dessus de 1800 hameçons,Longline,Palangre,0,40,60,LOA,Length overall,12,PELAGIC
43,"SYC    ",SEYCHELLES,SEYCHELLES,1999,IND,Industrial Fishing,Pêcheries industrielles,5,LL,Longline,Palangre dérivante au-dessus de 1800 hameçons,Longline,Palangre,0,24,40,LOA,Length overall,3,PELAGIC
48,"TZA    ",TANZANIA,TANZANIE,1999,IND,Industrial Fishing,Pêcheries industrielles,5,LL,Longline,Palangre dérivante au-dessus de 1800 hameçons,Longline,Palangre,0,24,40,LOA,Length overall,2,PELAGIC
48,"TZA    ",TANZANIA,TANZANIE,1999,IND,Industrial Fishing,Pêcheries industrielles,5,LL,Longline,Palangre dérivante au-dessus de 1800 hameçons,Longline,Palangre,0,40,60,LOA,Length overall,1,PELAGIC
57,"NEIFR  ",NEI.FROZEN,NCA.CONGELÉ,1999,IND,Industrial Fishing,Pêcheries industrielles,5,LL,Longline,Palangre dérivante au-dessus de 1800 hameçons,Longline,Palangre,0,24,40,LOA,Length overall,56,PELAGIC
57,"NEIFR  ",NEI.FROZEN,NCA.CONGELÉ,1999,IND,Industrial Fishing,Pêcheries industrielles,5,LL,Longline,Palangre dérivante au-dessus de 1800 hameçons,Longline,Palangre,0,40,60,LOA,Length overall,74,PELAGIC
22,"IND    ",INDIA,INDE,1999,IND,Industrial Fishing,Pêcheries industrielles,5,LLEX,Exploratory longline,Palangre de prospection,Longline,Palangre,0,40,60,LOA,Length overall,2,PELAGIC
1,"AUS    ",AUSTRALIA,AUSTRALIE,1999,IND,Industrial Fishing,Pêcheries industrielles,1,PS,Purse seine,Senne tournante aux thons,Purse Seine,Senne tournante,0,24,40,LOA,Length overall,4,PELAGIC
1,"AUS    ",AUSTRALIA,AUSTRALIE,1999,IND,Industrial Fishing,Pêcheries industrielles,1,PS,Purse seine,Senne tournante aux thons,Purse Seine,Senne tournante,0,40,60,LOA,Length overall,4,PELAGIC
13,"EUFRA  ",EU.FRANCE,UE.FRANCE,1999,IND,Industrial Fishing,Pêcheries industrielles,1,PS,Purse seine,Senne tournante aux thons,Purse Seine,Senne tournante,0,40,60,LOA,Length overall,2,PELAGIC
13,"EUFRA  ",EU.FRANCE,UE.FRANCE,1999,IND,Industrial Fishing,Pêcheries industrielles,1,PS,Purse seine,Senne tournante aux thons,Purse Seine,Senne tournante,0,60,80,LOA,Length overall,10,PELAGIC
13,"EUFRA  ",EU.FRANCE,UE.FRANCE,1999,IND,Industrial Fishing,Pêcheries industrielles,1,PS,Purse seine,Senne tournante aux thons,Purse Seine,Senne tournante,0,80,100,LOA,Length overall,2,PELAGIC
13,"EUFRA  ",EU.FRANCE,UE.FRANCE,1999,IND,Industrial Fishing,Pêcheries industrielles,1,PS,Purse seine,Senne tournante aux thons,Purse Seine,Senne tournante,0,100,120,LOA,Length overall,1,PELAGIC
19,"EUESP  ",EU.SPAIN,UE.ESPAGNE,1999,IND,Industrial Fishing,Pêcheries industrielles,1,PS,Purse seine,Senne tournante aux thons,Purse Seine,Senne tournante,0,60,80,LOA,Length overall,14,PELAGIC
19,"EUESP  ",EU.SPAIN,UE.ESPAGNE,1999,IND,Industrial Fishing,Pêcheries industrielles,1,PS,Purse seine,Senne tournante aux thons,Purse Seine,Senne tournante,0,80,100,LOA,Length overall,5,PELAGIC
19,"EUESP  ",EU.SPAIN,UE.ESPAGNE,1999,IND,Industrial Fishing,Pêcheries industrielles,1,PS,Purse seine,Senne tournante aux thons,Purse Seine,Senne tournante,0,100,120,LOA,Length overall,1,PELAGIC
24,"IRN    ",IRAN ISLAMIC REP.,IRAN RÉP. ISLAMIQUE,1999,IND,Industrial Fishing,Pêcheries industrielles,1,PS,Purse seine,Senne tournante aux thons,Purse Seine,Senne tournante,0,40,60,LOA,Length overall,2,PELAGIC
24,"IRN    ",IRAN ISLAMIC REP.,IRAN RÉP. ISLAMIQUE,1999,IND,Industrial Fishing,Pêcheries industrielles,1,PS,Purse seine,Senne tournante aux thons,Purse Seine,Senne tournante,0,60,80,LOA,Length overall,1,PELAGIC
26,"JPN    ",JAPAN,JAPON,1999,IND,Industrial Fishing,Pêcheries industrielles,1,PS,Purse seine,Senne tournante aux thons,Purse Seine,Senne tournante,0,40,60,LOA,Length overall,2,PELAGIC
26,"JPN    ",JAPAN,JAPON,1999,IND,Industrial Fishing,Pêcheries industrielles,1,PS,Purse seine,Senne tournante aux thons,Purse Seine,Senne tournante,0,60,80,LOA,Length overall,1,PELAGIC
34,"MUS    ",MAURITIUS,MAURICE,1999,IND,Industrial Fishing,Pêcheries industrielles,1,PS,Purse seine,Senne tournante aux thons,Purse Seine,Senne tournante,0,40,60,LOA,Length overall,1,PELAGIC
43,"SYC    ",SEYCHELLES,SEYCHELLES,1999,IND,Industrial Fishing,Pêcheries industrielles,1,PS,Purse seine,Senne tournante aux thons,Purse Seine,Senne tournante,0,60,80,LOA,Length overall,4,PELAGIC
43,"SYC    ",SEYCHELLES,SEYCHELLES,1999,IND,Industrial Fishing,Pêcheries industrielles,1,PS,Purse seine,Senne tournante aux thons,Purse Seine,Senne tournante,0,100,120,LOA,Length overall,1,PELAGIC
58,"NEIPS  ",NEI.OTHER,NCA.AUTRE,1999,IND,Industrial Fishing,Pêcheries industrielles,1,PS,Purse seine,Senne tournante aux thons,Purse Seine,Senne tournante,0,60,80,LOA,Length overall,10,PELAGIC
59,"NEISU  ",NEI.EXSOVIET,NCA.EXSOVIÉTIQUE,1999,IND,Industrial Fishing,Pêcheries industrielles,1,PS,Purse seine,Senne tournante aux thons,Purse Seine,Senne tournante,0,80,100,LOA,Length overall,9,PELAGIC
60,"EUITA  ",EU.ITALY,EU.ITALIE,1999,IND,Industrial Fishing,Pêcheries industrielles,1,PS,Purse seine,Senne tournante aux thons,Purse Seine,Senne tournante,0,80,100,LOA,Length overall,1,NULL
60,"EUITA  ",EU.ITALY,EU.ITALIE,1999,IND,Industrial Fishing,Pêcheries industrielles,1,PS,Purse seine,Senne tournante aux thons,Purse Seine,Senne tournante,0,80,100,LOA,Length overall,1,PELAGIC
32,"MYS    ",MALAYSIA,MALAISIE,1999,ART,Artisanal Fishing,Pêcheries artisanales,1,PSS,Small purse seine,Senneur côtier,Purse Seine,Senne tournante,0,10,70,GRT,Gross Registered Tonnage,247,COASTAL
49,"THA    ",THAILAND,THAÏLANDE,1999,ART,Artisanal Fishing,Pêcheries artisanales,1,PSS,Small purse seine,Senneur côtier,Purse Seine,Senne tournante,0,14,25,LOA,Length overall,337,"ALL    "
1,"AUS    ",AUSTRALIA,AUSTRALIE,1999,ART,Artisanal Fishing,Pêcheries artisanales,6,SPOR,Sport fishing,Pêche sportive,Line,Lignes,0,4,20,LOA,Length overall,7,PELAGIC
58,"NEIPS  ",NEI.OTHER,NCA.AUTRE,1999,IND,Industrial Fishing,Pêcheries industrielles,1,SUPP,Supply vessel,Bateau auxiliaire,Purse Seine,Senne tournante,0,24,40,LOA,Length overall,10,PELAGIC
58,"NEIPS  ",NEI.OTHER,NCA.AUTRE,1999,IND,Industrial Fishing,Pêcheries industrielles,1,SUPP,Supply vessel,Bateau auxiliaire,Purse Seine,Senne tournante,0,40,60,LOA,Length overall,0,PELAGIC
1,"AUS    ",AUSTRALIA,AUSTRALIE,1999,IND,Industrial Fishing,Pêcheries industrielles,9,TRAW,Trawl,Chaluts,Other,Autres,0,10,40,LOA,Length overall,29,COASTAL
11,"ERI    ",ERITREA,ERYTHRÉE,1999,ART,Artisanal Fishing,Pêcheries artisanales,9,TRAW,Trawl,Chaluts,Other,Autres,0,NULL,NULL,UNCL,Unclassified,48,COASTAL
32,"MYS    ",MALAYSIA,MALAISIE,1999,ART,Artisanal Fishing,Pêcheries artisanales,9,TRAW,Trawl,Chaluts,Other,Autres,0,10,70,GRT,Gross Registered Tonnage,2889,COASTAL
1,"AUS    ",AUSTRALIA,AUSTRALIE,1999,ART,Artisanal Fishing,Pêcheries artisanales,6,TROL,Troll line,Ligne de traîne,Line,Lignes,0,4,20,LOA,Length overall,74,PELAGIC
32,"MYS    ",MALAYSIA,MALAISIE,1999,ART,Artisanal Fishing,Pêcheries artisanales,6,TROL,Troll line,Ligne de traîne,Line,Lignes,0,1,10,GRT,Gross Registered Tonnage,125,COASTAL
33,"MDV    ",MALDIVES,MALDIVES,1999,ART,Artisanal Fishing,Pêcheries artisanales,6,TROL,Troll line,Ligne de traîne,Line,Lignes,0,5,10,LOA,Length overall,138,PELAGIC
9,"TMP    ",EAST TIMOR,TIMOR ORIENTAL,1999,ART,Artisanal Fishing,Pêcheries artisanales,9,UNCL,Unclassified,Non classé,Other,Autres,1,6,8,LOA,Length overall,150,COASTAL
41,"SAU    ",SAUDI ARABIA,ARABIE SAOUDITE,1999,ART,Artisanal Fishing,Pêcheries artisanales,9,UNCL,Unclassified,Non classé,Other,Autres,1,5,25,LOA,Length overall,8856,COASTAL
46,"LKA    ",SRI LANKA,SRI LANKA,1999,ART,Artisanal Fishing,Pêcheries artisanales,9,UNCL,Unclassified,Non classé,Other,Autres,1,1,8,LOA,Length overall,23567,"ALL    "
46,"LKA    ",SRI LANKA,SRI LANKA,1999,ART,Artisanal Fishing,Pêcheries artisanales,9,UNCL,Unclassified,Non classé,Other,Autres,1,8,9,LOA,Length overall,2549,"ALL    "
33,"MDV    ",MALDIVES,MALDIVES,2000,ART,Artisanal Fishing,Pêcheries artisanales,3,BB,Baitboat,Canne,Baitboat,Canne,0,10,15,LOA,Length overall,1178,PELAGIC
1,"AUS    ",AUSTRALIA,AUSTRALIE,2000,IND,Industrial Fishing,Pêcheries industrielles,3,BBPS,Baitboat and purse seine,Canne et senne tournante,Baitboat,Canne,1,20,50,LOA,Length overall,8,PELAGIC
1,"AUS    ",AUSTRALIA,AUSTRALIE,2000,IND,Industrial Fishing,Pêcheries industrielles,5,ELL,Longline targeting swordfish,Palangre à espadon,Longline,Palangre,0,15,24,LOA,Length overall,25,PELAGIC
1,"AUS    ",AUSTRALIA,AUSTRALIE,2000,IND,Industrial Fishing,Pêcheries industrielles,5,ELL,Longline targeting swordfish,Palangre à espadon,Longline,Palangre,0,24,40,LOA,Length overall,22,PELAGIC
1,"AUS    ",AUSTRALIA,AUSTRALIE,2000,IND,Industrial Fishing,Pêcheries industrielles,5,ELL,Longline targeting swordfish,Palangre à espadon,Longline,Palangre,0,40,60,LOA,Length overall,3,PELAGIC
15,"EUREU  ",EU.FRANCE.REUNION,UE.FRANCE.RÉUNION,2000,IND,Industrial Fishing,Pêcheries industrielles,5,ELL,Longline targeting swordfish,Palangre à espadon,Longline,Palangre,0,0,15,LOA,Length overall,23,PELAGIC
15,"EUREU  ",EU.FRANCE.REUNION,UE.FRANCE.RÉUNION,2000,IND,Industrial Fishing,Pêcheries industrielles,5,ELL,Longline targeting swordfish,Palangre à espadon,Longline,Palangre,0,15,24,LOA,Length overall,8,PELAGIC
15,"EUREU  ",EU.FRANCE.REUNION,UE.FRANCE.RÉUNION,2000,IND,Industrial Fishing,Pêcheries industrielles,5,ELL,Longline targeting swordfish,Palangre à espadon,Longline,Palangre,0,24,40,LOA,Length overall,2,PELAGIC
18,"EUPRT  ",EU.PORTUGAL,UE.PORTUGAL,2000,IND,Industrial Fishing,Pêcheries industrielles,5,ELL,Longline targeting swordfish,Palangre à espadon,Longline,Palangre,0,24,40,LOA,Length overall,5,PELAGIC
18,"EUPRT  ",EU.PORTUGAL,UE.PORTUGAL,2000,IND,Industrial Fishing,Pêcheries industrielles,5,ELL,Longline targeting swordfish,Palangre à espadon,Longline,Palangre,0,40,60,LOA,Length overall,2,PELAGIC
19,"EUESP  ",EU.SPAIN,UE.ESPAGNE,2000,IND,Industrial Fishing,Pêcheries industrielles,5,ELL,Longline targeting swordfish,Palangre à espadon,Longline,Palangre,0,24,40,LOA,Length overall,3,PELAGIC
19,"EUESP  ",EU.SPAIN,UE.ESPAGNE,2000,IND,Industrial Fishing,Pêcheries industrielles,5,ELL,Longline targeting swordfish,Palangre à espadon,Longline,Palangre,0,40,60,LOA,Length overall,3,PELAGIC
34,"MUS    ",MAURITIUS,MAURICE,2000,IND,Industrial Fishing,Pêcheries industrielles,5,ELL,Longline targeting swordfish,Palangre à espadon,Longline,Palangre,0,0,15,LOA,Length overall,3,PELAGIC
43,"SYC    ",SEYCHELLES,SEYCHELLES,2000,IND,Industrial Fishing,Pêcheries industrielles,5,ELL,Longline targeting swordfish,Palangre à espadon,Longline,Palangre,0,15,24,LOA,Length overall,8,PELAGIC
44,"ZAF    ",SOUTH AFRICA,AFRIQUE DU SUD,2000,IND,Industrial Fishing,Pêcheries industrielles,5,ELL,Longline targeting swordfish,Palangre à espadon,Longline,Palangre,0,15,24,LOA,Length overall,3,PELAGIC
44,"ZAF    ",SOUTH AFRICA,AFRIQUE DU SUD,2000,IND,Industrial Fishing,Pêcheries industrielles,5,ELL,Longline targeting swordfish,Palangre à espadon,Longline,Palangre,0,24,40,LOA,Length overall,3,PELAGIC
4,"BLZ    ",BELIZE,BELIZE,2000,IND,Industrial Fishing,Pêcheries industrielles,5,FLL,Longline Fresh,Palangre Frais,Longline,Palangre,0,15,24,LOA,Length overall,5,PELAGIC
5,"CHN    ",CHINA,CHINE,2000,IND,Industrial Fishing,Pêcheries industrielles,5,FLL,Longline Fresh,Palangre Frais,Longline,Palangre,0,15,24,LOA,Length overall,7,PELAGIC
5,"CHN    ",CHINA,CHINE,2000,IND,Industrial Fishing,Pêcheries industrielles,5,FLL,Longline Fresh,Palangre Frais,Longline,Palangre,0,24,40,LOA,Length overall,83,PELAGIC
6,"TWN    ","TAIWAN,CHINA","TAIWAN,CHINE",2000,IND,Industrial Fishing,Pêcheries industrielles,5,FLL,Longline Fresh,Palangre Frais,Longline,Palangre,0,15,24,LOA,Length overall,148,PELAGIC
6,"TWN    ","TAIWAN,CHINA","TAIWAN,CHINE",2000,IND,Industrial Fishing,Pêcheries industrielles,5,FLL,Longline Fresh,Palangre Frais,Longline,Palangre,0,24,40,LOA,Length overall,79,PELAGIC
23,"IDN    ",INDONESIA,INDONÉSIE,2000,IND,Industrial Fishing,Pêcheries industrielles,5,FLL,Longline Fresh,Palangre Frais,Longline,Palangre,0,0,15,LOA,Length overall,63,PELAGIC
23,"IDN    ",INDONESIA,INDONÉSIE,2000,IND,Industrial Fishing,Pêcheries industrielles,5,FLL,Longline Fresh,Palangre Frais,Longline,Palangre,0,15,24,LOA,Length overall,997,PELAGIC
23,"IDN    ",INDONESIA,INDONÉSIE,2000,IND,Industrial Fishing,Pêcheries industrielles,5,FLL,Longline Fresh,Palangre Frais,Longline,Palangre,0,24,40,LOA,Length overall,187,PELAGIC
37,"OMN    ",OMAN,OMAN,2000,IND,Industrial Fishing,Pêcheries industrielles,5,FLL,Longline Fresh,Palangre Frais,Longline,Palangre,0,24,40,LOA,Length overall,2,PELAGIC
46,"LKA    ",SRI LANKA,SRI LANKA,2000,ART,Artisanal Fishing,Pêcheries artisanales,4,G/L,Gillnet and Longline combination,Filet maillant et Palangre,Gillnet,Filet maillant,1,9,18,LOA,Length overall,1430,PELAGIC
37,"OMN    ",OMAN,OMAN,2000,ART,Artisanal Fishing,Pêcheries artisanales,4,GIHA,Gillnet and hand line,Filet maillant et Ligne à main,Gillnet,Filet maillant,1,1,10,LOA,Length overall,12660,COASTAL
54,"YEM    ",YEMEN,YÉMEN,2000,ART,Artisanal Fishing,Pêcheries artisanales,4,GIHT,Gillnet and hand line and troll line,Filet maillant et ligne à main et ligne de traîne,Gillnet,Filet maillant,1,5,26,LOA,Length overall,9167,COASTAL
1,"AUS    ",AUSTRALIA,AUSTRALIE,2000,ART,Artisanal Fishing,Pêcheries artisanales,4,GILL,Gillnet,Filet maillant,Gillnet,Filet maillant,0,4,20,LOA,Length overall,8,COASTAL
24,"IRN    ",IRAN ISLAMIC REP.,IRAN RÉP. ISLAMIQUE,2000,ART,Artisanal Fishing,Pêcheries artisanales,4,GILL,Gillnet,Filet maillant,Gillnet,Filet maillant,0,0,2,GRT,Gross Registered Tonnage,6665,"ALL    "
24,"IRN    ",IRAN ISLAMIC REP.,IRAN RÉP. ISLAMIQUE,2000,ART,Artisanal Fishing,Pêcheries artisanales,4,GILL,Gillnet,Filet maillant,Gillnet,Filet maillant,0,3,20,GRT,Gross Registered Tonnage,905,"ALL    "
24,"IRN    ",IRAN ISLAMIC REP.,IRAN RÉP. ISLAMIQUE,2000,ART,Artisanal Fishing,Pêcheries artisanales,4,GILL,Gillnet,Filet maillant,Gillnet,Filet maillant,0,21,50,GRT,Gross Registered Tonnage,1194,"ALL    "
24,"IRN    ",IRAN ISLAMIC REP.,IRAN RÉP. ISLAMIQUE,2000,ART,Artisanal Fishing,Pêcheries artisanales,4,GILL,Gillnet,Filet maillant,Gillnet,Filet maillant,0,51,100,GRT,Gross Registered Tonnage,715,"ALL    "
32,"MYS    ",MALAYSIA,MALAISIE,2000,ART,Artisanal Fishing,Pêcheries artisanales,4,GILL,Gillnet,Filet maillant,Gillnet,Filet maillant,0,1,10,GRT,Gross Registered Tonnage,4716,COASTAL
37,"OMN    ",OMAN,OMAN,2000,ART,Artisanal Fishing,Pêcheries artisanales,4,GILL,Gillnet,Filet maillant,Gillnet,Filet maillant,0,10,24,LOA,Length overall,456,COASTAL
38,"PAK    ",PAKISTAN,PAKISTAN,2000,ART,Artisanal Fishing,Pêcheries artisanales,4,GILL,Gillnet,Filet maillant,Gillnet,Filet maillant,0,35,50,GRT,Gross Registered Tonnage,2001,"ALL    "
40,"QAT    ",QATAR,QATAR,2000,ART,Artisanal Fishing,Pêcheries artisanales,4,GILL,Gillnet,Filet maillant,Gillnet,Filet maillant,0,10,24,LOA,Length overall,165,COASTAL
49,"THA    ",THAILAND,THAÏLANDE,2000,ART,Artisanal Fishing,Pêcheries artisanales,4,GILL,Gillnet,Filet maillant,Gillnet,Filet maillant,0,14,25,LOA,Length overall,68,COASTAL
1,"AUS    ",AUSTRALIA,AUSTRALIE,2000,ART,Artisanal Fishing,Pêcheries artisanales,6,HAND,Hand line,Ligne à main,Line,Lignes,0,4,20,LOA,Length overall,78,COASTAL
33,"MDV    ",MALDIVES,MALDIVES,2000,ART,Artisanal Fishing,Pêcheries artisanales,6,HAND,Hand line,Ligne à main,Line,Lignes,0,4,6,LOA,Length overall,19,PELAGIC
43,"SYC    ",SEYCHELLES,SEYCHELLES,2000,ART,Artisanal Fishing,Pêcheries artisanales,6,HAND,Hand line,Ligne à main,Line,Lignes,0,4,6,LOA,Length overall,21,PELAGIC
43,"SYC    ",SEYCHELLES,SEYCHELLES,2000,ART,Artisanal Fishing,Pêcheries artisanales,6,HAND,Hand line,Ligne à main,Line,Lignes,0,5,10,LOA,Length overall,209,PELAGIC
43,"SYC    ",SEYCHELLES,SEYCHELLES,2000,ART,Artisanal Fishing,Pêcheries artisanales,6,HAND,Hand line,Ligne à main,Line,Lignes,0,7,12,LOA,Length overall,91,PELAGIC
43,"SYC    ",SEYCHELLES,SEYCHELLES,2000,ART,Artisanal Fishing,Pêcheries artisanales,6,HAND,Hand line,Ligne à main,Line,Lignes,0,9,26,LOA,Length overall,10,PELAGIC
14,"EUMYT  ",EU.FRANCE.MAYOTTE,UE.FRANCE.MAYOTTE,2000,ART,Artisanal Fishing,Pêcheries artisanales,6,HATR,Hand line and Troll line,Ligne à main et Ligne de traîne,Line,Lignes,1,4,8,LOA,Length overall,244,PELAGIC
4,"BLZ    ",BELIZE,BELIZE,2000,IND,Industrial Fishing,Pêcheries industrielles,5,LL,Longline,Palangre dérivante au-dessus de 1800 hameçons,Longline,Palangre,0,24,40,LOA,Length overall,13,PELAGIC
4,"BLZ    ",BELIZE,BELIZE,2000,IND,Industrial Fishing,Pêcheries industrielles,5,LL,Longline,Palangre dérivante au-dessus de 1800 hameçons,Longline,Palangre,0,40,60,LOA,Length overall,71,PELAGIC
4,"BLZ    ",BELIZE,BELIZE,2000,IND,Industrial Fishing,Pêcheries industrielles,5,LL,Longline,Palangre dérivante au-dessus de 1800 hameçons,Longline,Palangre,0,60,80,LOA,Length overall,8,PELAGIC
5,"CHN    ",CHINA,CHINE,2000,IND,Industrial Fishing,Pêcheries industrielles,5,LL,Longline,Palangre dérivante au-dessus de 1800 hameçons,Longline,Palangre,0,40,60,LOA,Length overall,8,PELAGIC
6,"TWN    ","TAIWAN,CHINA","TAIWAN,CHINE",2000,IND,Industrial Fishing,Pêcheries industrielles,5,LL,Longline,Palangre dérivante au-dessus de 1800 hameçons,Longline,Palangre,0,24,40,LOA,Length overall,10,PELAGIC
6,"TWN    ","TAIWAN,CHINA","TAIWAN,CHINE",2000,IND,Industrial Fishing,Pêcheries industrielles,5,LL,Longline,Palangre dérivante au-dessus de 1800 hameçons,Longline,Palangre,0,40,60,LOA,Length overall,290,PELAGIC
22,"IND    ",INDIA,INDE,2000,IND,Industrial Fishing,Pêcheries industrielles,5,LL,Longline,Palangre dérivante au-dessus de 1800 hameçons,Longline,Palangre,0,40,60,LOA,Length overall,3,PELAGIC
24,"IRN    ",IRAN ISLAMIC REP.,IRAN RÉP. ISLAMIQUE,2000,IND,Industrial Fishing,Pêcheries industrielles,5,LL,Longline,Palangre dérivante au-dessus de 1800 hameçons,Longline,Palangre,0,40,60,LOA,Length overall,1,PELAGIC
26,"JPN    ",JAPAN,JAPON,2000,IND,Industrial Fishing,Pêcheries industrielles,5,LL,Longline,Palangre dérivante au-dessus de 1800 hameçons,Longline,Palangre,0,24,40,LOA,Length overall,4,PELAGIC
26,"JPN    ",JAPAN,JAPON,2000,IND,Industrial Fishing,Pêcheries industrielles,5,LL,Longline,Palangre dérivante au-dessus de 1800 hameçons,Longline,Palangre,0,40,60,LOA,Length overall,187,PELAGIC
29,"KOR    ",KOREA REP.,CORÉE RÉP.,2000,IND,Industrial Fishing,Pêcheries industrielles,5,LL,Longline,Palangre dérivante au-dessus de 1800 hameçons,Longline,Palangre,0,40,60,LOA,Length overall,38,PELAGIC
34,"MUS    ",MAURITIUS,MAURICE,2000,IND,Industrial Fishing,Pêcheries industrielles,5,LL,Longline,Palangre dérivante au-dessus de 1800 hameçons,Longline,Palangre,0,40,60,LOA,Length overall,1,PELAGIC
37,"OMN    ",OMAN,OMAN,2000,IND,Industrial Fishing,Pêcheries industrielles,5,LL,Longline,Palangre dérivante au-dessus de 1800 hameçons,Longline,Palangre,0,40,60,LOA,Length overall,3,PELAGIC
39,"PHL    ",PHILIPPINES,PHILIPPINES,2000,IND,Industrial Fishing,Pêcheries industrielles,5,LL,Longline,Palangre dérivante au-dessus de 1800 hameçons,Longline,Palangre,0,40,60,LOA,Length overall,17,PELAGIC
43,"SYC    ",SEYCHELLES,SEYCHELLES,2000,IND,Industrial Fishing,Pêcheries industrielles,5,LL,Longline,Palangre dérivante au-dessus de 1800 hameçons,Longline,Palangre,0,24,40,LOA,Length overall,3,PELAGIC
43,"SYC    ",SEYCHELLES,SEYCHELLES,2000,IND,Industrial Fishing,Pêcheries industrielles,5,LL,Longline,Palangre dérivante au-dessus de 1800 hameçons,Longline,Palangre,0,40,60,LOA,Length overall,3,PELAGIC
48,"TZA    ",TANZANIA,TANZANIE,2000,IND,Industrial Fishing,Pêcheries industrielles,5,LL,Longline,Palangre dérivante au-dessus de 1800 hameçons,Longline,Palangre,0,24,40,LOA,Length overall,1,PELAGIC
48,"TZA    ",TANZANIA,TANZANIE,2000,IND,Industrial Fishing,Pêcheries industrielles,5,LL,Longline,Palangre dérivante au-dessus de 1800 hameçons,Longline,Palangre,0,40,60,LOA,Length overall,2,PELAGIC
49,"THA    ",THAILAND,THAÏLANDE,2000,IND,Industrial Fishing,Pêcheries industrielles,5,LL,Longline,Palangre dérivante au-dessus de 1800 hameçons,Longline,Palangre,0,40,60,LOA,Length overall,2,PELAGIC
57,"NEIFR  ",NEI.FROZEN,NCA.CONGELÉ,2000,IND,Industrial Fishing,Pêcheries industrielles,5,LL,Longline,Palangre dérivante au-dessus de 1800 hameçons,Longline,Palangre,0,24,40,LOA,Length overall,39,PELAGIC
57,"NEIFR  ",NEI.FROZEN,NCA.CONGELÉ,2000,IND,Industrial Fishing,Pêcheries industrielles,5,LL,Longline,Palangre dérivante au-dessus de 1800 hameçons,Longline,Palangre,0,40,60,LOA,Length overall,39,PELAGIC
57,"NEIFR  ",NEI.FROZEN,NCA.CONGELÉ,2000,IND,Industrial Fishing,Pêcheries industrielles,5,LL,Longline,Palangre dérivante au-dessus de 1800 hameçons,Longline,Palangre,0,60,80,LOA,Length overall,5,PELAGIC
22,"IND    ",INDIA,INDE,2000,IND,Industrial Fishing,Pêcheries industrielles,5,LLEX,Exploratory longline,Palangre de prospection,Longline,Palangre,0,40,60,LOA,Length overall,2,PELAGIC
1,"AUS    ",AUSTRALIA,AUSTRALIE,2000,IND,Industrial Fishing,Pêcheries industrielles,1,PS,Purse seine,Senne tournante aux thons,Purse Seine,Senne tournante,0,24,40,LOA,Length overall,5,PELAGIC
1,"AUS    ",AUSTRALIA,AUSTRALIE,2000,IND,Industrial Fishing,Pêcheries industrielles,1,PS,Purse seine,Senne tournante aux thons,Purse Seine,Senne tournante,0,40,60,LOA,Length overall,3,PELAGIC
13,"EUFRA  ",EU.FRANCE,UE.FRANCE,2000,IND,Industrial Fishing,Pêcheries industrielles,1,PS,Purse seine,Senne tournante aux thons,Purse Seine,Senne tournante,0,40,60,LOA,Length overall,2,PELAGIC
13,"EUFRA  ",EU.FRANCE,UE.FRANCE,2000,IND,Industrial Fishing,Pêcheries industrielles,1,PS,Purse seine,Senne tournante aux thons,Purse Seine,Senne tournante,0,60,80,LOA,Length overall,10,PELAGIC
13,"EUFRA  ",EU.FRANCE,UE.FRANCE,2000,IND,Industrial Fishing,Pêcheries industrielles,1,PS,Purse seine,Senne tournante aux thons,Purse Seine,Senne tournante,0,80,100,LOA,Length overall,2,PELAGIC
13,"EUFRA  ",EU.FRANCE,UE.FRANCE,2000,IND,Industrial Fishing,Pêcheries industrielles,1,PS,Purse seine,Senne tournante aux thons,Purse Seine,Senne tournante,0,100,120,LOA,Length overall,1,PELAGIC
19,"EUESP  ",EU.SPAIN,UE.ESPAGNE,2000,IND,Industrial Fishing,Pêcheries industrielles,1,PS,Purse seine,Senne tournante aux thons,Purse Seine,Senne tournante,0,60,80,LOA,Length overall,11,PELAGIC
19,"EUESP  ",EU.SPAIN,UE.ESPAGNE,2000,IND,Industrial Fishing,Pêcheries industrielles,1,PS,Purse seine,Senne tournante aux thons,Purse Seine,Senne tournante,0,80,100,LOA,Length overall,4,PELAGIC
19,"EUESP  ",EU.SPAIN,UE.ESPAGNE,2000,IND,Industrial Fishing,Pêcheries industrielles,1,PS,Purse seine,Senne tournante aux thons,Purse Seine,Senne tournante,0,100,120,LOA,Length overall,2,PELAGIC
24,"IRN    ",IRAN ISLAMIC REP.,IRAN RÉP. ISLAMIQUE,2000,IND,Industrial Fishing,Pêcheries industrielles,1,PS,Purse seine,Senne tournante aux thons,Purse Seine,Senne tournante,0,40,60,LOA,Length overall,2,PELAGIC
24,"IRN    ",IRAN ISLAMIC REP.,IRAN RÉP. ISLAMIQUE,2000,IND,Industrial Fishing,Pêcheries industrielles,1,PS,Purse seine,Senne tournante aux thons,Purse Seine,Senne tournante,0,60,80,LOA,Length overall,1,PELAGIC
26,"JPN    ",JAPAN,JAPON,2000,IND,Industrial Fishing,Pêcheries industrielles,1,PS,Purse seine,Senne tournante aux thons,Purse Seine,Senne tournante,0,40,60,LOA,Length overall,1,PELAGIC
26,"JPN    ",JAPAN,JAPON,2000,IND,Industrial Fishing,Pêcheries industrielles,1,PS,Purse seine,Senne tournante aux thons,Purse Seine,Senne tournante,0,60,80,LOA,Length overall,1,PELAGIC
34,"MUS    ",MAURITIUS,MAURICE,2000,IND,Industrial Fishing,Pêcheries industrielles,1,PS,Purse seine,Senne tournante aux thons,Purse Seine,Senne tournante,0,40,60,LOA,Length overall,1,PELAGIC
43,"SYC    ",SEYCHELLES,SEYCHELLES,2000,IND,Industrial Fishing,Pêcheries industrielles,1,PS,Purse seine,Senne tournante aux thons,Purse Seine,Senne tournante,0,60,80,LOA,Length overall,5,PELAGIC
43,"SYC    ",SEYCHELLES,SEYCHELLES,2000,IND,Industrial Fishing,Pêcheries industrielles,1,PS,Purse seine,Senne tournante aux thons,Purse Seine,Senne tournante,0,100,120,LOA,Length overall,1,PELAGIC
49,"THA    ",THAILAND,THAÏLANDE,2000,IND,Industrial Fishing,Pêcheries industrielles,1,PS,Purse seine,Senne tournante aux thons,Purse Seine,Senne tournante,0,60,80,LOA,Length overall,1,PELAGIC
58,"NEIPS  ",NEI.OTHER,NCA.AUTRE,2000,IND,Industrial Fishing,Pêcheries industrielles,1,PS,Purse seine,Senne tournante aux thons,Purse Seine,Senne tournante,0,60,80,LOA,Length overall,9,PELAGIC
58,"NEIPS  ",NEI.OTHER,NCA.AUTRE,2000,IND,Industrial Fishing,Pêcheries industrielles,1,PS,Purse seine,Senne tournante aux thons,Purse Seine,Senne tournante,0,100,120,LOA,Length overall,2,PELAGIC
59,"NEISU  ",NEI.EXSOVIET,NCA.EXSOVIÉTIQUE,2000,IND,Industrial Fishing,Pêcheries industrielles,1,PS,Purse seine,Senne tournante aux thons,Purse Seine,Senne tournante,0,60,80,LOA,Length overall,1,PELAGIC
59,"NEISU  ",NEI.EXSOVIET,NCA.EXSOVIÉTIQUE,2000,IND,Industrial Fishing,Pêcheries industrielles,1,PS,Purse seine,Senne tournante aux thons,Purse Seine,Senne tournante,0,80,100,LOA,Length overall,9,PELAGIC
60,"EUITA  ",EU.ITALY,EU.ITALIE,2000,IND,Industrial Fishing,Pêcheries industrielles,1,PS,Purse seine,Senne tournante aux thons,Purse Seine,Senne tournante,0,80,100,LOA,Length overall,1,NULL
60,"EUITA  ",EU.ITALY,EU.ITALIE,2000,IND,Industrial Fishing,Pêcheries industrielles,1,PS,Purse seine,Senne tournante aux thons,Purse Seine,Senne tournante,0,80,100,LOA,Length overall,1,PELAGIC
32,"MYS    ",MALAYSIA,MALAISIE,2000,ART,Artisanal Fishing,Pêcheries artisanales,1,PSS,Small purse seine,Senneur côtier,Purse Seine,Senne tournante,0,10,70,GRT,Gross Registered Tonnage,246,COASTAL
49,"THA    ",THAILAND,THAÏLANDE,2000,ART,Artisanal Fishing,Pêcheries artisanales,1,PSS,Small purse seine,Senneur côtier,Purse Seine,Senne tournante,0,14,25,LOA,Length overall,280,"ALL    "
1,"AUS    ",AUSTRALIA,AUSTRALIE,2000,ART,Artisanal Fishing,Pêcheries artisanales,6,SPOR,Sport fishing,Pêche sportive,Line,Lignes,0,4,20,LOA,Length overall,10,PELAGIC
58,"NEIPS  ",NEI.OTHER,NCA.AUTRE,2000,IND,Industrial Fishing,Pêcheries industrielles,1,SUPP,Supply vessel,Bateau auxiliaire,Purse Seine,Senne tournante,0,24,40,LOA,Length overall,10,PELAGIC
58,"NEIPS  ",NEI.OTHER,NCA.AUTRE,2000,IND,Industrial Fishing,Pêcheries industrielles,1,SUPP,Supply vessel,Bateau auxiliaire,Purse Seine,Senne tournante,0,40,60,LOA,Length overall,1,PELAGIC
1,"AUS    ",AUSTRALIA,AUSTRALIE,2000,IND,Industrial Fishing,Pêcheries industrielles,9,TRAW,Trawl,Chaluts,Other,Autres,0,10,40,LOA,Length overall,24,COASTAL
32,"MYS    ",MALAYSIA,MALAISIE,2000,ART,Artisanal Fishing,Pêcheries artisanales,9,TRAW,Trawl,Chaluts,Other,Autres,0,10,70,GRT,Gross Registered Tonnage,2977,COASTAL
1,"AUS    ",AUSTRALIA,AUSTRALIE,2000,ART,Artisanal Fishing,Pêcheries artisanales,6,TROL,Troll line,Ligne de traîne,Line,Lignes,0,4,20,LOA,Length overall,60,PELAGIC
32,"MYS    ",MALAYSIA,MALAISIE,2000,ART,Artisanal Fishing,Pêcheries artisanales,6,TROL,Troll line,Ligne de traîne,Line,Lignes,0,1,10,GRT,Gross Registered Tonnage,201,COASTAL
33,"MDV    ",MALDIVES,MALDIVES,2000,ART,Artisanal Fishing,Pêcheries artisanales,6,TROL,Troll line,Ligne de traîne,Line,Lignes,0,5,10,LOA,Length overall,130,PELAGIC
9,"TMP    ",EAST TIMOR,TIMOR ORIENTAL,2000,ART,Artisanal Fishing,Pêcheries artisanales,9,UNCL,Unclassified,Non classé,Other,Autres,1,6,8,LOA,Length overall,150,COASTAL
41,"SAU    ",SAUDI ARABIA,ARABIE SAOUDITE,2000,ART,Artisanal Fishing,Pêcheries artisanales,9,UNCL,Unclassified,Non classé,Other,Autres,1,5,25,LOA,Length overall,9619,COASTAL
46,"LKA    ",SRI LANKA,SRI LANKA,2000,ART,Artisanal Fishing,Pêcheries artisanales,9,UNCL,Unclassified,Non classé,Other,Autres,1,1,8,LOA,Length overall,23799,"ALL    "
46,"LKA    ",SRI LANKA,SRI LANKA,2000,ART,Artisanal Fishing,Pêcheries artisanales,9,UNCL,Unclassified,Non classé,Other,Autres,1,8,9,LOA,Length overall,2635,"ALL    "
1,"AUS    ",AUSTRALIA,AUSTRALIE,2001,IND,Industrial Fishing,Pêcheries industrielles,3,BB,Baitboat,Canne,Baitboat,Canne,0,20,50,LOA,Length overall,3,PELAGIC
23,"IDN    ",INDONESIA,INDONÉSIE,2001,ART,Artisanal Fishing,Pêcheries artisanales,3,BB,Baitboat,Canne,Baitboat,Canne,0,30,50,GT,Gross Tonnage,8,PELAGIC
23,"IDN    ",INDONESIA,INDONÉSIE,2001,ART,Artisanal Fishing,Pêcheries artisanales,3,BB,Baitboat,Canne,Baitboat,Canne,0,50,150,GT,Gross Tonnage,1,PELAGIC
33,"MDV    ",MALDIVES,MALDIVES,2001,ART,Artisanal Fishing,Pêcheries artisanales,3,BB,Baitboat,Canne,Baitboat,Canne,0,10,15,LOA,Length overall,1194,PELAGIC
1,"AUS    ",AUSTRALIA,AUSTRALIE,2001,IND,Industrial Fishing,Pêcheries industrielles,5,ELL,Longline targeting swordfish,Palangre à espadon,Longline,Palangre,0,15,24,LOA,Length overall,15,PELAGIC
1,"AUS    ",AUSTRALIA,AUSTRALIE,2001,IND,Industrial Fishing,Pêcheries industrielles,5,ELL,Longline targeting swordfish,Palangre à espadon,Longline,Palangre,0,24,40,LOA,Length overall,25,PELAGIC
1,"AUS    ",AUSTRALIA,AUSTRALIE,2001,IND,Industrial Fishing,Pêcheries industrielles,5,ELL,Longline targeting swordfish,Palangre à espadon,Longline,Palangre,0,40,60,LOA,Length overall,3,PELAGIC
14,"EUMYT  ",EU.FRANCE.MAYOTTE,UE.FRANCE.MAYOTTE,2001,IND,Industrial Fishing,Pêcheries industrielles,5,ELL,Longline targeting swordfish,Palangre à espadon,Longline,Palangre,0,0,15,LOA,Length overall,1,PELAGIC
15,"EUREU  ",EU.FRANCE.REUNION,UE.FRANCE.RÉUNION,2001,IND,Industrial Fishing,Pêcheries industrielles,5,ELL,Longline targeting swordfish,Palangre à espadon,Longline,Palangre,0,0,15,LOA,Length overall,27,PELAGIC
15,"EUREU  ",EU.FRANCE.REUNION,UE.FRANCE.RÉUNION,2001,IND,Industrial Fishing,Pêcheries industrielles,5,ELL,Longline targeting swordfish,Palangre à espadon,Longline,Palangre,0,15,24,LOA,Length overall,7,PELAGIC
15,"EUREU  ",EU.FRANCE.REUNION,UE.FRANCE.RÉUNION,2001,IND,Industrial Fishing,Pêcheries industrielles,5,ELL,Longline targeting swordfish,Palangre à espadon,Longline,Palangre,0,24,40,LOA,Length overall,1,PELAGIC
18,"EUPRT  ",EU.PORTUGAL,UE.PORTUGAL,2001,IND,Industrial Fishing,Pêcheries industrielles,5,ELL,Longline targeting swordfish,Palangre à espadon,Longline,Palangre,0,24,40,LOA,Length overall,4,PELAGIC
18,"EUPRT  ",EU.PORTUGAL,UE.PORTUGAL,2001,IND,Industrial Fishing,Pêcheries industrielles,5,ELL,Longline targeting swordfish,Palangre à espadon,Longline,Palangre,0,40,60,LOA,Length overall,2,PELAGIC
19,"EUESP  ",EU.SPAIN,UE.ESPAGNE,2001,IND,Industrial Fishing,Pêcheries industrielles,5,ELL,Longline targeting swordfish,Palangre à espadon,Longline,Palangre,0,24,40,LOA,Length overall,6,PELAGIC
19,"EUESP  ",EU.SPAIN,UE.ESPAGNE,2001,IND,Industrial Fishing,Pêcheries industrielles,5,ELL,Longline targeting swordfish,Palangre à espadon,Longline,Palangre,0,40,60,LOA,Length overall,4,PELAGIC
21,"GIN    ",GUINEA,GUINÉE,2001,IND,Industrial Fishing,Pêcheries industrielles,5,ELL,Longline targeting swordfish,Palangre à espadon,Longline,Palangre,0,40,60,LOA,Length overall,3,PELAGIC
34,"MUS    ",MAURITIUS,MAURICE,2001,IND,Industrial Fishing,Pêcheries industrielles,5,ELL,Longline targeting swordfish,Palangre à espadon,Longline,Palangre,0,0,15,LOA,Length overall,3,PELAGIC
43,"SYC    ",SEYCHELLES,SEYCHELLES,2001,IND,Industrial Fishing,Pêcheries industrielles,5,ELL,Longline targeting swordfish,Palangre à espadon,Longline,Palangre,0,15,24,LOA,Length overall,10,PELAGIC
44,"ZAF    ",SOUTH AFRICA,AFRIQUE DU SUD,2001,IND,Industrial Fishing,Pêcheries industrielles,5,ELL,Longline targeting swordfish,Palangre à espadon,Longline,Palangre,0,15,24,LOA,Length overall,4,PELAGIC
44,"ZAF    ",SOUTH AFRICA,AFRIQUE DU SUD,2001,IND,Industrial Fishing,Pêcheries industrielles,5,ELL,Longline targeting swordfish,Palangre à espadon,Longline,Palangre,0,24,40,LOA,Length overall,8,PELAGIC
57,"NEIFR  ",NEI.FROZEN,NCA.CONGELÉ,2001,IND,Industrial Fishing,Pêcheries industrielles,5,ELL,Longline targeting swordfish,Palangre à espadon,Longline,Palangre,0,40,60,LOA,Length overall,2,PELAGIC
4,"BLZ    ",BELIZE,BELIZE,2001,IND,Industrial Fishing,Pêcheries industrielles,5,FLL,Longline Fresh,Palangre Frais,Longline,Palangre,0,15,24,LOA,Length overall,1,PELAGIC
4,"BLZ    ",BELIZE,BELIZE,2001,IND,Industrial Fishing,Pêcheries industrielles,5,FLL,Longline Fresh,Palangre Frais,Longline,Palangre,0,24,40,LOA,Length overall,2,PELAGIC
5,"CHN    ",CHINA,CHINE,2001,IND,Industrial Fishing,Pêcheries industrielles,5,FLL,Longline Fresh,Palangre Frais,Longline,Palangre,0,15,24,LOA,Length overall,10,PELAGIC
5,"CHN    ",CHINA,CHINE,2001,IND,Industrial Fishing,Pêcheries industrielles,5,FLL,Longline Fresh,Palangre Frais,Longline,Palangre,0,24,40,LOA,Length overall,70,PELAGIC
6,"TWN    ","TAIWAN,CHINA","TAIWAN,CHINE",2001,IND,Industrial Fishing,Pêcheries industrielles,5,FLL,Longline Fresh,Palangre Frais,Longline,Palangre,0,15,24,LOA,Length overall,138,PELAGIC
6,"TWN    ","TAIWAN,CHINA","TAIWAN,CHINE",2001,IND,Industrial Fishing,Pêcheries industrielles,5,FLL,Longline Fresh,Palangre Frais,Longline,Palangre,0,24,40,LOA,Length overall,73,PELAGIC
23,"IDN    ",INDONESIA,INDONÉSIE,2001,IND,Industrial Fishing,Pêcheries industrielles,5,FLL,Longline Fresh,Palangre Frais,Longline,Palangre,0,0,15,LOA,Length overall,59,PELAGIC
23,"IDN    ",INDONESIA,INDONÉSIE,2001,IND,Industrial Fishing,Pêcheries industrielles,5,FLL,Longline Fresh,Palangre Frais,Longline,Palangre,0,15,24,LOA,Length overall,940,PELAGIC
23,"IDN    ",INDONESIA,INDONÉSIE,2001,IND,Industrial Fishing,Pêcheries industrielles,5,FLL,Longline Fresh,Palangre Frais,Longline,Palangre,0,24,40,LOA,Length overall,176,PELAGIC
37,"OMN    ",OMAN,OMAN,2001,IND,Industrial Fishing,Pêcheries industrielles,5,FLL,Longline Fresh,Palangre Frais,Longline,Palangre,0,24,40,LOA,Length overall,2,PELAGIC
55,"NEICE  ",NEI.FRESH,NCA.FRAIS,2001,IND,Industrial Fishing,Pêcheries industrielles,5,FLL,Longline Fresh,Palangre Frais,Longline,Palangre,0,15,24,LOA,Length overall,14,PELAGIC
55,"NEICE  ",NEI.FRESH,NCA.FRAIS,2001,IND,Industrial Fishing,Pêcheries industrielles,5,FLL,Longline Fresh,Palangre Frais,Longline,Palangre,0,24,40,LOA,Length overall,7,PELAGIC
46,"LKA    ",SRI LANKA,SRI LANKA,2001,ART,Artisanal Fishing,Pêcheries artisanales,4,G/L,Gillnet and Longline combination,Filet maillant et Palangre,Gillnet,Filet maillant,1,9,18,LOA,Length overall,1572,PELAGIC
37,"OMN    ",OMAN,OMAN,2001,ART,Artisanal Fishing,Pêcheries artisanales,4,GIHA,Gillnet and hand line,Filet maillant et Ligne à main,Gillnet,Filet maillant,1,1,10,LOA,Length overall,12959,COASTAL
54,"YEM    ",YEMEN,YÉMEN,2001,ART,Artisanal Fishing,Pêcheries artisanales,4,GIHT,Gillnet and hand line and troll line,Filet maillant et ligne à main et ligne de traîne,Gillnet,Filet maillant,1,5,26,LOA,Length overall,9545,COASTAL
1,"AUS    ",AUSTRALIA,AUSTRALIE,2001,ART,Artisanal Fishing,Pêcheries artisanales,4,GILL,Gillnet,Filet maillant,Gillnet,Filet maillant,0,4,20,LOA,Length overall,10,COASTAL
2,"BHR    ",BAHRAIN,BAHREÏN,2001,ART,Artisanal Fishing,Pêcheries artisanales,4,GILL,Gillnet,Filet maillant,Gillnet,Filet maillant,0,4,20,LOA,Length overall,60,COASTAL
24,"IRN    ",IRAN ISLAMIC REP.,IRAN RÉP. ISLAMIQUE,2001,ART,Artisanal Fishing,Pêcheries artisanales,4,GILL,Gillnet,Filet maillant,Gillnet,Filet maillant,0,0,2,GRT,Gross Registered Tonnage,6790,"ALL    "
24,"IRN    ",IRAN ISLAMIC REP.,IRAN RÉP. ISLAMIQUE,2001,ART,Artisanal Fishing,Pêcheries artisanales,4,GILL,Gillnet,Filet maillant,Gillnet,Filet maillant,0,3,20,GRT,Gross Registered Tonnage,1070,"ALL    "
24,"IRN    ",IRAN ISLAMIC REP.,IRAN RÉP. ISLAMIQUE,2001,ART,Artisanal Fishing,Pêcheries artisanales,4,GILL,Gillnet,Filet maillant,Gillnet,Filet maillant,0,21,50,GRT,Gross Registered Tonnage,1165,"ALL    "
24,"IRN    ",IRAN ISLAMIC REP.,IRAN RÉP. ISLAMIQUE,2001,ART,Artisanal Fishing,Pêcheries artisanales,4,GILL,Gillnet,Filet maillant,Gillnet,Filet maillant,0,51,100,GRT,Gross Registered Tonnage,859,"ALL    "
32,"MYS    ",MALAYSIA,MALAISIE,2001,ART,Artisanal Fishing,Pêcheries artisanales,4,GILL,Gillnet,Filet maillant,Gillnet,Filet maillant,0,1,10,GRT,Gross Registered Tonnage,4699,COASTAL
37,"OMN    ",OMAN,OMAN,2001,ART,Artisanal Fishing,Pêcheries artisanales,4,GILL,Gillnet,Filet maillant,Gillnet,Filet maillant,0,10,24,LOA,Length overall,499,COASTAL
38,"PAK    ",PAKISTAN,PAKISTAN,2001,ART,Artisanal Fishing,Pêcheries artisanales,4,GILL,Gillnet,Filet maillant,Gillnet,Filet maillant,0,35,50,GRT,Gross Registered Tonnage,2079,"ALL    "
40,"QAT    ",QATAR,QATAR,2001,ART,Artisanal Fishing,Pêcheries artisanales,4,GILL,Gillnet,Filet maillant,Gillnet,Filet maillant,0,10,24,LOA,Length overall,515,COASTAL
49,"THA    ",THAILAND,THAÏLANDE,2001,ART,Artisanal Fishing,Pêcheries artisanales,4,GILL,Gillnet,Filet maillant,Gillnet,Filet maillant,0,14,25,LOA,Length overall,49,COASTAL
1,"AUS    ",AUSTRALIA,AUSTRALIE,2001,ART,Artisanal Fishing,Pêcheries artisanales,6,HAND,Hand line,Ligne à main,Line,Lignes,0,4,20,LOA,Length overall,7,COASTAL
33,"MDV    ",MALDIVES,MALDIVES,2001,ART,Artisanal Fishing,Pêcheries artisanales,6,HAND,Hand line,Ligne à main,Line,Lignes,0,4,6,LOA,Length overall,13,PELAGIC
43,"SYC    ",SEYCHELLES,SEYCHELLES,2001,ART,Artisanal Fishing,Pêcheries artisanales,6,HAND,Hand line,Ligne à main,Line,Lignes,0,5,10,LOA,Length overall,181,PELAGIC
43,"SYC    ",SEYCHELLES,SEYCHELLES,2001,ART,Artisanal Fishing,Pêcheries artisanales,6,HAND,Hand line,Ligne à main,Line,Lignes,0,7,12,LOA,Length overall,89,PELAGIC
43,"SYC    ",SEYCHELLES,SEYCHELLES,2001,ART,Artisanal Fishing,Pêcheries artisanales,6,HAND,Hand line,Ligne à main,Line,Lignes,0,9,26,LOA,Length overall,11,PELAGIC
1,"AUS    ",AUSTRALIA,AUSTRALIE,2001,ART,Artisanal Fishing,Pêcheries artisanales,6,HATR,Hand line and Troll line,Ligne à main et Ligne de traîne,Line,Lignes,1,4,20,LOA,Length overall,134,COASTAL
2,"BHR    ",BAHRAIN,BAHREÏN,2001,ART,Artisanal Fishing,Pêcheries artisanales,6,HATR,Hand line and Troll line,Ligne à main et Ligne de traîne,Line,Lignes,1,4,20,LOA,Length overall,22,COASTAL
4,"BLZ    ",BELIZE,BELIZE,2001,IND,Industrial Fishing,Pêcheries industrielles,5,LL,Longline,Palangre dérivante au-dessus de 1800 hameçons,Longline,Palangre,0,24,40,LOA,Length overall,4,PELAGIC
4,"BLZ    ",BELIZE,BELIZE,2001,IND,Industrial Fishing,Pêcheries industrielles,5,LL,Longline,Palangre dérivante au-dessus de 1800 hameçons,Longline,Palangre,0,40,60,LOA,Length overall,19,PELAGIC
4,"BLZ    ",BELIZE,BELIZE,2001,IND,Industrial Fishing,Pêcheries industrielles,5,LL,Longline,Palangre dérivante au-dessus de 1800 hameçons,Longline,Palangre,0,60,80,LOA,Length overall,3,PELAGIC
5,"CHN    ",CHINA,CHINE,2001,IND,Industrial Fishing,Pêcheries industrielles,5,LL,Longline,Palangre dérivante au-dessus de 1800 hameçons,Longline,Palangre,0,40,60,LOA,Length overall,12,PELAGIC
6,"TWN    ","TAIWAN,CHINA","TAIWAN,CHINE",2001,IND,Industrial Fishing,Pêcheries industrielles,5,LL,Longline,Palangre dérivante au-dessus de 1800 hameçons,Longline,Palangre,0,24,40,LOA,Length overall,11,PELAGIC
6,"TWN    ","TAIWAN,CHINA","TAIWAN,CHINE",2001,IND,Industrial Fishing,Pêcheries industrielles,5,LL,Longline,Palangre dérivante au-dessus de 1800 hameçons,Longline,Palangre,0,40,60,LOA,Length overall,286,PELAGIC
22,"IND    ",INDIA,INDE,2001,IND,Industrial Fishing,Pêcheries industrielles,5,LL,Longline,Palangre dérivante au-dessus de 1800 hameçons,Longline,Palangre,0,40,60,LOA,Length overall,1,PELAGIC
23,"IDN    ",INDONESIA,INDONÉSIE,2001,IND,Industrial Fishing,Pêcheries industrielles,5,LL,Longline,Palangre dérivante au-dessus de 1800 hameçons,Longline,Palangre,0,24,40,LOA,Length overall,1,PELAGIC
23,"IDN    ",INDONESIA,INDONÉSIE,2001,IND,Industrial Fishing,Pêcheries industrielles,5,LL,Longline,Palangre dérivante au-dessus de 1800 hameçons,Longline,Palangre,0,40,60,LOA,Length overall,5,PELAGIC
26,"JPN    ",JAPAN,JAPON,2001,IND,Industrial Fishing,Pêcheries industrielles,5,LL,Longline,Palangre dérivante au-dessus de 1800 hameçons,Longline,Palangre,0,24,40,LOA,Length overall,5,PELAGIC
26,"JPN    ",JAPAN,JAPON,2001,IND,Industrial Fishing,Pêcheries industrielles,5,LL,Longline,Palangre dérivante au-dessus de 1800 hameçons,Longline,Palangre,0,40,60,LOA,Length overall,194,PELAGIC
29,"KOR    ",KOREA REP.,CORÉE RÉP.,2001,IND,Industrial Fishing,Pêcheries industrielles,5,LL,Longline,Palangre dérivante au-dessus de 1800 hameçons,Longline,Palangre,0,40,60,LOA,Length overall,23,PELAGIC
34,"MUS    ",MAURITIUS,MAURICE,2001,IND,Industrial Fishing,Pêcheries industrielles,5,LL,Longline,Palangre dérivante au-dessus de 1800 hameçons,Longline,Palangre,0,24,40,LOA,Length overall,2,PELAGIC
37,"OMN    ",OMAN,OMAN,2001,IND,Industrial Fishing,Pêcheries industrielles,5,LL,Longline,Palangre dérivante au-dessus de 1800 hameçons,Longline,Palangre,0,40,60,LOA,Length overall,4,PELAGIC
39,"PHL    ",PHILIPPINES,PHILIPPINES,2001,IND,Industrial Fishing,Pêcheries industrielles,5,LL,Longline,Palangre dérivante au-dessus de 1800 hameçons,Longline,Palangre,0,40,60,LOA,Length overall,17,PELAGIC
43,"SYC    ",SEYCHELLES,SEYCHELLES,2001,IND,Industrial Fishing,Pêcheries industrielles,5,LL,Longline,Palangre dérivante au-dessus de 1800 hameçons,Longline,Palangre,0,24,40,LOA,Length overall,3,PELAGIC
43,"SYC    ",SEYCHELLES,SEYCHELLES,2001,IND,Industrial Fishing,Pêcheries industrielles,5,LL,Longline,Palangre dérivante au-dessus de 1800 hameçons,Longline,Palangre,0,40,60,LOA,Length overall,9,PELAGIC
48,"TZA    ",TANZANIA,TANZANIE,2001,IND,Industrial Fishing,Pêcheries industrielles,5,LL,Longline,Palangre dérivante au-dessus de 1800 hameçons,Longline,Palangre,0,24,40,LOA,Length overall,1,PELAGIC
48,"TZA    ",TANZANIA,TANZANIE,2001,IND,Industrial Fishing,Pêcheries industrielles,5,LL,Longline,Palangre dérivante au-dessus de 1800 hameçons,Longline,Palangre,0,40,60,LOA,Length overall,2,PELAGIC
49,"THA    ",THAILAND,THAÏLANDE,2001,IND,Industrial Fishing,Pêcheries industrielles,5,LL,Longline,Palangre dérivante au-dessus de 1800 hameçons,Longline,Palangre,0,40,60,LOA,Length overall,2,PELAGIC
57,"NEIFR  ",NEI.FROZEN,NCA.CONGELÉ,2001,IND,Industrial Fishing,Pêcheries industrielles,5,LL,Longline,Palangre dérivante au-dessus de 1800 hameçons,Longline,Palangre,0,24,40,LOA,Length overall,6,PELAGIC
57,"NEIFR  ",NEI.FROZEN,NCA.CONGELÉ,2001,IND,Industrial Fishing,Pêcheries industrielles,5,LL,Longline,Palangre dérivante au-dessus de 1800 hameçons,Longline,Palangre,0,40,60,LOA,Length overall,44,PELAGIC
57,"NEIFR  ",NEI.FROZEN,NCA.CONGELÉ,2001,IND,Industrial Fishing,Pêcheries industrielles,5,LL,Longline,Palangre dérivante au-dessus de 1800 hameçons,Longline,Palangre,0,60,80,LOA,Length overall,3,PELAGIC
22,"IND    ",INDIA,INDE,2001,IND,Industrial Fishing,Pêcheries industrielles,5,LLEX,Exploratory longline,Palangre de prospection,Longline,Palangre,0,24,40,LOA,Length overall,2,PELAGIC
22,"IND    ",INDIA,INDE,2001,IND,Industrial Fishing,Pêcheries industrielles,5,LLEX,Exploratory longline,Palangre de prospection,Longline,Palangre,0,40,60,LOA,Length overall,1,PELAGIC
1,"AUS    ",AUSTRALIA,AUSTRALIE,2001,IND,Industrial Fishing,Pêcheries industrielles,1,PS,Purse seine,Senne tournante aux thons,Purse Seine,Senne tournante,0,24,40,LOA,Length overall,10,PELAGIC
1,"AUS    ",AUSTRALIA,AUSTRALIE,2001,IND,Industrial Fishing,Pêcheries industrielles,1,PS,Purse seine,Senne tournante aux thons,Purse Seine,Senne tournante,0,40,60,LOA,Length overall,3,PELAGIC
13,"EUFRA  ",EU.FRANCE,UE.FRANCE,2001,IND,Industrial Fishing,Pêcheries industrielles,1,PS,Purse seine,Senne tournante aux thons,Purse Seine,Senne tournante,0,40,60,LOA,Length overall,2,PELAGIC
13,"EUFRA  ",EU.FRANCE,UE.FRANCE,2001,IND,Industrial Fishing,Pêcheries industrielles,1,PS,Purse seine,Senne tournante aux thons,Purse Seine,Senne tournante,0,60,80,LOA,Length overall,13,PELAGIC
13,"EUFRA  ",EU.FRANCE,UE.FRANCE,2001,IND,Industrial Fishing,Pêcheries industrielles,1,PS,Purse seine,Senne tournante aux thons,Purse Seine,Senne tournante,0,80,100,LOA,Length overall,2,PELAGIC
13,"EUFRA  ",EU.FRANCE,UE.FRANCE,2001,IND,Industrial Fishing,Pêcheries industrielles,1,PS,Purse seine,Senne tournante aux thons,Purse Seine,Senne tournante,0,100,120,LOA,Length overall,1,PELAGIC
14,"EUMYT  ",EU.FRANCE.MAYOTTE,UE.FRANCE.MAYOTTE,2001,IND,Industrial Fishing,Pêcheries industrielles,1,PS,Purse seine,Senne tournante aux thons,Purse Seine,Senne tournante,0,60,80,LOA,Length overall,2,PELAGIC
19,"EUESP  ",EU.SPAIN,UE.ESPAGNE,2001,IND,Industrial Fishing,Pêcheries industrielles,1,PS,Purse seine,Senne tournante aux thons,Purse Seine,Senne tournante,0,60,80,LOA,Length overall,12,PELAGIC
19,"EUESP  ",EU.SPAIN,UE.ESPAGNE,2001,IND,Industrial Fishing,Pêcheries industrielles,1,PS,Purse seine,Senne tournante aux thons,Purse Seine,Senne tournante,0,80,100,LOA,Length overall,3,PELAGIC
19,"EUESP  ",EU.SPAIN,UE.ESPAGNE,2001,IND,Industrial Fishing,Pêcheries industrielles,1,PS,Purse seine,Senne tournante aux thons,Purse Seine,Senne tournante,0,100,120,LOA,Length overall,2,PELAGIC
24,"IRN    ",IRAN ISLAMIC REP.,IRAN RÉP. ISLAMIQUE,2001,IND,Industrial Fishing,Pêcheries industrielles,1,PS,Purse seine,Senne tournante aux thons,Purse Seine,Senne tournante,0,40,60,LOA,Length overall,2,PELAGIC
24,"IRN    ",IRAN ISLAMIC REP.,IRAN RÉP. ISLAMIQUE,2001,IND,Industrial Fishing,Pêcheries industrielles,1,PS,Purse seine,Senne tournante aux thons,Purse Seine,Senne tournante,0,60,80,LOA,Length overall,3,PELAGIC
26,"JPN    ",JAPAN,JAPON,2001,IND,Industrial Fishing,Pêcheries industrielles,1,PS,Purse seine,Senne tournante aux thons,Purse Seine,Senne tournante,0,40,60,LOA,Length overall,1,PELAGIC
26,"JPN    ",JAPAN,JAPON,2001,IND,Industrial Fishing,Pêcheries industrielles,1,PS,Purse seine,Senne tournante aux thons,Purse Seine,Senne tournante,0,60,80,LOA,Length overall,1,PELAGIC
43,"SYC    ",SEYCHELLES,SEYCHELLES,2001,IND,Industrial Fishing,Pêcheries industrielles,1,PS,Purse seine,Senne tournante aux thons,Purse Seine,Senne tournante,0,60,80,LOA,Length overall,9,PELAGIC
49,"THA    ",THAILAND,THAÏLANDE,2001,IND,Industrial Fishing,Pêcheries industrielles,1,PS,Purse seine,Senne tournante aux thons,Purse Seine,Senne tournante,0,60,80,LOA,Length overall,1,PELAGIC
58,"NEIPS  ",NEI.OTHER,NCA.AUTRE,2001,IND,Industrial Fishing,Pêcheries industrielles,1,PS,Purse seine,Senne tournante aux thons,Purse Seine,Senne tournante,0,60,80,LOA,Length overall,8,PELAGIC
58,"NEIPS  ",NEI.OTHER,NCA.AUTRE,2001,IND,Industrial Fishing,Pêcheries industrielles,1,PS,Purse seine,Senne tournante aux thons,Purse Seine,Senne tournante,0,100,120,LOA,Length overall,2,PELAGIC
59,"NEISU  ",NEI.EXSOVIET,NCA.EXSOVIÉTIQUE,2001,IND,Industrial Fishing,Pêcheries industrielles,1,PS,Purse seine,Senne tournante aux thons,Purse Seine,Senne tournante,0,60,80,LOA,Length overall,1,PELAGIC
59,"NEISU  ",NEI.EXSOVIET,NCA.EXSOVIÉTIQUE,2001,IND,Industrial Fishing,Pêcheries industrielles,1,PS,Purse seine,Senne tournante aux thons,Purse Seine,Senne tournante,0,80,100,LOA,Length overall,8,PELAGIC
60,"EUITA  ",EU.ITALY,EU.ITALIE,2001,IND,Industrial Fishing,Pêcheries industrielles,1,PS,Purse seine,Senne tournante aux thons,Purse Seine,Senne tournante,0,80,100,LOA,Length overall,1,NULL
60,"EUITA  ",EU.ITALY,EU.ITALIE,2001,IND,Industrial Fishing,Pêcheries industrielles,1,PS,Purse seine,Senne tournante aux thons,Purse Seine,Senne tournante,0,80,100,LOA,Length overall,1,PELAGIC
32,"MYS    ",MALAYSIA,MALAISIE,2001,ART,Artisanal Fishing,Pêcheries artisanales,1,PSS,Small purse seine,Senneur côtier,Purse Seine,Senne tournante,0,10,70,GRT,Gross Registered Tonnage,245,COASTAL
49,"THA    ",THAILAND,THAÏLANDE,2001,ART,Artisanal Fishing,Pêcheries artisanales,1,PSS,Small purse seine,Senneur côtier,Purse Seine,Senne tournante,0,14,25,LOA,Length overall,317,"ALL    "
1,"AUS    ",AUSTRALIA,AUSTRALIE,2001,ART,Artisanal Fishing,Pêcheries artisanales,6,SPOR,Sport fishing,Pêche sportive,Line,Lignes,0,4,20,LOA,Length overall,6,PELAGIC
58,"NEIPS  ",NEI.OTHER,NCA.AUTRE,2001,IND,Industrial Fishing,Pêcheries industrielles,1,SUPP,Supply vessel,Bateau auxiliaire,Purse Seine,Senne tournante,0,24,40,LOA,Length overall,7,PELAGIC
58,"NEIPS  ",NEI.OTHER,NCA.AUTRE,2001,IND,Industrial Fishing,Pêcheries industrielles,1,SUPP,Supply vessel,Bateau auxiliaire,Purse Seine,Senne tournante,0,40,60,LOA,Length overall,0,PELAGIC
1,"AUS    ",AUSTRALIA,AUSTRALIE,2001,IND,Industrial Fishing,Pêcheries industrielles,9,TRAW,Trawl,Chaluts,Other,Autres,0,10,40,LOA,Length overall,21,COASTAL
32,"MYS    ",MALAYSIA,MALAISIE,2001,ART,Artisanal Fishing,Pêcheries artisanales,9,TRAW,Trawl,Chaluts,Other,Autres,0,10,70,GRT,Gross Registered Tonnage,3015,COASTAL
49,"THA    ",THAILAND,THAÏLANDE,2001,ART,Artisanal Fishing,Pêcheries artisanales,9,TRAW,Trawl,Chaluts,Other,Autres,0,14,25,LOA,Length overall,949,COASTAL
32,"MYS    ",MALAYSIA,MALAISIE,2001,ART,Artisanal Fishing,Pêcheries artisanales,6,TROL,Troll line,Ligne de traîne,Line,Lignes,0,1,10,GRT,Gross Registered Tonnage,219,COASTAL
33,"MDV    ",MALDIVES,MALDIVES,2001,ART,Artisanal Fishing,Pêcheries artisanales,6,TROL,Troll line,Ligne de traîne,Line,Lignes,0,5,10,LOA,Length overall,89,PELAGIC
27,"JOR    ",JORDAN,JORDANIE,2001,ART,Artisanal Fishing,Pêcheries artisanales,9,UNCL,Unclassified,Non classé,Other,Autres,1,2,10,LOA,Length overall,80,COASTAL
41,"SAU    ",SAUDI ARABIA,ARABIE SAOUDITE,2001,ART,Artisanal Fishing,Pêcheries artisanales,9,UNCL,Unclassified,Non classé,Other,Autres,1,5,25,LOA,Length overall,10220,COASTAL
46,"LKA    ",SRI LANKA,SRI LANKA,2001,ART,Artisanal Fishing,Pêcheries artisanales,9,UNCL,Unclassified,Non classé,Other,Autres,1,1,8,LOA,Length overall,24022,"ALL    "
46,"LKA    ",SRI LANKA,SRI LANKA,2001,ART,Artisanal Fishing,Pêcheries artisanales,9,UNCL,Unclassified,Non classé,Other,Autres,1,8,9,LOA,Length overall,2212,"ALL    "
23,"IDN    ",INDONESIA,INDONÉSIE,2002,ART,Artisanal Fishing,Pêcheries artisanales,3,BB,Baitboat,Canne,Baitboat,Canne,0,30,50,GT,Gross Tonnage,9,PELAGIC
23,"IDN    ",INDONESIA,INDONÉSIE,2002,ART,Artisanal Fishing,Pêcheries artisanales,3,BB,Baitboat,Canne,Baitboat,Canne,0,50,150,GT,Gross Tonnage,0,PELAGIC
33,"MDV    ",MALDIVES,MALDIVES,2002,ART,Artisanal Fishing,Pêcheries artisanales,3,BB,Baitboat,Canne,Baitboat,Canne,0,10,15,LOA,Length overall,1192,PELAGIC
1,"AUS    ",AUSTRALIA,AUSTRALIE,2002,IND,Industrial Fishing,Pêcheries industrielles,5,ELL,Longline targeting swordfish,Palangre à espadon,Longline,Palangre,0,15,24,LOA,Length overall,17,PELAGIC
1,"AUS    ",AUSTRALIA,AUSTRALIE,2002,IND,Industrial Fishing,Pêcheries industrielles,5,ELL,Longline targeting swordfish,Palangre à espadon,Longline,Palangre,0,24,40,LOA,Length overall,21,PELAGIC
1,"AUS    ",AUSTRALIA,AUSTRALIE,2002,IND,Industrial Fishing,Pêcheries industrielles,5,ELL,Longline targeting swordfish,Palangre à espadon,Longline,Palangre,0,40,60,LOA,Length overall,2,PELAGIC
14,"EUMYT  ",EU.FRANCE.MAYOTTE,UE.FRANCE.MAYOTTE,2002,IND,Industrial Fishing,Pêcheries industrielles,5,ELL,Longline targeting swordfish,Palangre à espadon,Longline,Palangre,0,0,15,LOA,Length overall,2,PELAGIC
15,"EUREU  ",EU.FRANCE.REUNION,UE.FRANCE.RÉUNION,2002,IND,Industrial Fishing,Pêcheries industrielles,5,ELL,Longline targeting swordfish,Palangre à espadon,Longline,Palangre,0,0,15,LOA,Length overall,27,PELAGIC
15,"EUREU  ",EU.FRANCE.REUNION,UE.FRANCE.RÉUNION,2002,IND,Industrial Fishing,Pêcheries industrielles,5,ELL,Longline targeting swordfish,Palangre à espadon,Longline,Palangre,0,15,24,LOA,Length overall,5,PELAGIC
15,"EUREU  ",EU.FRANCE.REUNION,UE.FRANCE.RÉUNION,2002,IND,Industrial Fishing,Pêcheries industrielles,5,ELL,Longline targeting swordfish,Palangre à espadon,Longline,Palangre,0,24,40,LOA,Length overall,1,PELAGIC
18,"EUPRT  ",EU.PORTUGAL,UE.PORTUGAL,2002,IND,Industrial Fishing,Pêcheries industrielles,5,ELL,Longline targeting swordfish,Palangre à espadon,Longline,Palangre,0,24,40,LOA,Length overall,8,PELAGIC
18,"EUPRT  ",EU.PORTUGAL,UE.PORTUGAL,2002,IND,Industrial Fishing,Pêcheries industrielles,5,ELL,Longline targeting swordfish,Palangre à espadon,Longline,Palangre,0,40,60,LOA,Length overall,3,PELAGIC
19,"EUESP  ",EU.SPAIN,UE.ESPAGNE,2002,IND,Industrial Fishing,Pêcheries industrielles,5,ELL,Longline targeting swordfish,Palangre à espadon,Longline,Palangre,0,24,40,LOA,Length overall,9,PELAGIC
19,"EUESP  ",EU.SPAIN,UE.ESPAGNE,2002,IND,Industrial Fishing,Pêcheries industrielles,5,ELL,Longline targeting swordfish,Palangre à espadon,Longline,Palangre,0,40,60,LOA,Length overall,7,PELAGIC
21,"GIN    ",GUINEA,GUINÉE,2002,IND,Industrial Fishing,Pêcheries industrielles,5,ELL,Longline targeting swordfish,Palangre à espadon,Longline,Palangre,0,40,60,LOA,Length overall,3,PELAGIC
31,"MDG    ",MADAGASCAR,MADAGASCAR,2002,IND,Industrial Fishing,Pêcheries industrielles,5,ELL,Longline targeting swordfish,Palangre à espadon,Longline,Palangre,0,15,24,LOA,Length overall,1,PELAGIC
34,"MUS    ",MAURITIUS,MAURICE,2002,IND,Industrial Fishing,Pêcheries industrielles,5,ELL,Longline targeting swordfish,Palangre à espadon,Longline,Palangre,0,0,15,LOA,Length overall,3,PELAGIC
43,"SYC    ",SEYCHELLES,SEYCHELLES,2002,IND,Industrial Fishing,Pêcheries industrielles,5,ELL,Longline targeting swordfish,Palangre à espadon,Longline,Palangre,0,15,24,LOA,Length overall,9,PELAGIC
44,"ZAF    ",SOUTH AFRICA,AFRIQUE DU SUD,2002,IND,Industrial Fishing,Pêcheries industrielles,5,ELL,Longline targeting swordfish,Palangre à espadon,Longline,Palangre,0,15,24,LOA,Length overall,16,PELAGIC
44,"ZAF    ",SOUTH AFRICA,AFRIQUE DU SUD,2002,IND,Industrial Fishing,Pêcheries industrielles,5,ELL,Longline targeting swordfish,Palangre à espadon,Longline,Palangre,0,24,40,LOA,Length overall,10,PELAGIC
57,"NEIFR  ",NEI.FROZEN,NCA.CONGELÉ,2002,IND,Industrial Fishing,Pêcheries industrielles,5,ELL,Longline targeting swordfish,Palangre à espadon,Longline,Palangre,0,24,40,LOA,Length overall,2,PELAGIC
57,"NEIFR  ",NEI.FROZEN,NCA.CONGELÉ,2002,IND,Industrial Fishing,Pêcheries industrielles,5,ELL,Longline targeting swordfish,Palangre à espadon,Longline,Palangre,0,40,60,LOA,Length overall,2,PELAGIC
4,"BLZ    ",BELIZE,BELIZE,2002,IND,Industrial Fishing,Pêcheries industrielles,5,FLL,Longline Fresh,Palangre Frais,Longline,Palangre,0,15,24,LOA,Length overall,1,PELAGIC
4,"BLZ    ",BELIZE,BELIZE,2002,IND,Industrial Fishing,Pêcheries industrielles,5,FLL,Longline Fresh,Palangre Frais,Longline,Palangre,0,24,40,LOA,Length overall,1,PELAGIC
5,"CHN    ",CHINA,CHINE,2002,IND,Industrial Fishing,Pêcheries industrielles,5,FLL,Longline Fresh,Palangre Frais,Longline,Palangre,0,15,24,LOA,Length overall,2,PELAGIC
5,"CHN    ",CHINA,CHINE,2002,IND,Industrial Fishing,Pêcheries industrielles,5,FLL,Longline Fresh,Palangre Frais,Longline,Palangre,0,24,40,LOA,Length overall,70,PELAGIC
6,"TWN    ","TAIWAN,CHINA","TAIWAN,CHINE",2002,IND,Industrial Fishing,Pêcheries industrielles,5,FLL,Longline Fresh,Palangre Frais,Longline,Palangre,0,15,24,LOA,Length overall,113,PELAGIC
6,"TWN    ","TAIWAN,CHINA","TAIWAN,CHINE",2002,IND,Industrial Fishing,Pêcheries industrielles,5,FLL,Longline Fresh,Palangre Frais,Longline,Palangre,0,24,40,LOA,Length overall,60,PELAGIC
23,"IDN    ",INDONESIA,INDONÉSIE,2002,IND,Industrial Fishing,Pêcheries industrielles,5,FLL,Longline Fresh,Palangre Frais,Longline,Palangre,0,0,15,LOA,Length overall,56,PELAGIC
23,"IDN    ",INDONESIA,INDONÉSIE,2002,IND,Industrial Fishing,Pêcheries industrielles,5,FLL,Longline Fresh,Palangre Frais,Longline,Palangre,0,15,24,LOA,Length overall,884,PELAGIC
23,"IDN    ",INDONESIA,INDONÉSIE,2002,IND,Industrial Fishing,Pêcheries industrielles,5,FLL,Longline Fresh,Palangre Frais,Longline,Palangre,0,24,40,LOA,Length overall,165,PELAGIC
32,"MYS    ",MALAYSIA,MALAISIE,2002,IND,Industrial Fishing,Pêcheries industrielles,5,FLL,Longline Fresh,Palangre Frais,Longline,Palangre,0,15,24,LOA,Length overall,3,PELAGIC
32,"MYS    ",MALAYSIA,MALAISIE,2002,IND,Industrial Fishing,Pêcheries industrielles,5,FLL,Longline Fresh,Palangre Frais,Longline,Palangre,0,24,40,LOA,Length overall,10,PELAGIC
33,"MDV    ",MALDIVES,MALDIVES,2002,IND,Industrial Fishing,Pêcheries industrielles,5,FLL,Longline Fresh,Palangre Frais,Longline,Palangre,0,15,24,LOA,Length overall,4,PELAGIC
37,"OMN    ",OMAN,OMAN,2002,IND,Industrial Fishing,Pêcheries industrielles,5,FLL,Longline Fresh,Palangre Frais,Longline,Palangre,0,24,40,LOA,Length overall,2,PELAGIC
55,"NEICE  ",NEI.FRESH,NCA.FRAIS,2002,IND,Industrial Fishing,Pêcheries industrielles,5,FLL,Longline Fresh,Palangre Frais,Longline,Palangre,0,15,24,LOA,Length overall,14,PELAGIC
55,"NEICE  ",NEI.FRESH,NCA.FRAIS,2002,IND,Industrial Fishing,Pêcheries industrielles,5,FLL,Longline Fresh,Palangre Frais,Longline,Palangre,0,24,40,LOA,Length overall,6,PELAGIC
46,"LKA    ",SRI LANKA,SRI LANKA,2002,ART,Artisanal Fishing,Pêcheries artisanales,4,G/L,Gillnet and Longline combination,Filet maillant et Palangre,Gillnet,Filet maillant,1,9,18,LOA,Length overall,1614,PELAGIC
37,"OMN    ",OMAN,OMAN,2002,ART,Artisanal Fishing,Pêcheries artisanales,4,GIHA,Gillnet and hand line,Filet maillant et Ligne à main,Gillnet,Filet maillant,1,1,10,LOA,Length overall,13141,COASTAL
54,"YEM    ",YEMEN,YÉMEN,2002,ART,Artisanal Fishing,Pêcheries artisanales,4,GIHT,Gillnet and hand line and troll line,Filet maillant et ligne à main et ligne de traîne,Gillnet,Filet maillant,1,5,26,LOA,Length overall,9924,COASTAL
1,"AUS    ",AUSTRALIA,AUSTRALIE,2002,ART,Artisanal Fishing,Pêcheries artisanales,4,GILL,Gillnet,Filet maillant,Gillnet,Filet maillant,0,4,20,LOA,Length overall,10,COASTAL
2,"BHR    ",BAHRAIN,BAHREÏN,2002,ART,Artisanal Fishing,Pêcheries artisanales,4,GILL,Gillnet,Filet maillant,Gillnet,Filet maillant,0,4,20,LOA,Length overall,60,COASTAL
24,"IRN    ",IRAN ISLAMIC REP.,IRAN RÉP. ISLAMIQUE,2002,ART,Artisanal Fishing,Pêcheries artisanales,4,GILL,Gillnet,Filet maillant,Gillnet,Filet maillant,0,0,2,GRT,Gross Registered Tonnage,4072,"ALL    "
24,"IRN    ",IRAN ISLAMIC REP.,IRAN RÉP. ISLAMIQUE,2002,ART,Artisanal Fishing,Pêcheries artisanales,4,GILL,Gillnet,Filet maillant,Gillnet,Filet maillant,0,3,20,GRT,Gross Registered Tonnage,697,"ALL    "
24,"IRN    ",IRAN ISLAMIC REP.,IRAN RÉP. ISLAMIQUE,2002,ART,Artisanal Fishing,Pêcheries artisanales,4,GILL,Gillnet,Filet maillant,Gillnet,Filet maillant,0,21,50,GRT,Gross Registered Tonnage,819,"ALL    "
24,"IRN    ",IRAN ISLAMIC REP.,IRAN RÉP. ISLAMIQUE,2002,ART,Artisanal Fishing,Pêcheries artisanales,4,GILL,Gillnet,Filet maillant,Gillnet,Filet maillant,0,51,100,GRT,Gross Registered Tonnage,856,"ALL    "
37,"OMN    ",OMAN,OMAN,2002,ART,Artisanal Fishing,Pêcheries artisanales,4,GILL,Gillnet,Filet maillant,Gillnet,Filet maillant,0,10,24,LOA,Length overall,511,COASTAL
38,"PAK    ",PAKISTAN,PAKISTAN,2002,ART,Artisanal Fishing,Pêcheries artisanales,4,GILL,Gillnet,Filet maillant,Gillnet,Filet maillant,0,35,50,GRT,Gross Registered Tonnage,2465,"ALL    "
40,"QAT    ",QATAR,QATAR,2002,ART,Artisanal Fishing,Pêcheries artisanales,4,GILL,Gillnet,Filet maillant,Gillnet,Filet maillant,0,10,24,LOA,Length overall,515,COASTAL
49,"THA    ",THAILAND,THAÏLANDE,2002,ART,Artisanal Fishing,Pêcheries artisanales,4,GILL,Gillnet,Filet maillant,Gillnet,Filet maillant,0,14,25,LOA,Length overall,87,COASTAL
1,"AUS    ",AUSTRALIA,AUSTRALIE,2002,ART,Artisanal Fishing,Pêcheries artisanales,6,HAND,Hand line,Ligne à main,Line,Lignes,0,4,20,LOA,Length overall,11,COASTAL
33,"MDV    ",MALDIVES,MALDIVES,2002,ART,Artisanal Fishing,Pêcheries artisanales,6,HAND,Hand line,Ligne à main,Line,Lignes,0,4,6,LOA,Length overall,16,PELAGIC
43,"SYC    ",SEYCHELLES,SEYCHELLES,2002,ART,Artisanal Fishing,Pêcheries artisanales,6,HAND,Hand line,Ligne à main,Line,Lignes,0,5,10,LOA,Length overall,188,PELAGIC
43,"SYC    ",SEYCHELLES,SEYCHELLES,2002,ART,Artisanal Fishing,Pêcheries artisanales,6,HAND,Hand line,Ligne à main,Line,Lignes,0,7,12,LOA,Length overall,91,PELAGIC
43,"SYC    ",SEYCHELLES,SEYCHELLES,2002,ART,Artisanal Fishing,Pêcheries artisanales,6,HAND,Hand line,Ligne à main,Line,Lignes,0,9,26,LOA,Length overall,9,PELAGIC
50,"GBRT   ",UK.TERRITORIES,RU.TERRITOIRES,2002,ART,Artisanal Fishing,Pêcheries artisanales,6,HAND,Hand line,Ligne à main,Line,Lignes,0,6,10,LOA,Length overall,43,PELAGIC
50,"GBRT   ",UK.TERRITORIES,RU.TERRITOIRES,2002,ART,Artisanal Fishing,Pêcheries artisanales,6,HAND,Hand line,Ligne à main,Line,Lignes,0,10,25,LOA,Length overall,4,PELAGIC
1,"AUS    ",AUSTRALIA,AUSTRALIE,2002,ART,Artisanal Fishing,Pêcheries artisanales,6,HATR,Hand line and Troll line,Ligne à main et Ligne de traîne,Line,Lignes,1,4,20,LOA,Length overall,136,COASTAL
2,"BHR    ",BAHRAIN,BAHREÏN,2002,ART,Artisanal Fishing,Pêcheries artisanales,6,HATR,Hand line and Troll line,Ligne à main et Ligne de traîne,Line,Lignes,1,4,20,LOA,Length overall,22,COASTAL
15,"EUREU  ",EU.FRANCE.REUNION,UE.FRANCE.RÉUNION,2002,ART,Artisanal Fishing,Pêcheries artisanales,6,HATR,Hand line and Troll line,Ligne à main et Ligne de traîne,Line,Lignes,1,5,14,LOA,Length overall,240,PELAGIC
4,"BLZ    ",BELIZE,BELIZE,2002,IND,Industrial Fishing,Pêcheries industrielles,5,LL,Longline,Palangre dérivante au-dessus de 1800 hameçons,Longline,Palangre,0,24,40,LOA,Length overall,4,PELAGIC
4,"BLZ    ",BELIZE,BELIZE,2002,IND,Industrial Fishing,Pêcheries industrielles,5,LL,Longline,Palangre dérivante au-dessus de 1800 hameçons,Longline,Palangre,0,40,60,LOA,Length overall,11,PELAGIC
5,"CHN    ",CHINA,CHINE,2002,IND,Industrial Fishing,Pêcheries industrielles,5,LL,Longline,Palangre dérivante au-dessus de 1800 hameçons,Longline,Palangre,0,40,60,LOA,Length overall,18,PELAGIC
6,"TWN    ","TAIWAN,CHINA","TAIWAN,CHINE",2002,IND,Industrial Fishing,Pêcheries industrielles,5,LL,Longline,Palangre dérivante au-dessus de 1800 hameçons,Longline,Palangre,0,24,40,LOA,Length overall,11,PELAGIC
6,"TWN    ","TAIWAN,CHINA","TAIWAN,CHINE",2002,IND,Industrial Fishing,Pêcheries industrielles,5,LL,Longline,Palangre dérivante au-dessus de 1800 hameçons,Longline,Palangre,0,40,60,LOA,Length overall,297,PELAGIC
22,"IND    ",INDIA,INDE,2002,IND,Industrial Fishing,Pêcheries industrielles,5,LL,Longline,Palangre dérivante au-dessus de 1800 hameçons,Longline,Palangre,0,40,60,LOA,Length overall,1,PELAGIC
23,"IDN    ",INDONESIA,INDONÉSIE,2002,IND,Industrial Fishing,Pêcheries industrielles,5,LL,Longline,Palangre dérivante au-dessus de 1800 hameçons,Longline,Palangre,0,24,40,LOA,Length overall,1,PELAGIC
23,"IDN    ",INDONESIA,INDONÉSIE,2002,IND,Industrial Fishing,Pêcheries industrielles,5,LL,Longline,Palangre dérivante au-dessus de 1800 hameçons,Longline,Palangre,0,40,60,LOA,Length overall,5,PELAGIC
24,"IRN    ",IRAN ISLAMIC REP.,IRAN RÉP. ISLAMIQUE,2002,IND,Industrial Fishing,Pêcheries industrielles,5,LL,Longline,Palangre dérivante au-dessus de 1800 hameçons,Longline,Palangre,0,40,60,LOA,Length overall,1,PELAGIC
26,"JPN    ",JAPAN,JAPON,2002,IND,Industrial Fishing,Pêcheries industrielles,5,LL,Longline,Palangre dérivante au-dessus de 1800 hameçons,Longline,Palangre,0,24,40,LOA,Length overall,3,PELAGIC
26,"JPN    ",JAPAN,JAPON,2002,IND,Industrial Fishing,Pêcheries industrielles,5,LL,Longline,Palangre dérivante au-dessus de 1800 hameçons,Longline,Palangre,0,40,60,LOA,Length overall,225,PELAGIC
29,"KOR    ",KOREA REP.,CORÉE RÉP.,2002,IND,Industrial Fishing,Pêcheries industrielles,5,LL,Longline,Palangre dérivante au-dessus de 1800 hameçons,Longline,Palangre,0,40,60,LOA,Length overall,11,PELAGIC
37,"OMN    ",OMAN,OMAN,2002,IND,Industrial Fishing,Pêcheries industrielles,5,LL,Longline,Palangre dérivante au-dessus de 1800 hameçons,Longline,Palangre,0,40,60,LOA,Length overall,4,PELAGIC
39,"PHL    ",PHILIPPINES,PHILIPPINES,2002,IND,Industrial Fishing,Pêcheries industrielles,5,LL,Longline,Palangre dérivante au-dessus de 1800 hameçons,Longline,Palangre,0,40,60,LOA,Length overall,12,PELAGIC
43,"SYC    ",SEYCHELLES,SEYCHELLES,2002,IND,Industrial Fishing,Pêcheries industrielles,5,LL,Longline,Palangre dérivante au-dessus de 1800 hameçons,Longline,Palangre,0,24,40,LOA,Length overall,5,PELAGIC
43,"SYC    ",SEYCHELLES,SEYCHELLES,2002,IND,Industrial Fishing,Pêcheries industrielles,5,LL,Longline,Palangre dérivante au-dessus de 1800 hameçons,Longline,Palangre,0,40,60,LOA,Length overall,15,PELAGIC
49,"THA    ",THAILAND,THAÏLANDE,2002,IND,Industrial Fishing,Pêcheries industrielles,5,LL,Longline,Palangre dérivante au-dessus de 1800 hameçons,Longline,Palangre,0,40,60,LOA,Length overall,2,PELAGIC
57,"NEIFR  ",NEI.FROZEN,NCA.CONGELÉ,2002,IND,Industrial Fishing,Pêcheries industrielles,5,LL,Longline,Palangre dérivante au-dessus de 1800 hameçons,Longline,Palangre,0,24,40,LOA,Length overall,4,PELAGIC
57,"NEIFR  ",NEI.FROZEN,NCA.CONGELÉ,2002,IND,Industrial Fishing,Pêcheries industrielles,5,LL,Longline,Palangre dérivante au-dessus de 1800 hameçons,Longline,Palangre,0,40,60,LOA,Length overall,47,PELAGIC
57,"NEIFR  ",NEI.FROZEN,NCA.CONGELÉ,2002,IND,Industrial Fishing,Pêcheries industrielles,5,LL,Longline,Palangre dérivante au-dessus de 1800 hameçons,Longline,Palangre,0,60,80,LOA,Length overall,1,PELAGIC
22,"IND    ",INDIA,INDE,2002,IND,Industrial Fishing,Pêcheries industrielles,5,LLEX,Exploratory longline,Palangre de prospection,Longline,Palangre,0,24,40,LOA,Length overall,2,PELAGIC
22,"IND    ",INDIA,INDE,2002,IND,Industrial Fishing,Pêcheries industrielles,5,LLEX,Exploratory longline,Palangre de prospection,Longline,Palangre,0,40,60,LOA,Length overall,1,PELAGIC
1,"AUS    ",AUSTRALIA,AUSTRALIE,2002,IND,Industrial Fishing,Pêcheries industrielles,1,PS,Purse seine,Senne tournante aux thons,Purse Seine,Senne tournante,0,24,40,LOA,Length overall,7,PELAGIC
1,"AUS    ",AUSTRALIA,AUSTRALIE,2002,IND,Industrial Fishing,Pêcheries industrielles,1,PS,Purse seine,Senne tournante aux thons,Purse Seine,Senne tournante,0,40,60,LOA,Length overall,2,PELAGIC
13,"EUFRA  ",EU.FRANCE,UE.FRANCE,2002,IND,Industrial Fishing,Pêcheries industrielles,1,PS,Purse seine,Senne tournante aux thons,Purse Seine,Senne tournante,0,40,60,LOA,Length overall,1,PELAGIC
13,"EUFRA  ",EU.FRANCE,UE.FRANCE,2002,IND,Industrial Fishing,Pêcheries industrielles,1,PS,Purse seine,Senne tournante aux thons,Purse Seine,Senne tournante,0,60,80,LOA,Length overall,13,PELAGIC
13,"EUFRA  ",EU.FRANCE,UE.FRANCE,2002,IND,Industrial Fishing,Pêcheries industrielles,1,PS,Purse seine,Senne tournante aux thons,Purse Seine,Senne tournante,0,80,100,LOA,Length overall,2,PELAGIC
14,"EUMYT  ",EU.FRANCE.MAYOTTE,UE.FRANCE.MAYOTTE,2002,IND,Industrial Fishing,Pêcheries industrielles,1,PS,Purse seine,Senne tournante aux thons,Purse Seine,Senne tournante,0,60,80,LOA,Length overall,2,PELAGIC
19,"EUESP  ",EU.SPAIN,UE.ESPAGNE,2002,IND,Industrial Fishing,Pêcheries industrielles,1,PS,Purse seine,Senne tournante aux thons,Purse Seine,Senne tournante,0,60,80,LOA,Length overall,11,PELAGIC
19,"EUESP  ",EU.SPAIN,UE.ESPAGNE,2002,IND,Industrial Fishing,Pêcheries industrielles,1,PS,Purse seine,Senne tournante aux thons,Purse Seine,Senne tournante,0,80,100,LOA,Length overall,5,PELAGIC
19,"EUESP  ",EU.SPAIN,UE.ESPAGNE,2002,IND,Industrial Fishing,Pêcheries industrielles,1,PS,Purse seine,Senne tournante aux thons,Purse Seine,Senne tournante,0,100,120,LOA,Length overall,2,PELAGIC
23,"IDN    ",INDONESIA,INDONÉSIE,2002,IND,Industrial Fishing,Pêcheries industrielles,1,PS,Purse seine,Senne tournante aux thons,Purse Seine,Senne tournante,0,24,40,LOA,Length overall,1,PELAGIC
24,"IRN    ",IRAN ISLAMIC REP.,IRAN RÉP. ISLAMIQUE,2002,IND,Industrial Fishing,Pêcheries industrielles,1,PS,Purse seine,Senne tournante aux thons,Purse Seine,Senne tournante,0,40,60,LOA,Length overall,2,PELAGIC
24,"IRN    ",IRAN ISLAMIC REP.,IRAN RÉP. ISLAMIQUE,2002,IND,Industrial Fishing,Pêcheries industrielles,1,PS,Purse seine,Senne tournante aux thons,Purse Seine,Senne tournante,0,60,80,LOA,Length overall,3,PELAGIC
26,"JPN    ",JAPAN,JAPON,2002,IND,Industrial Fishing,Pêcheries industrielles,1,PS,Purse seine,Senne tournante aux thons,Purse Seine,Senne tournante,0,60,80,LOA,Length overall,1,PELAGIC
43,"SYC    ",SEYCHELLES,SEYCHELLES,2002,IND,Industrial Fishing,Pêcheries industrielles,1,PS,Purse seine,Senne tournante aux thons,Purse Seine,Senne tournante,0,60,80,LOA,Length overall,7,PELAGIC
58,"NEIPS  ",NEI.OTHER,NCA.AUTRE,2002,IND,Industrial Fishing,Pêcheries industrielles,1,PS,Purse seine,Senne tournante aux thons,Purse Seine,Senne tournante,0,60,80,LOA,Length overall,3,PELAGIC
58,"NEIPS  ",NEI.OTHER,NCA.AUTRE,2002,IND,Industrial Fishing,Pêcheries industrielles,1,PS,Purse seine,Senne tournante aux thons,Purse Seine,Senne tournante,0,100,120,LOA,Length overall,2,PELAGIC
59,"NEISU  ",NEI.EXSOVIET,NCA.EXSOVIÉTIQUE,2002,IND,Industrial Fishing,Pêcheries industrielles,1,PS,Purse seine,Senne tournante aux thons,Purse Seine,Senne tournante,0,60,80,LOA,Length overall,1,PELAGIC
59,"NEISU  ",NEI.EXSOVIET,NCA.EXSOVIÉTIQUE,2002,IND,Industrial Fishing,Pêcheries industrielles,1,PS,Purse seine,Senne tournante aux thons,Purse Seine,Senne tournante,0,80,100,LOA,Length overall,8,PELAGIC
60,"EUITA  ",EU.ITALY,EU.ITALIE,2002,IND,Industrial Fishing,Pêcheries industrielles,1,PS,Purse seine,Senne tournante aux thons,Purse Seine,Senne tournante,0,80,100,LOA,Length overall,1,NULL
60,"EUITA  ",EU.ITALY,EU.ITALIE,2002,IND,Industrial Fishing,Pêcheries industrielles,1,PS,Purse seine,Senne tournante aux thons,Purse Seine,Senne tournante,0,80,100,LOA,Length overall,1,PELAGIC
49,"THA    ",THAILAND,THAÏLANDE,2002,ART,Artisanal Fishing,Pêcheries artisanales,1,PSS,Small purse seine,Senneur côtier,Purse Seine,Senne tournante,0,14,25,LOA,Length overall,327,"ALL    "
58,"NEIPS  ",NEI.OTHER,NCA.AUTRE,2002,IND,Industrial Fishing,Pêcheries industrielles,1,SUPP,Supply vessel,Bateau auxiliaire,Purse Seine,Senne tournante,0,24,40,LOA,Length overall,7,PELAGIC
58,"NEIPS  ",NEI.OTHER,NCA.AUTRE,2002,IND,Industrial Fishing,Pêcheries industrielles,1,SUPP,Supply vessel,Bateau auxiliaire,Purse Seine,Senne tournante,0,40,60,LOA,Length overall,1,PELAGIC
1,"AUS    ",AUSTRALIA,AUSTRALIE,2002,IND,Industrial Fishing,Pêcheries industrielles,9,TRAW,Trawl,Chaluts,Other,Autres,0,10,40,LOA,Length overall,20,COASTAL
49,"THA    ",THAILAND,THAÏLANDE,2002,ART,Artisanal Fishing,Pêcheries artisanales,9,TRAW,Trawl,Chaluts,Other,Autres,0,14,25,LOA,Length overall,814,COASTAL
33,"MDV    ",MALDIVES,MALDIVES,2002,ART,Artisanal Fishing,Pêcheries artisanales,6,TROL,Troll line,Ligne de traîne,Line,Lignes,0,5,10,LOA,Length overall,68,PELAGIC
27,"JOR    ",JORDAN,JORDANIE,2002,ART,Artisanal Fishing,Pêcheries artisanales,9,UNCL,Unclassified,Non classé,Other,Autres,1,2,10,LOA,Length overall,57,COASTAL
41,"SAU    ",SAUDI ARABIA,ARABIE SAOUDITE,2002,ART,Artisanal Fishing,Pêcheries artisanales,9,UNCL,Unclassified,Non classé,Other,Autres,1,5,25,LOA,Length overall,10785,COASTAL
46,"LKA    ",SRI LANKA,SRI LANKA,2002,ART,Artisanal Fishing,Pêcheries artisanales,9,UNCL,Unclassified,Non classé,Other,Autres,1,1,8,LOA,Length overall,24633,"ALL    "
46,"LKA    ",SRI LANKA,SRI LANKA,2002,ART,Artisanal Fishing,Pêcheries artisanales,9,UNCL,Unclassified,Non classé,Other,Autres,1,8,9,LOA,Length overall,2390,"ALL    "
23,"IDN    ",INDONESIA,INDONÉSIE,2003,ART,Artisanal Fishing,Pêcheries artisanales,3,BB,Baitboat,Canne,Baitboat,Canne,0,30,50,GT,Gross Tonnage,6,PELAGIC
23,"IDN    ",INDONESIA,INDONÉSIE,2003,ART,Artisanal Fishing,Pêcheries artisanales,3,BB,Baitboat,Canne,Baitboat,Canne,0,50,150,GT,Gross Tonnage,1,PELAGIC
33,"MDV    ",MALDIVES,MALDIVES,2003,ART,Artisanal Fishing,Pêcheries artisanales,3,BB,Baitboat,Canne,Baitboat,Canne,0,10,15,LOA,Length overall,1219,PELAGIC
1,"AUS    ",AUSTRALIA,AUSTRALIE,2003,IND,Industrial Fishing,Pêcheries industrielles,5,ELL,Longline targeting swordfish,Palangre à espadon,Longline,Palangre,0,15,24,LOA,Length overall,15,PELAGIC
1,"AUS    ",AUSTRALIA,AUSTRALIE,2003,IND,Industrial Fishing,Pêcheries industrielles,5,ELL,Longline targeting swordfish,Palangre à espadon,Longline,Palangre,0,24,40,LOA,Length overall,19,PELAGIC
1,"AUS    ",AUSTRALIA,AUSTRALIE,2003,IND,Industrial Fishing,Pêcheries industrielles,5,ELL,Longline targeting swordfish,Palangre à espadon,Longline,Palangre,0,40,60,LOA,Length overall,2,PELAGIC
14,"EUMYT  ",EU.FRANCE.MAYOTTE,UE.FRANCE.MAYOTTE,2003,IND,Industrial Fishing,Pêcheries industrielles,5,ELL,Longline targeting swordfish,Palangre à espadon,Longline,Palangre,0,0,15,LOA,Length overall,2,PELAGIC
15,"EUREU  ",EU.FRANCE.REUNION,UE.FRANCE.RÉUNION,2003,IND,Industrial Fishing,Pêcheries industrielles,5,ELL,Longline targeting swordfish,Palangre à espadon,Longline,Palangre,0,0,15,LOA,Length overall,24,PELAGIC
15,"EUREU  ",EU.FRANCE.REUNION,UE.FRANCE.RÉUNION,2003,IND,Industrial Fishing,Pêcheries industrielles,5,ELL,Longline targeting swordfish,Palangre à espadon,Longline,Palangre,0,15,24,LOA,Length overall,6,PELAGIC
15,"EUREU  ",EU.FRANCE.REUNION,UE.FRANCE.RÉUNION,2003,IND,Industrial Fishing,Pêcheries industrielles,5,ELL,Longline targeting swordfish,Palangre à espadon,Longline,Palangre,0,24,40,LOA,Length overall,3,PELAGIC
18,"EUPRT  ",EU.PORTUGAL,UE.PORTUGAL,2003,IND,Industrial Fishing,Pêcheries industrielles,5,ELL,Longline targeting swordfish,Palangre à espadon,Longline,Palangre,0,40,60,LOA,Length overall,12,PELAGIC
19,"EUESP  ",EU.SPAIN,UE.ESPAGNE,2003,IND,Industrial Fishing,Pêcheries industrielles,5,ELL,Longline targeting swordfish,Palangre à espadon,Longline,Palangre,0,24,40,LOA,Length overall,9,PELAGIC
19,"EUESP  ",EU.SPAIN,UE.ESPAGNE,2003,IND,Industrial Fishing,Pêcheries industrielles,5,ELL,Longline targeting swordfish,Palangre à espadon,Longline,Palangre,0,40,60,LOA,Length overall,6,PELAGIC
21,"GIN    ",GUINEA,GUINÉE,2003,IND,Industrial Fishing,Pêcheries industrielles,5,ELL,Longline targeting swordfish,Palangre à espadon,Longline,Palangre,0,40,60,LOA,Length overall,3,PELAGIC
31,"MDG    ",MADAGASCAR,MADAGASCAR,2003,IND,Industrial Fishing,Pêcheries industrielles,5,ELL,Longline targeting swordfish,Palangre à espadon,Longline,Palangre,0,15,24,LOA,Length overall,1,PELAGIC
34,"MUS    ",MAURITIUS,MAURICE,2003,IND,Industrial Fishing,Pêcheries industrielles,5,ELL,Longline targeting swordfish,Palangre à espadon,Longline,Palangre,0,0,15,LOA,Length overall,3,PELAGIC
42,"SEN    ",SENEGAL,SÉNÉGAL,2003,IND,Industrial Fishing,Pêcheries industrielles,5,ELL,Longline targeting swordfish,Palangre à espadon,Longline,Palangre,0,40,60,LOA,Length overall,1,PELAGIC
43,"SYC    ",SEYCHELLES,SEYCHELLES,2003,IND,Industrial Fishing,Pêcheries industrielles,5,ELL,Longline targeting swordfish,Palangre à espadon,Longline,Palangre,0,0,15,LOA,Length overall,1,PELAGIC
43,"SYC    ",SEYCHELLES,SEYCHELLES,2003,IND,Industrial Fishing,Pêcheries industrielles,5,ELL,Longline targeting swordfish,Palangre à espadon,Longline,Palangre,0,15,24,LOA,Length overall,5,PELAGIC
44,"ZAF    ",SOUTH AFRICA,AFRIQUE DU SUD,2003,IND,Industrial Fishing,Pêcheries industrielles,5,ELL,Longline targeting swordfish,Palangre à espadon,Longline,Palangre,0,15,24,LOA,Length overall,11,PELAGIC
44,"ZAF    ",SOUTH AFRICA,AFRIQUE DU SUD,2003,IND,Industrial Fishing,Pêcheries industrielles,5,ELL,Longline targeting swordfish,Palangre à espadon,Longline,Palangre,0,24,40,LOA,Length overall,15,PELAGIC
57,"NEIFR  ",NEI.FROZEN,NCA.CONGELÉ,2003,IND,Industrial Fishing,Pêcheries industrielles,5,ELL,Longline targeting swordfish,Palangre à espadon,Longline,Palangre,0,24,40,LOA,Length overall,4,PELAGIC
57,"NEIFR  ",NEI.FROZEN,NCA.CONGELÉ,2003,IND,Industrial Fishing,Pêcheries industrielles,5,ELL,Longline targeting swordfish,Palangre à espadon,Longline,Palangre,0,40,60,LOA,Length overall,1,PELAGIC
4,"BLZ    ",BELIZE,BELIZE,2003,IND,Industrial Fishing,Pêcheries industrielles,5,FLL,Longline Fresh,Palangre Frais,Longline,Palangre,0,24,40,LOA,Length overall,1,PELAGIC
5,"CHN    ",CHINA,CHINE,2003,IND,Industrial Fishing,Pêcheries industrielles,5,FLL,Longline Fresh,Palangre Frais,Longline,Palangre,0,24,40,LOA,Length overall,33,PELAGIC
6,"TWN    ","TAIWAN,CHINA","TAIWAN,CHINE",2003,IND,Industrial Fishing,Pêcheries industrielles,5,FLL,Longline Fresh,Palangre Frais,Longline,Palangre,0,15,24,LOA,Length overall,123,PELAGIC
6,"TWN    ","TAIWAN,CHINA","TAIWAN,CHINE",2003,IND,Industrial Fishing,Pêcheries industrielles,5,FLL,Longline Fresh,Palangre Frais,Longline,Palangre,0,24,40,LOA,Length overall,66,PELAGIC
23,"IDN    ",INDONESIA,INDONÉSIE,2003,IND,Industrial Fishing,Pêcheries industrielles,5,FLL,Longline Fresh,Palangre Frais,Longline,Palangre,0,0,15,LOA,Length overall,59,PELAGIC
23,"IDN    ",INDONESIA,INDONÉSIE,2003,IND,Industrial Fishing,Pêcheries industrielles,5,FLL,Longline Fresh,Palangre Frais,Longline,Palangre,0,15,24,LOA,Length overall,939,PELAGIC
23,"IDN    ",INDONESIA,INDONÉSIE,2003,IND,Industrial Fishing,Pêcheries industrielles,5,FLL,Longline Fresh,Palangre Frais,Longline,Palangre,0,24,40,LOA,Length overall,176,PELAGIC
32,"MYS    ",MALAYSIA,MALAISIE,2003,IND,Industrial Fishing,Pêcheries industrielles,5,FLL,Longline Fresh,Palangre Frais,Longline,Palangre,0,15,24,LOA,Length overall,1,PELAGIC
32,"MYS    ",MALAYSIA,MALAISIE,2003,IND,Industrial Fishing,Pêcheries industrielles,5,FLL,Longline Fresh,Palangre Frais,Longline,Palangre,0,24,40,LOA,Length overall,8,PELAGIC
33,"MDV    ",MALDIVES,MALDIVES,2003,IND,Industrial Fishing,Pêcheries industrielles,5,FLL,Longline Fresh,Palangre Frais,Longline,Palangre,0,15,24,LOA,Length overall,4,PELAGIC
37,"OMN    ",OMAN,OMAN,2003,IND,Industrial Fishing,Pêcheries industrielles,5,FLL,Longline Fresh,Palangre Frais,Longline,Palangre,0,24,40,LOA,Length overall,2,PELAGIC
55,"NEICE  ",NEI.FRESH,NCA.FRAIS,2003,IND,Industrial Fishing,Pêcheries industrielles,5,FLL,Longline Fresh,Palangre Frais,Longline,Palangre,0,24,40,LOA,Length overall,3,PELAGIC
46,"LKA    ",SRI LANKA,SRI LANKA,2003,ART,Artisanal Fishing,Pêcheries artisanales,4,G/L,Gillnet and Longline combination,Filet maillant et Palangre,Gillnet,Filet maillant,1,9,18,LOA,Length overall,1530,PELAGIC
37,"OMN    ",OMAN,OMAN,2003,ART,Artisanal Fishing,Pêcheries artisanales,4,GIHA,Gillnet and hand line,Filet maillant et Ligne à main,Gillnet,Filet maillant,1,1,10,LOA,Length overall,13306,COASTAL
1,"AUS    ",AUSTRALIA,AUSTRALIE,2003,ART,Artisanal Fishing,Pêcheries artisanales,4,GILL,Gillnet,Filet maillant,Gillnet,Filet maillant,0,4,20,LOA,Length overall,13,COASTAL
2,"BHR    ",BAHRAIN,BAHREÏN,2003,ART,Artisanal Fishing,Pêcheries artisanales,4,GILL,Gillnet,Filet maillant,Gillnet,Filet maillant,0,4,20,LOA,Length overall,157,COASTAL
24,"IRN    ",IRAN ISLAMIC REP.,IRAN RÉP. ISLAMIQUE,2003,ART,Artisanal Fishing,Pêcheries artisanales,4,GILL,Gillnet,Filet maillant,Gillnet,Filet maillant,0,0,2,GRT,Gross Registered Tonnage,4202,"ALL    "
24,"IRN    ",IRAN ISLAMIC REP.,IRAN RÉP. ISLAMIQUE,2003,ART,Artisanal Fishing,Pêcheries artisanales,4,GILL,Gillnet,Filet maillant,Gillnet,Filet maillant,0,3,20,GRT,Gross Registered Tonnage,684,"ALL    "
24,"IRN    ",IRAN ISLAMIC REP.,IRAN RÉP. ISLAMIQUE,2003,ART,Artisanal Fishing,Pêcheries artisanales,4,GILL,Gillnet,Filet maillant,Gillnet,Filet maillant,0,21,50,GRT,Gross Registered Tonnage,791,"ALL    "
24,"IRN    ",IRAN ISLAMIC REP.,IRAN RÉP. ISLAMIQUE,2003,ART,Artisanal Fishing,Pêcheries artisanales,4,GILL,Gillnet,Filet maillant,Gillnet,Filet maillant,0,51,100,GRT,Gross Registered Tonnage,975,"ALL    "
37,"OMN    ",OMAN,OMAN,2003,ART,Artisanal Fishing,Pêcheries artisanales,4,GILL,Gillnet,Filet maillant,Gillnet,Filet maillant,0,10,24,LOA,Length overall,525,COASTAL
38,"PAK    ",PAKISTAN,PAKISTAN,2003,ART,Artisanal Fishing,Pêcheries artisanales,4,GILL,Gillnet,Filet maillant,Gillnet,Filet maillant,0,35,50,GRT,Gross Registered Tonnage,2289,"ALL    "
40,"QAT    ",QATAR,QATAR,2003,ART,Artisanal Fishing,Pêcheries artisanales,4,GILL,Gillnet,Filet maillant,Gillnet,Filet maillant,0,10,24,LOA,Length overall,515,COASTAL
49,"THA    ",THAILAND,THAÏLANDE,2003,ART,Artisanal Fishing,Pêcheries artisanales,4,GILL,Gillnet,Filet maillant,Gillnet,Filet maillant,0,14,25,LOA,Length overall,106,COASTAL
1,"AUS    ",AUSTRALIA,AUSTRALIE,2003,ART,Artisanal Fishing,Pêcheries artisanales,6,HAND,Hand line,Ligne à main,Line,Lignes,0,4,20,LOA,Length overall,6,COASTAL
33,"MDV    ",MALDIVES,MALDIVES,2003,ART,Artisanal Fishing,Pêcheries artisanales,6,HAND,Hand line,Ligne à main,Line,Lignes,0,4,6,LOA,Length overall,18,PELAGIC
43,"SYC    ",SEYCHELLES,SEYCHELLES,2003,ART,Artisanal Fishing,Pêcheries artisanales,6,HAND,Hand line,Ligne à main,Line,Lignes,0,5,10,LOA,Length overall,209,PELAGIC
43,"SYC    ",SEYCHELLES,SEYCHELLES,2003,ART,Artisanal Fishing,Pêcheries artisanales,6,HAND,Hand line,Ligne à main,Line,Lignes,0,7,12,LOA,Length overall,96,PELAGIC
43,"SYC    ",SEYCHELLES,SEYCHELLES,2003,ART,Artisanal Fishing,Pêcheries artisanales,6,HAND,Hand line,Ligne à main,Line,Lignes,0,9,26,LOA,Length overall,12,PELAGIC
1,"AUS    ",AUSTRALIA,AUSTRALIE,2003,ART,Artisanal Fishing,Pêcheries artisanales,6,HATR,Hand line and Troll line,Ligne à main et Ligne de traîne,Line,Lignes,1,4,20,LOA,Length overall,122,COASTAL
2,"BHR    ",BAHRAIN,BAHREÏN,2003,ART,Artisanal Fishing,Pêcheries artisanales,6,HATR,Hand line and Troll line,Ligne à main et Ligne de traîne,Line,Lignes,1,4,20,LOA,Length overall,874,COASTAL
15,"EUREU  ",EU.FRANCE.REUNION,UE.FRANCE.RÉUNION,2003,ART,Artisanal Fishing,Pêcheries artisanales,6,HATR,Hand line and Troll line,Ligne à main et Ligne de traîne,Line,Lignes,1,5,14,LOA,Length overall,277,PELAGIC
4,"BLZ    ",BELIZE,BELIZE,2003,IND,Industrial Fishing,Pêcheries industrielles,5,LL,Longline,Palangre dérivante au-dessus de 1800 hameçons,Longline,Palangre,0,40,60,LOA,Length overall,6,PELAGIC
4,"BLZ    ",BELIZE,BELIZE,2003,IND,Industrial Fishing,Pêcheries industrielles,5,LL,Longline,Palangre dérivante au-dessus de 1800 hameçons,Longline,Palangre,0,60,80,LOA,Length overall,1,PELAGIC
5,"CHN    ",CHINA,CHINE,2003,IND,Industrial Fishing,Pêcheries industrielles,5,LL,Longline,Palangre dérivante au-dessus de 1800 hameçons,Longline,Palangre,0,40,60,LOA,Length overall,29,PELAGIC
6,"TWN    ","TAIWAN,CHINA","TAIWAN,CHINE",2003,IND,Industrial Fishing,Pêcheries industrielles,5,LL,Longline,Palangre dérivante au-dessus de 1800 hameçons,Longline,Palangre,0,24,40,LOA,Length overall,11,PELAGIC
6,"TWN    ","TAIWAN,CHINA","TAIWAN,CHINE",2003,IND,Industrial Fishing,Pêcheries industrielles,5,LL,Longline,Palangre dérivante au-dessus de 1800 hameçons,Longline,Palangre,0,40,60,LOA,Length overall,330,PELAGIC
23,"IDN    ",INDONESIA,INDONÉSIE,2003,IND,Industrial Fishing,Pêcheries industrielles,5,LL,Longline,Palangre dérivante au-dessus de 1800 hameçons,Longline,Palangre,0,24,40,LOA,Length overall,2,PELAGIC
23,"IDN    ",INDONESIA,INDONÉSIE,2003,IND,Industrial Fishing,Pêcheries industrielles,5,LL,Longline,Palangre dérivante au-dessus de 1800 hameçons,Longline,Palangre,0,40,60,LOA,Length overall,11,PELAGIC
26,"JPN    ",JAPAN,JAPON,2003,IND,Industrial Fishing,Pêcheries industrielles,5,LL,Longline,Palangre dérivante au-dessus de 1800 hameçons,Longline,Palangre,0,24,40,LOA,Length overall,4,PELAGIC
26,"JPN    ",JAPAN,JAPON,2003,IND,Industrial Fishing,Pêcheries industrielles,5,LL,Longline,Palangre dérivante au-dessus de 1800 hameçons,Longline,Palangre,0,40,60,LOA,Length overall,167,PELAGIC
29,"KOR    ",KOREA REP.,CORÉE RÉP.,2003,IND,Industrial Fishing,Pêcheries industrielles,5,LL,Longline,Palangre dérivante au-dessus de 1800 hameçons,Longline,Palangre,0,40,60,LOA,Length overall,25,PELAGIC
34,"MUS    ",MAURITIUS,MAURICE,2003,IND,Industrial Fishing,Pêcheries industrielles,5,LL,Longline,Palangre dérivante au-dessus de 1800 hameçons,Longline,Palangre,0,15,24,LOA,Length overall,1,PELAGIC
34,"MUS    ",MAURITIUS,MAURICE,2003,IND,Industrial Fishing,Pêcheries industrielles,5,LL,Longline,Palangre dérivante au-dessus de 1800 hameçons,Longline,Palangre,0,24,40,LOA,Length overall,1,PELAGIC
34,"MUS    ",MAURITIUS,MAURICE,2003,IND,Industrial Fishing,Pêcheries industrielles,5,LL,Longline,Palangre dérivante au-dessus de 1800 hameçons,Longline,Palangre,0,40,60,LOA,Length overall,2,PELAGIC
37,"OMN    ",OMAN,OMAN,2003,IND,Industrial Fishing,Pêcheries industrielles,5,LL,Longline,Palangre dérivante au-dessus de 1800 hameçons,Longline,Palangre,0,40,60,LOA,Length overall,3,PELAGIC
39,"PHL    ",PHILIPPINES,PHILIPPINES,2003,IND,Industrial Fishing,Pêcheries industrielles,5,LL,Longline,Palangre dérivante au-dessus de 1800 hameçons,Longline,Palangre,0,40,60,LOA,Length overall,25,PELAGIC
43,"SYC    ",SEYCHELLES,SEYCHELLES,2003,IND,Industrial Fishing,Pêcheries industrielles,5,LL,Longline,Palangre dérivante au-dessus de 1800 hameçons,Longline,Palangre,0,24,40,LOA,Length overall,3,PELAGIC
43,"SYC    ",SEYCHELLES,SEYCHELLES,2003,IND,Industrial Fishing,Pêcheries industrielles,5,LL,Longline,Palangre dérivante au-dessus de 1800 hameçons,Longline,Palangre,0,40,60,LOA,Length overall,39,PELAGIC
49,"THA    ",THAILAND,THAÏLANDE,2003,IND,Industrial Fishing,Pêcheries industrielles,5,LL,Longline,Palangre dérivante au-dessus de 1800 hameçons,Longline,Palangre,0,40,60,LOA,Length overall,2,PELAGIC
57,"NEIFR  ",NEI.FROZEN,NCA.CONGELÉ,2003,IND,Industrial Fishing,Pêcheries industrielles,5,LL,Longline,Palangre dérivante au-dessus de 1800 hameçons,Longline,Palangre,0,24,40,LOA,Length overall,4,PELAGIC
57,"NEIFR  ",NEI.FROZEN,NCA.CONGELÉ,2003,IND,Industrial Fishing,Pêcheries industrielles,5,LL,Longline,Palangre dérivante au-dessus de 1800 hameçons,Longline,Palangre,0,40,60,LOA,Length overall,35,PELAGIC
57,"NEIFR  ",NEI.FROZEN,NCA.CONGELÉ,2003,IND,Industrial Fishing,Pêcheries industrielles,5,LL,Longline,Palangre dérivante au-dessus de 1800 hameçons,Longline,Palangre,0,60,80,LOA,Length overall,1,PELAGIC
22,"IND    ",INDIA,INDE,2003,IND,Industrial Fishing,Pêcheries industrielles,5,LLEX,Exploratory longline,Palangre de prospection,Longline,Palangre,0,24,40,LOA,Length overall,2,PELAGIC
1,"AUS    ",AUSTRALIA,AUSTRALIE,2003,IND,Industrial Fishing,Pêcheries industrielles,1,PS,Purse seine,Senne tournante aux thons,Purse Seine,Senne tournante,0,24,40,LOA,Length overall,5,PELAGIC
1,"AUS    ",AUSTRALIA,AUSTRALIE,2003,IND,Industrial Fishing,Pêcheries industrielles,1,PS,Purse seine,Senne tournante aux thons,Purse Seine,Senne tournante,0,40,60,LOA,Length overall,2,PELAGIC
13,"EUFRA  ",EU.FRANCE,UE.FRANCE,2003,IND,Industrial Fishing,Pêcheries industrielles,1,PS,Purse seine,Senne tournante aux thons,Purse Seine,Senne tournante,0,60,80,LOA,Length overall,12,PELAGIC
13,"EUFRA  ",EU.FRANCE,UE.FRANCE,2003,IND,Industrial Fishing,Pêcheries industrielles,1,PS,Purse seine,Senne tournante aux thons,Purse Seine,Senne tournante,0,80,100,LOA,Length overall,2,PELAGIC
19,"EUESP  ",EU.SPAIN,UE.ESPAGNE,2003,IND,Industrial Fishing,Pêcheries industrielles,1,PS,Purse seine,Senne tournante aux thons,Purse Seine,Senne tournante,0,60,80,LOA,Length overall,10,PELAGIC
19,"EUESP  ",EU.SPAIN,UE.ESPAGNE,2003,IND,Industrial Fishing,Pêcheries industrielles,1,PS,Purse seine,Senne tournante aux thons,Purse Seine,Senne tournante,0,80,100,LOA,Length overall,5,PELAGIC
19,"EUESP  ",EU.SPAIN,UE.ESPAGNE,2003,IND,Industrial Fishing,Pêcheries industrielles,1,PS,Purse seine,Senne tournante aux thons,Purse Seine,Senne tournante,0,100,120,LOA,Length overall,3,PELAGIC
23,"IDN    ",INDONESIA,INDONÉSIE,2003,IND,Industrial Fishing,Pêcheries industrielles,1,PS,Purse seine,Senne tournante aux thons,Purse Seine,Senne tournante,0,24,40,LOA,Length overall,3,PELAGIC
23,"IDN    ",INDONESIA,INDONÉSIE,2003,IND,Industrial Fishing,Pêcheries industrielles,1,PS,Purse seine,Senne tournante aux thons,Purse Seine,Senne tournante,0,40,60,LOA,Length overall,1,PELAGIC
24,"IRN    ",IRAN ISLAMIC REP.,IRAN RÉP. ISLAMIQUE,2003,IND,Industrial Fishing,Pêcheries industrielles,1,PS,Purse seine,Senne tournante aux thons,Purse Seine,Senne tournante,0,40,60,LOA,Length overall,2,PELAGIC
24,"IRN    ",IRAN ISLAMIC REP.,IRAN RÉP. ISLAMIQUE,2003,IND,Industrial Fishing,Pêcheries industrielles,1,PS,Purse seine,Senne tournante aux thons,Purse Seine,Senne tournante,0,60,80,LOA,Length overall,3,PELAGIC
26,"JPN    ",JAPAN,JAPON,2003,IND,Industrial Fishing,Pêcheries industrielles,1,PS,Purse seine,Senne tournante aux thons,Purse Seine,Senne tournante,0,60,80,LOA,Length overall,1,PELAGIC
43,"SYC    ",SEYCHELLES,SEYCHELLES,2003,IND,Industrial Fishing,Pêcheries industrielles,1,PS,Purse seine,Senne tournante aux thons,Purse Seine,Senne tournante,0,60,80,LOA,Length overall,10,PELAGIC
43,"SYC    ",SEYCHELLES,SEYCHELLES,2003,IND,Industrial Fishing,Pêcheries industrielles,1,PS,Purse seine,Senne tournante aux thons,Purse Seine,Senne tournante,0,100,120,LOA,Length overall,1,PELAGIC
58,"NEIPS  ",NEI.OTHER,NCA.AUTRE,2003,IND,Industrial Fishing,Pêcheries industrielles,1,PS,Purse seine,Senne tournante aux thons,Purse Seine,Senne tournante,0,60,80,LOA,Length overall,1,PELAGIC
58,"NEIPS  ",NEI.OTHER,NCA.AUTRE,2003,IND,Industrial Fishing,Pêcheries industrielles,1,PS,Purse seine,Senne tournante aux thons,Purse Seine,Senne tournante,0,100,120,LOA,Length overall,2,PELAGIC
59,"NEISU  ",NEI.EXSOVIET,NCA.EXSOVIÉTIQUE,2003,IND,Industrial Fishing,Pêcheries industrielles,1,PS,Purse seine,Senne tournante aux thons,Purse Seine,Senne tournante,0,60,80,LOA,Length overall,1,PELAGIC
59,"NEISU  ",NEI.EXSOVIET,NCA.EXSOVIÉTIQUE,2003,IND,Industrial Fishing,Pêcheries industrielles,1,PS,Purse seine,Senne tournante aux thons,Purse Seine,Senne tournante,0,80,100,LOA,Length overall,7,PELAGIC
60,"EUITA  ",EU.ITALY,EU.ITALIE,2003,IND,Industrial Fishing,Pêcheries industrielles,1,PS,Purse seine,Senne tournante aux thons,Purse Seine,Senne tournante,0,80,100,LOA,Length overall,1,NULL
60,"EUITA  ",EU.ITALY,EU.ITALIE,2003,IND,Industrial Fishing,Pêcheries industrielles,1,PS,Purse seine,Senne tournante aux thons,Purse Seine,Senne tournante,0,80,100,LOA,Length overall,1,PELAGIC
49,"THA    ",THAILAND,THAÏLANDE,2003,ART,Artisanal Fishing,Pêcheries artisanales,1,PSS,Small purse seine,Senneur côtier,Purse Seine,Senne tournante,0,14,25,LOA,Length overall,342,"ALL    "
58,"NEIPS  ",NEI.OTHER,NCA.AUTRE,2003,IND,Industrial Fishing,Pêcheries industrielles,1,SUPP,Supply vessel,Bateau auxiliaire,Purse Seine,Senne tournante,0,24,40,LOA,Length overall,7,PELAGIC
58,"NEIPS  ",NEI.OTHER,NCA.AUTRE,2003,IND,Industrial Fishing,Pêcheries industrielles,1,SUPP,Supply vessel,Bateau auxiliaire,Purse Seine,Senne tournante,0,40,60,LOA,Length overall,1,PELAGIC
1,"AUS    ",AUSTRALIA,AUSTRALIE,2003,IND,Industrial Fishing,Pêcheries industrielles,9,TRAW,Trawl,Chaluts,Other,Autres,0,10,40,LOA,Length overall,7,COASTAL
49,"THA    ",THAILAND,THAÏLANDE,2003,ART,Artisanal Fishing,Pêcheries artisanales,9,TRAW,Trawl,Chaluts,Other,Autres,0,14,25,LOA,Length overall,760,COASTAL
33,"MDV    ",MALDIVES,MALDIVES,2003,ART,Artisanal Fishing,Pêcheries artisanales,6,TROL,Troll line,Ligne de traîne,Line,Lignes,0,5,10,LOA,Length overall,50,PELAGIC
27,"JOR    ",JORDAN,JORDANIE,2003,ART,Artisanal Fishing,Pêcheries artisanales,9,UNCL,Unclassified,Non classé,Other,Autres,1,2,10,LOA,Length overall,57,COASTAL
41,"SAU    ",SAUDI ARABIA,ARABIE SAOUDITE,2003,ART,Artisanal Fishing,Pêcheries artisanales,9,UNCL,Unclassified,Non classé,Other,Autres,1,5,25,LOA,Length overall,11747,COASTAL
46,"LKA    ",SRI LANKA,SRI LANKA,2003,ART,Artisanal Fishing,Pêcheries artisanales,9,UNCL,Unclassified,Non classé,Other,Autres,1,1,8,LOA,Length overall,26060,"ALL    "
46,"LKA    ",SRI LANKA,SRI LANKA,2003,ART,Artisanal Fishing,Pêcheries artisanales,9,UNCL,Unclassified,Non classé,Other,Autres,1,8,9,LOA,Length overall,2104,"ALL    "
23,"IDN    ",INDONESIA,INDONÉSIE,2004,ART,Artisanal Fishing,Pêcheries artisanales,3,BB,Baitboat,Canne,Baitboat,Canne,0,30,50,GT,Gross Tonnage,6,PELAGIC
23,"IDN    ",INDONESIA,INDONÉSIE,2004,ART,Artisanal Fishing,Pêcheries artisanales,3,BB,Baitboat,Canne,Baitboat,Canne,0,50,150,GT,Gross Tonnage,13,PELAGIC
33,"MDV    ",MALDIVES,MALDIVES,2004,ART,Artisanal Fishing,Pêcheries artisanales,3,BB,Baitboat,Canne,Baitboat,Canne,0,10,15,LOA,Length overall,1120,PELAGIC
1,"AUS    ",AUSTRALIA,AUSTRALIE,2004,IND,Industrial Fishing,Pêcheries industrielles,5,ELL,Longline targeting swordfish,Palangre à espadon,Longline,Palangre,0,15,24,LOA,Length overall,5,PELAGIC
1,"AUS    ",AUSTRALIA,AUSTRALIE,2004,IND,Industrial Fishing,Pêcheries industrielles,5,ELL,Longline targeting swordfish,Palangre à espadon,Longline,Palangre,0,24,40,LOA,Length overall,14,PELAGIC
1,"AUS    ",AUSTRALIA,AUSTRALIE,2004,IND,Industrial Fishing,Pêcheries industrielles,5,ELL,Longline targeting swordfish,Palangre à espadon,Longline,Palangre,0,40,60,LOA,Length overall,3,PELAGIC
14,"EUMYT  ",EU.FRANCE.MAYOTTE,UE.FRANCE.MAYOTTE,2004,IND,Industrial Fishing,Pêcheries industrielles,5,ELL,Longline targeting swordfish,Palangre à espadon,Longline,Palangre,0,0,15,LOA,Length overall,1,PELAGIC
15,"EUREU  ",EU.FRANCE.REUNION,UE.FRANCE.RÉUNION,2004,IND,Industrial Fishing,Pêcheries industrielles,5,ELL,Longline targeting swordfish,Palangre à espadon,Longline,Palangre,0,0,15,LOA,Length overall,24,PELAGIC
15,"EUREU  ",EU.FRANCE.REUNION,UE.FRANCE.RÉUNION,2004,IND,Industrial Fishing,Pêcheries industrielles,5,ELL,Longline targeting swordfish,Palangre à espadon,Longline,Palangre,0,15,24,LOA,Length overall,7,PELAGIC
15,"EUREU  ",EU.FRANCE.REUNION,UE.FRANCE.RÉUNION,2004,IND,Industrial Fishing,Pêcheries industrielles,5,ELL,Longline targeting swordfish,Palangre à espadon,Longline,Palangre,0,24,40,LOA,Length overall,3,PELAGIC
18,"EUPRT  ",EU.PORTUGAL,UE.PORTUGAL,2004,IND,Industrial Fishing,Pêcheries industrielles,5,ELL,Longline targeting swordfish,Palangre à espadon,Longline,Palangre,0,40,60,LOA,Length overall,12,PELAGIC
19,"EUESP  ",EU.SPAIN,UE.ESPAGNE,2004,IND,Industrial Fishing,Pêcheries industrielles,5,ELL,Longline targeting swordfish,Palangre à espadon,Longline,Palangre,0,24,40,LOA,Length overall,8,PELAGIC
19,"EUESP  ",EU.SPAIN,UE.ESPAGNE,2004,IND,Industrial Fishing,Pêcheries industrielles,5,ELL,Longline targeting swordfish,Palangre à espadon,Longline,Palangre,0,40,60,LOA,Length overall,6,PELAGIC
20,GBR,UNITED KINGDOM,ROYAUME-UNI,2004,IND,Industrial Fishing,Pêcheries industrielles,5,ELL,Longline targeting swordfish,Palangre à espadon,Longline,Palangre,0,40,60,LOA,Length overall,1,PELAGIC
21,"GIN    ",GUINEA,GUINÉE,2004,IND,Industrial Fishing,Pêcheries industrielles,5,ELL,Longline targeting swordfish,Palangre à espadon,Longline,Palangre,0,40,60,LOA,Length overall,3,PELAGIC
31,"MDG    ",MADAGASCAR,MADAGASCAR,2004,IND,Industrial Fishing,Pêcheries industrielles,5,ELL,Longline targeting swordfish,Palangre à espadon,Longline,Palangre,0,15,24,LOA,Length overall,2,PELAGIC
34,"MUS    ",MAURITIUS,MAURICE,2004,IND,Industrial Fishing,Pêcheries industrielles,5,ELL,Longline targeting swordfish,Palangre à espadon,Longline,Palangre,0,0,15,LOA,Length overall,3,PELAGIC
42,"SEN    ",SENEGAL,SÉNÉGAL,2004,IND,Industrial Fishing,Pêcheries industrielles,5,ELL,Longline targeting swordfish,Palangre à espadon,Longline,Palangre,0,40,60,LOA,Length overall,1,PELAGIC
43,"SYC    ",SEYCHELLES,SEYCHELLES,2004,IND,Industrial Fishing,Pêcheries industrielles,5,ELL,Longline targeting swordfish,Palangre à espadon,Longline,Palangre,0,0,15,LOA,Length overall,1,PELAGIC
43,"SYC    ",SEYCHELLES,SEYCHELLES,2004,IND,Industrial Fishing,Pêcheries industrielles,5,ELL,Longline targeting swordfish,Palangre à espadon,Longline,Palangre,0,15,24,LOA,Length overall,3,PELAGIC
44,"ZAF    ",SOUTH AFRICA,AFRIQUE DU SUD,2004,IND,Industrial Fishing,Pêcheries industrielles,5,ELL,Longline targeting swordfish,Palangre à espadon,Longline,Palangre,0,15,24,LOA,Length overall,4,PELAGIC
44,"ZAF    ",SOUTH AFRICA,AFRIQUE DU SUD,2004,IND,Industrial Fishing,Pêcheries industrielles,5,ELL,Longline targeting swordfish,Palangre à espadon,Longline,Palangre,0,24,40,LOA,Length overall,7,PELAGIC
57,"NEIFR  ",NEI.FROZEN,NCA.CONGELÉ,2004,IND,Industrial Fishing,Pêcheries industrielles,5,ELL,Longline targeting swordfish,Palangre à espadon,Longline,Palangre,0,24,40,LOA,Length overall,3,PELAGIC
57,"NEIFR  ",NEI.FROZEN,NCA.CONGELÉ,2004,IND,Industrial Fishing,Pêcheries industrielles,5,ELL,Longline targeting swordfish,Palangre à espadon,Longline,Palangre,0,40,60,LOA,Length overall,9,PELAGIC
57,"NEIFR  ",NEI.FROZEN,NCA.CONGELÉ,2004,IND,Industrial Fishing,Pêcheries industrielles,5,ELL,Longline targeting swordfish,Palangre à espadon,Longline,Palangre,0,60,80,LOA,Length overall,2,PELAGIC
4,"BLZ    ",BELIZE,BELIZE,2004,IND,Industrial Fishing,Pêcheries industrielles,5,FLL,Longline Fresh,Palangre Frais,Longline,Palangre,0,15,24,LOA,Length overall,4,PELAGIC
4,"BLZ    ",BELIZE,BELIZE,2004,IND,Industrial Fishing,Pêcheries industrielles,5,FLL,Longline Fresh,Palangre Frais,Longline,Palangre,0,24,40,LOA,Length overall,1,PELAGIC
5,"CHN    ",CHINA,CHINE,2004,IND,Industrial Fishing,Pêcheries industrielles,5,FLL,Longline Fresh,Palangre Frais,Longline,Palangre,0,24,40,LOA,Length overall,29,PELAGIC
6,"TWN    ","TAIWAN,CHINA","TAIWAN,CHINE",2004,IND,Industrial Fishing,Pêcheries industrielles,5,FLL,Longline Fresh,Palangre Frais,Longline,Palangre,0,15,24,LOA,Length overall,194,PELAGIC
6,"TWN    ","TAIWAN,CHINA","TAIWAN,CHINE",2004,IND,Industrial Fishing,Pêcheries industrielles,5,FLL,Longline Fresh,Palangre Frais,Longline,Palangre,0,24,40,LOA,Length overall,103,PELAGIC
22,"IND    ",INDIA,INDE,2004,IND,Industrial Fishing,Pêcheries industrielles,5,FLL,Longline Fresh,Palangre Frais,Longline,Palangre,0,15,24,LOA,Length overall,19,PELAGIC
23,"IDN    ",INDONESIA,INDONÉSIE,2004,IND,Industrial Fishing,Pêcheries industrielles,5,FLL,Longline Fresh,Palangre Frais,Longline,Palangre,0,0,15,LOA,Length overall,63,PELAGIC
23,"IDN    ",INDONESIA,INDONÉSIE,2004,IND,Industrial Fishing,Pêcheries industrielles,5,FLL,Longline Fresh,Palangre Frais,Longline,Palangre,0,15,24,LOA,Length overall,993,PELAGIC
23,"IDN    ",INDONESIA,INDONÉSIE,2004,IND,Industrial Fishing,Pêcheries industrielles,5,FLL,Longline Fresh,Palangre Frais,Longline,Palangre,0,24,40,LOA,Length overall,186,PELAGIC
32,"MYS    ",MALAYSIA,MALAISIE,2004,IND,Industrial Fishing,Pêcheries industrielles,5,FLL,Longline Fresh,Palangre Frais,Longline,Palangre,0,24,40,LOA,Length overall,14,PELAGIC
33,"MDV    ",MALDIVES,MALDIVES,2004,IND,Industrial Fishing,Pêcheries industrielles,5,FLL,Longline Fresh,Palangre Frais,Longline,Palangre,0,15,24,LOA,Length overall,4,PELAGIC
37,"OMN    ",OMAN,OMAN,2004,IND,Industrial Fishing,Pêcheries industrielles,5,FLL,Longline Fresh,Palangre Frais,Longline,Palangre,0,24,40,LOA,Length overall,4,PELAGIC
55,"NEICE  ",NEI.FRESH,NCA.FRAIS,2004,IND,Industrial Fishing,Pêcheries industrielles,5,FLL,Longline Fresh,Palangre Frais,Longline,Palangre,0,15,24,LOA,Length overall,4,PELAGIC
46,"LKA    ",SRI LANKA,SRI LANKA,2004,ART,Artisanal Fishing,Pêcheries artisanales,4,G/L,Gillnet and Longline combination,Filet maillant et Palangre,Gillnet,Filet maillant,1,9,18,LOA,Length overall,1581,PELAGIC
37,"OMN    ",OMAN,OMAN,2004,ART,Artisanal Fishing,Pêcheries artisanales,4,GIHA,Gillnet and hand line,Filet maillant et Ligne à main,Gillnet,Filet maillant,1,1,10,LOA,Length overall,13417,COASTAL
1,"AUS    ",AUSTRALIA,AUSTRALIE,2004,ART,Artisanal Fishing,Pêcheries artisanales,4,GILL,Gillnet,Filet maillant,Gillnet,Filet maillant,0,4,20,LOA,Length overall,9,COASTAL
2,"BHR    ",BAHRAIN,BAHREÏN,2004,ART,Artisanal Fishing,Pêcheries artisanales,4,GILL,Gillnet,Filet maillant,Gillnet,Filet maillant,0,4,20,LOA,Length overall,163,COASTAL
24,"IRN    ",IRAN ISLAMIC REP.,IRAN RÉP. ISLAMIQUE,2004,ART,Artisanal Fishing,Pêcheries artisanales,4,GILL,Gillnet,Filet maillant,Gillnet,Filet maillant,0,0,2,GRT,Gross Registered Tonnage,4287,"ALL    "
24,"IRN    ",IRAN ISLAMIC REP.,IRAN RÉP. ISLAMIQUE,2004,ART,Artisanal Fishing,Pêcheries artisanales,4,GILL,Gillnet,Filet maillant,Gillnet,Filet maillant,0,3,20,GRT,Gross Registered Tonnage,753,"ALL    "
24,"IRN    ",IRAN ISLAMIC REP.,IRAN RÉP. ISLAMIQUE,2004,ART,Artisanal Fishing,Pêcheries artisanales,4,GILL,Gillnet,Filet maillant,Gillnet,Filet maillant,0,21,50,GRT,Gross Registered Tonnage,714,"ALL    "
24,"IRN    ",IRAN ISLAMIC REP.,IRAN RÉP. ISLAMIQUE,2004,ART,Artisanal Fishing,Pêcheries artisanales,4,GILL,Gillnet,Filet maillant,Gillnet,Filet maillant,0,51,100,GRT,Gross Registered Tonnage,996,"ALL    "
37,"OMN    ",OMAN,OMAN,2004,ART,Artisanal Fishing,Pêcheries artisanales,4,GILL,Gillnet,Filet maillant,Gillnet,Filet maillant,0,10,24,LOA,Length overall,525,COASTAL
38,"PAK    ",PAKISTAN,PAKISTAN,2004,ART,Artisanal Fishing,Pêcheries artisanales,4,GILL,Gillnet,Filet maillant,Gillnet,Filet maillant,0,35,50,GRT,Gross Registered Tonnage,2170,"ALL    "
40,"QAT    ",QATAR,QATAR,2004,ART,Artisanal Fishing,Pêcheries artisanales,4,GILL,Gillnet,Filet maillant,Gillnet,Filet maillant,0,10,24,LOA,Length overall,515,COASTAL
49,"THA    ",THAILAND,THAÏLANDE,2004,ART,Artisanal Fishing,Pêcheries artisanales,4,GILL,Gillnet,Filet maillant,Gillnet,Filet maillant,0,14,25,LOA,Length overall,83,COASTAL
1,"AUS    ",AUSTRALIA,AUSTRALIE,2004,ART,Artisanal Fishing,Pêcheries artisanales,6,HAND,Hand line,Ligne à main,Line,Lignes,0,4,20,LOA,Length overall,7,COASTAL
33,"MDV    ",MALDIVES,MALDIVES,2004,ART,Artisanal Fishing,Pêcheries artisanales,6,HAND,Hand line,Ligne à main,Line,Lignes,0,4,6,LOA,Length overall,22,PELAGIC
43,"SYC    ",SEYCHELLES,SEYCHELLES,2004,ART,Artisanal Fishing,Pêcheries artisanales,6,HAND,Hand line,Ligne à main,Line,Lignes,0,5,10,LOA,Length overall,204,PELAGIC
43,"SYC    ",SEYCHELLES,SEYCHELLES,2004,ART,Artisanal Fishing,Pêcheries artisanales,6,HAND,Hand line,Ligne à main,Line,Lignes,0,7,12,LOA,Length overall,93,PELAGIC
43,"SYC    ",SEYCHELLES,SEYCHELLES,2004,ART,Artisanal Fishing,Pêcheries artisanales,6,HAND,Hand line,Ligne à main,Line,Lignes,0,9,26,LOA,Length overall,20,PELAGIC
50,"GBRT   ",UK.TERRITORIES,RU.TERRITOIRES,2004,ART,Artisanal Fishing,Pêcheries artisanales,6,HAND,Hand line,Ligne à main,Line,Lignes,0,6,10,LOA,Length overall,43,PELAGIC
50,"GBRT   ",UK.TERRITORIES,RU.TERRITOIRES,2004,ART,Artisanal Fishing,Pêcheries artisanales,6,HAND,Hand line,Ligne à main,Line,Lignes,0,10,25,LOA,Length overall,4,PELAGIC
1,"AUS    ",AUSTRALIA,AUSTRALIE,2004,ART,Artisanal Fishing,Pêcheries artisanales,6,HATR,Hand line and Troll line,Ligne à main et Ligne de traîne,Line,Lignes,1,4,20,LOA,Length overall,87,COASTAL
2,"BHR    ",BAHRAIN,BAHREÏN,2004,ART,Artisanal Fishing,Pêcheries artisanales,6,HATR,Hand line and Troll line,Ligne à main et Ligne de traîne,Line,Lignes,1,4,20,LOA,Length overall,869,COASTAL
15,"EUREU  ",EU.FRANCE.REUNION,UE.FRANCE.RÉUNION,2004,ART,Artisanal Fishing,Pêcheries artisanales,6,HATR,Hand line and Troll line,Ligne à main et Ligne de traîne,Line,Lignes,1,5,14,LOA,Length overall,249,PELAGIC
4,"BLZ    ",BELIZE,BELIZE,2004,IND,Industrial Fishing,Pêcheries industrielles,5,LL,Longline,Palangre dérivante au-dessus de 1800 hameçons,Longline,Palangre,0,24,40,LOA,Length overall,2,PELAGIC
4,"BLZ    ",BELIZE,BELIZE,2004,IND,Industrial Fishing,Pêcheries industrielles,5,LL,Longline,Palangre dérivante au-dessus de 1800 hameçons,Longline,Palangre,0,40,60,LOA,Length overall,8,PELAGIC
4,"BLZ    ",BELIZE,BELIZE,2004,IND,Industrial Fishing,Pêcheries industrielles,5,LL,Longline,Palangre dérivante au-dessus de 1800 hameçons,Longline,Palangre,0,60,80,LOA,Length overall,1,PELAGIC
5,"CHN    ",CHINA,CHINE,2004,IND,Industrial Fishing,Pêcheries industrielles,5,LL,Longline,Palangre dérivante au-dessus de 1800 hameçons,Longline,Palangre,0,40,60,LOA,Length overall,33,PELAGIC
6,"TWN    ","TAIWAN,CHINA","TAIWAN,CHINE",2004,IND,Industrial Fishing,Pêcheries industrielles,5,LL,Longline,Palangre dérivante au-dessus de 1800 hameçons,Longline,Palangre,0,24,40,LOA,Length overall,11,PELAGIC
6,"TWN    ","TAIWAN,CHINA","TAIWAN,CHINE",2004,IND,Industrial Fishing,Pêcheries industrielles,5,LL,Longline,Palangre dérivante au-dessus de 1800 hameçons,Longline,Palangre,0,40,60,LOA,Length overall,330,PELAGIC
22,"IND    ",INDIA,INDE,2004,IND,Industrial Fishing,Pêcheries industrielles,5,LL,Longline,Palangre dérivante au-dessus de 1800 hameçons,Longline,Palangre,0,24,40,LOA,Length overall,3,PELAGIC
22,"IND    ",INDIA,INDE,2004,IND,Industrial Fishing,Pêcheries industrielles,5,LL,Longline,Palangre dérivante au-dessus de 1800 hameçons,Longline,Palangre,0,40,60,LOA,Length overall,21,PELAGIC
23,"IDN    ",INDONESIA,INDONÉSIE,2004,IND,Industrial Fishing,Pêcheries industrielles,5,LL,Longline,Palangre dérivante au-dessus de 1800 hameçons,Longline,Palangre,0,24,40,LOA,Length overall,2,PELAGIC
23,"IDN    ",INDONESIA,INDONÉSIE,2004,IND,Industrial Fishing,Pêcheries industrielles,5,LL,Longline,Palangre dérivante au-dessus de 1800 hameçons,Longline,Palangre,0,40,60,LOA,Length overall,13,PELAGIC
26,"JPN    ",JAPAN,JAPON,2004,IND,Industrial Fishing,Pêcheries industrielles,5,LL,Longline,Palangre dérivante au-dessus de 1800 hameçons,Longline,Palangre,0,24,40,LOA,Length overall,3,PELAGIC
26,"JPN    ",JAPAN,JAPON,2004,IND,Industrial Fishing,Pêcheries industrielles,5,LL,Longline,Palangre dérivante au-dessus de 1800 hameçons,Longline,Palangre,0,40,60,LOA,Length overall,184,PELAGIC
29,"KOR    ",KOREA REP.,CORÉE RÉP.,2004,IND,Industrial Fishing,Pêcheries industrielles,5,LL,Longline,Palangre dérivante au-dessus de 1800 hameçons,Longline,Palangre,0,40,60,LOA,Length overall,36,PELAGIC
31,"MDG    ",MADAGASCAR,MADAGASCAR,2004,IND,Industrial Fishing,Pêcheries industrielles,5,LL,Longline,Palangre dérivante au-dessus de 1800 hameçons,Longline,Palangre,0,40,60,LOA,Length overall,1,PELAGIC
34,"MUS    ",MAURITIUS,MAURICE,2004,IND,Industrial Fishing,Pêcheries industrielles,5,LL,Longline,Palangre dérivante au-dessus de 1800 hameçons,Longline,Palangre,0,15,24,LOA,Length overall,1,PELAGIC
34,"MUS    ",MAURITIUS,MAURICE,2004,IND,Industrial Fishing,Pêcheries industrielles,5,LL,Longline,Palangre dérivante au-dessus de 1800 hameçons,Longline,Palangre,0,24,40,LOA,Length overall,2,PELAGIC
34,"MUS    ",MAURITIUS,MAURICE,2004,IND,Industrial Fishing,Pêcheries industrielles,5,LL,Longline,Palangre dérivante au-dessus de 1800 hameçons,Longline,Palangre,0,40,60,LOA,Length overall,2,PELAGIC
37,"OMN    ",OMAN,OMAN,2004,IND,Industrial Fishing,Pêcheries industrielles,5,LL,Longline,Palangre dérivante au-dessus de 1800 hameçons,Longline,Palangre,0,40,60,LOA,Length overall,7,PELAGIC
39,"PHL    ",PHILIPPINES,PHILIPPINES,2004,IND,Industrial Fishing,Pêcheries industrielles,5,LL,Longline,Palangre dérivante au-dessus de 1800 hameçons,Longline,Palangre,0,40,60,LOA,Length overall,25,PELAGIC
43,"SYC    ",SEYCHELLES,SEYCHELLES,2004,IND,Industrial Fishing,Pêcheries industrielles,5,LL,Longline,Palangre dérivante au-dessus de 1800 hameçons,Longline,Palangre,0,24,40,LOA,Length overall,3,PELAGIC
43,"SYC    ",SEYCHELLES,SEYCHELLES,2004,IND,Industrial Fishing,Pêcheries industrielles,5,LL,Longline,Palangre dérivante au-dessus de 1800 hameçons,Longline,Palangre,0,40,60,LOA,Length overall,29,PELAGIC
49,"THA    ",THAILAND,THAÏLANDE,2004,IND,Industrial Fishing,Pêcheries industrielles,5,LL,Longline,Palangre dérivante au-dessus de 1800 hameçons,Longline,Palangre,0,40,60,LOA,Length overall,2,PELAGIC
57,"NEIFR  ",NEI.FROZEN,NCA.CONGELÉ,2004,IND,Industrial Fishing,Pêcheries industrielles,5,LL,Longline,Palangre dérivante au-dessus de 1800 hameçons,Longline,Palangre,0,24,40,LOA,Length overall,2,PELAGIC
57,"NEIFR  ",NEI.FROZEN,NCA.CONGELÉ,2004,IND,Industrial Fishing,Pêcheries industrielles,5,LL,Longline,Palangre dérivante au-dessus de 1800 hameçons,Longline,Palangre,0,40,60,LOA,Length overall,14,PELAGIC
57,"NEIFR  ",NEI.FROZEN,NCA.CONGELÉ,2004,IND,Industrial Fishing,Pêcheries industrielles,5,LL,Longline,Palangre dérivante au-dessus de 1800 hameçons,Longline,Palangre,0,60,80,LOA,Length overall,2,PELAGIC
22,"IND    ",INDIA,INDE,2004,IND,Industrial Fishing,Pêcheries industrielles,5,LLEX,Exploratory longline,Palangre de prospection,Longline,Palangre,0,24,40,LOA,Length overall,2,PELAGIC
1,"AUS    ",AUSTRALIA,AUSTRALIE,2004,IND,Industrial Fishing,Pêcheries industrielles,1,PS,Purse seine,Senne tournante aux thons,Purse Seine,Senne tournante,0,24,40,LOA,Length overall,4,PELAGIC
1,"AUS    ",AUSTRALIA,AUSTRALIE,2004,IND,Industrial Fishing,Pêcheries industrielles,1,PS,Purse seine,Senne tournante aux thons,Purse Seine,Senne tournante,0,40,60,LOA,Length overall,3,PELAGIC
13,"EUFRA  ",EU.FRANCE,UE.FRANCE,2004,IND,Industrial Fishing,Pêcheries industrielles,1,PS,Purse seine,Senne tournante aux thons,Purse Seine,Senne tournante,0,60,80,LOA,Length overall,13,PELAGIC
13,"EUFRA  ",EU.FRANCE,UE.FRANCE,2004,IND,Industrial Fishing,Pêcheries industrielles,1,PS,Purse seine,Senne tournante aux thons,Purse Seine,Senne tournante,0,80,100,LOA,Length overall,2,PELAGIC
19,"EUESP  ",EU.SPAIN,UE.ESPAGNE,2004,IND,Industrial Fishing,Pêcheries industrielles,1,PS,Purse seine,Senne tournante aux thons,Purse Seine,Senne tournante,0,60,80,LOA,Length overall,8,PELAGIC
19,"EUESP  ",EU.SPAIN,UE.ESPAGNE,2004,IND,Industrial Fishing,Pêcheries industrielles,1,PS,Purse seine,Senne tournante aux thons,Purse Seine,Senne tournante,0,80,100,LOA,Length overall,6,PELAGIC
19,"EUESP  ",EU.SPAIN,UE.ESPAGNE,2004,IND,Industrial Fishing,Pêcheries industrielles,1,PS,Purse seine,Senne tournante aux thons,Purse Seine,Senne tournante,0,100,120,LOA,Length overall,6,PELAGIC
23,"IDN    ",INDONESIA,INDONÉSIE,2004,IND,Industrial Fishing,Pêcheries industrielles,1,PS,Purse seine,Senne tournante aux thons,Purse Seine,Senne tournante,0,24,40,LOA,Length overall,2,PELAGIC
24,"IRN    ",IRAN ISLAMIC REP.,IRAN RÉP. ISLAMIQUE,2004,IND,Industrial Fishing,Pêcheries industrielles,1,PS,Purse seine,Senne tournante aux thons,Purse Seine,Senne tournante,0,40,60,LOA,Length overall,2,PELAGIC
24,"IRN    ",IRAN ISLAMIC REP.,IRAN RÉP. ISLAMIQUE,2004,IND,Industrial Fishing,Pêcheries industrielles,1,PS,Purse seine,Senne tournante aux thons,Purse Seine,Senne tournante,0,60,80,LOA,Length overall,5,PELAGIC
26,"JPN    ",JAPAN,JAPON,2004,IND,Industrial Fishing,Pêcheries industrielles,1,PS,Purse seine,Senne tournante aux thons,Purse Seine,Senne tournante,0,60,80,LOA,Length overall,1,PELAGIC
43,"SYC    ",SEYCHELLES,SEYCHELLES,2004,IND,Industrial Fishing,Pêcheries industrielles,1,PS,Purse seine,Senne tournante aux thons,Purse Seine,Senne tournante,0,60,80,LOA,Length overall,10,PELAGIC
43,"SYC    ",SEYCHELLES,SEYCHELLES,2004,IND,Industrial Fishing,Pêcheries industrielles,1,PS,Purse seine,Senne tournante aux thons,Purse Seine,Senne tournante,0,100,120,LOA,Length overall,3,PELAGIC
59,"NEISU  ",NEI.EXSOVIET,NCA.EXSOVIÉTIQUE,2004,IND,Industrial Fishing,Pêcheries industrielles,1,PS,Purse seine,Senne tournante aux thons,Purse Seine,Senne tournante,0,60,80,LOA,Length overall,1,PELAGIC
59,"NEISU  ",NEI.EXSOVIET,NCA.EXSOVIÉTIQUE,2004,IND,Industrial Fishing,Pêcheries industrielles,1,PS,Purse seine,Senne tournante aux thons,Purse Seine,Senne tournante,0,80,100,LOA,Length overall,7,PELAGIC
60,"EUITA  ",EU.ITALY,EU.ITALIE,2004,IND,Industrial Fishing,Pêcheries industrielles,1,PS,Purse seine,Senne tournante aux thons,Purse Seine,Senne tournante,0,80,100,LOA,Length overall,1,NULL
60,"EUITA  ",EU.ITALY,EU.ITALIE,2004,IND,Industrial Fishing,Pêcheries industrielles,1,PS,Purse seine,Senne tournante aux thons,Purse Seine,Senne tournante,0,80,100,LOA,Length overall,1,PELAGIC
49,"THA    ",THAILAND,THAÏLANDE,2004,ART,Artisanal Fishing,Pêcheries artisanales,1,PSS,Small purse seine,Senneur côtier,Purse Seine,Senne tournante,0,14,25,LOA,Length overall,289,"ALL    "
58,"NEIPS  ",NEI.OTHER,NCA.AUTRE,2004,IND,Industrial Fishing,Pêcheries industrielles,1,SUPP,Supply vessel,Bateau auxiliaire,Purse Seine,Senne tournante,0,24,40,LOA,Length overall,14,PELAGIC
58,"NEIPS  ",NEI.OTHER,NCA.AUTRE,2004,IND,Industrial Fishing,Pêcheries industrielles,1,SUPP,Supply vessel,Bateau auxiliaire,Purse Seine,Senne tournante,0,40,60,LOA,Length overall,1,PELAGIC
1,"AUS    ",AUSTRALIA,AUSTRALIE,2004,IND,Industrial Fishing,Pêcheries industrielles,9,TRAW,Trawl,Chaluts,Other,Autres,0,10,40,LOA,Length overall,14,COASTAL
49,"THA    ",THAILAND,THAÏLANDE,2004,ART,Artisanal Fishing,Pêcheries artisanales,9,TRAW,Trawl,Chaluts,Other,Autres,0,14,25,LOA,Length overall,730,COASTAL
33,"MDV    ",MALDIVES,MALDIVES,2004,ART,Artisanal Fishing,Pêcheries artisanales,6,TROL,Troll line,Ligne de traîne,Line,Lignes,0,5,10,LOA,Length overall,86,PELAGIC
27,"JOR    ",JORDAN,JORDANIE,2004,ART,Artisanal Fishing,Pêcheries artisanales,9,UNCL,Unclassified,Non classé,Other,Autres,1,2,10,LOA,Length overall,57,COASTAL
28,"KEN    ",KENYA,KENYA,2004,ART,Artisanal Fishing,Pêcheries artisanales,9,UNCL,Unclassified,Non classé,Other,Autres,1,NULL,NULL,UNCL,Unclassified,2233,COASTAL
41,"SAU    ",SAUDI ARABIA,ARABIE SAOUDITE,2004,ART,Artisanal Fishing,Pêcheries artisanales,9,UNCL,Unclassified,Non classé,Other,Autres,1,5,25,LOA,Length overall,12046,COASTAL
46,"LKA    ",SRI LANKA,SRI LANKA,2004,ART,Artisanal Fishing,Pêcheries artisanales,9,UNCL,Unclassified,Non classé,Other,Autres,1,1,8,LOA,Length overall,27871,"ALL    "
46,"LKA    ",SRI LANKA,SRI LANKA,2004,ART,Artisanal Fishing,Pêcheries artisanales,9,UNCL,Unclassified,Non classé,Other,Autres,1,8,9,LOA,Length overall,2167,"ALL    "
51,"ARE    ",UN. ARAB EMIRATES,EMIRATS ARABES UNIES,2004,ART,Artisanal Fishing,Pêcheries artisanales,9,UNCL,Unclassified,Non classé,Other,Autres,1,15,80,LOA,Length overall,5052,COASTAL
23,"IDN    ",INDONESIA,INDONÉSIE,2005,ART,Artisanal Fishing,Pêcheries artisanales,3,BB,Baitboat,Canne,Baitboat,Canne,0,30,50,GT,Gross Tonnage,6,PELAGIC
23,"IDN    ",INDONESIA,INDONÉSIE,2005,ART,Artisanal Fishing,Pêcheries artisanales,3,BB,Baitboat,Canne,Baitboat,Canne,0,50,150,GT,Gross Tonnage,12,PELAGIC
33,"MDV    ",MALDIVES,MALDIVES,2005,ART,Artisanal Fishing,Pêcheries artisanales,3,BB,Baitboat,Canne,Baitboat,Canne,0,10,15,LOA,Length overall,1007,PELAGIC
1,"AUS    ",AUSTRALIA,AUSTRALIE,2005,IND,Industrial Fishing,Pêcheries industrielles,5,ELL,Longline targeting swordfish,Palangre à espadon,Longline,Palangre,0,15,24,LOA,Length overall,3,PELAGIC
1,"AUS    ",AUSTRALIA,AUSTRALIE,2005,IND,Industrial Fishing,Pêcheries industrielles,5,ELL,Longline targeting swordfish,Palangre à espadon,Longline,Palangre,0,24,40,LOA,Length overall,3,PELAGIC
14,"EUMYT  ",EU.FRANCE.MAYOTTE,UE.FRANCE.MAYOTTE,2005,IND,Industrial Fishing,Pêcheries industrielles,5,ELL,Longline targeting swordfish,Palangre à espadon,Longline,Palangre,0,24,40,LOA,Length overall,1,PELAGIC
15,"EUREU  ",EU.FRANCE.REUNION,UE.FRANCE.RÉUNION,2005,IND,Industrial Fishing,Pêcheries industrielles,5,ELL,Longline targeting swordfish,Palangre à espadon,Longline,Palangre,0,0,15,LOA,Length overall,30,PELAGIC
15,"EUREU  ",EU.FRANCE.REUNION,UE.FRANCE.RÉUNION,2005,IND,Industrial Fishing,Pêcheries industrielles,5,ELL,Longline targeting swordfish,Palangre à espadon,Longline,Palangre,0,15,24,LOA,Length overall,8,PELAGIC
15,"EUREU  ",EU.FRANCE.REUNION,UE.FRANCE.RÉUNION,2005,IND,Industrial Fishing,Pêcheries industrielles,5,ELL,Longline targeting swordfish,Palangre à espadon,Longline,Palangre,0,24,40,LOA,Length overall,3,PELAGIC
18,"EUPRT  ",EU.PORTUGAL,UE.PORTUGAL,2005,IND,Industrial Fishing,Pêcheries industrielles,5,ELL,Longline targeting swordfish,Palangre à espadon,Longline,Palangre,0,40,60,LOA,Length overall,15,PELAGIC
19,"EUESP  ",EU.SPAIN,UE.ESPAGNE,2005,IND,Industrial Fishing,Pêcheries industrielles,5,ELL,Longline targeting swordfish,Palangre à espadon,Longline,Palangre,0,24,40,LOA,Length overall,6,PELAGIC
19,"EUESP  ",EU.SPAIN,UE.ESPAGNE,2005,IND,Industrial Fishing,Pêcheries industrielles,5,ELL,Longline targeting swordfish,Palangre à espadon,Longline,Palangre,0,40,60,LOA,Length overall,6,PELAGIC
20,GBR,UNITED KINGDOM,ROYAUME-UNI,2005,IND,Industrial Fishing,Pêcheries industrielles,5,ELL,Longline targeting swordfish,Palangre à espadon,Longline,Palangre,0,40,60,LOA,Length overall,2,PELAGIC
21,"GIN    ",GUINEA,GUINÉE,2005,IND,Industrial Fishing,Pêcheries industrielles,5,ELL,Longline targeting swordfish,Palangre à espadon,Longline,Palangre,0,40,60,LOA,Length overall,3,PELAGIC
28,"KEN    ",KENYA,KENYA,2005,IND,Industrial Fishing,Pêcheries industrielles,5,ELL,Longline targeting swordfish,Palangre à espadon,Longline,Palangre,0,24,40,LOA,Length overall,1,PELAGIC
31,"MDG    ",MADAGASCAR,MADAGASCAR,2005,IND,Industrial Fishing,Pêcheries industrielles,5,ELL,Longline targeting swordfish,Palangre à espadon,Longline,Palangre,0,15,24,LOA,Length overall,1,PELAGIC
31,"MDG    ",MADAGASCAR,MADAGASCAR,2005,IND,Industrial Fishing,Pêcheries industrielles,5,ELL,Longline targeting swordfish,Palangre à espadon,Longline,Palangre,0,24,40,LOA,Length overall,2,PELAGIC
34,"MUS    ",MAURITIUS,MAURICE,2005,IND,Industrial Fishing,Pêcheries industrielles,5,ELL,Longline targeting swordfish,Palangre à espadon,Longline,Palangre,0,0,15,LOA,Length overall,3,PELAGIC
42,"SEN    ",SENEGAL,SÉNÉGAL,2005,IND,Industrial Fishing,Pêcheries industrielles,5,ELL,Longline targeting swordfish,Palangre à espadon,Longline,Palangre,0,40,60,LOA,Length overall,1,PELAGIC
43,"SYC    ",SEYCHELLES,SEYCHELLES,2005,IND,Industrial Fishing,Pêcheries industrielles,5,ELL,Longline targeting swordfish,Palangre à espadon,Longline,Palangre,0,0,15,LOA,Length overall,4,PELAGIC
43,"SYC    ",SEYCHELLES,SEYCHELLES,2005,IND,Industrial Fishing,Pêcheries industrielles,5,ELL,Longline targeting swordfish,Palangre à espadon,Longline,Palangre,0,15,24,LOA,Length overall,6,PELAGIC
44,"ZAF    ",SOUTH AFRICA,AFRIQUE DU SUD,2005,IND,Industrial Fishing,Pêcheries industrielles,5,ELL,Longline targeting swordfish,Palangre à espadon,Longline,Palangre,0,15,24,LOA,Length overall,6,PELAGIC
44,"ZAF    ",SOUTH AFRICA,AFRIQUE DU SUD,2005,IND,Industrial Fishing,Pêcheries industrielles,5,ELL,Longline targeting swordfish,Palangre à espadon,Longline,Palangre,0,24,40,LOA,Length overall,2,PELAGIC
57,"NEIFR  ",NEI.FROZEN,NCA.CONGELÉ,2005,IND,Industrial Fishing,Pêcheries industrielles,5,ELL,Longline targeting swordfish,Palangre à espadon,Longline,Palangre,0,24,40,LOA,Length overall,2,PELAGIC
57,"NEIFR  ",NEI.FROZEN,NCA.CONGELÉ,2005,IND,Industrial Fishing,Pêcheries industrielles,5,ELL,Longline targeting swordfish,Palangre à espadon,Longline,Palangre,0,40,60,LOA,Length overall,8,PELAGIC
57,"NEIFR  ",NEI.FROZEN,NCA.CONGELÉ,2005,IND,Industrial Fishing,Pêcheries industrielles,5,ELL,Longline targeting swordfish,Palangre à espadon,Longline,Palangre,0,60,80,LOA,Length overall,2,PELAGIC
4,"BLZ    ",BELIZE,BELIZE,2005,IND,Industrial Fishing,Pêcheries industrielles,5,FLL,Longline Fresh,Palangre Frais,Longline,Palangre,0,15,24,LOA,Length overall,7,PELAGIC
4,"BLZ    ",BELIZE,BELIZE,2005,IND,Industrial Fishing,Pêcheries industrielles,5,FLL,Longline Fresh,Palangre Frais,Longline,Palangre,0,24,40,LOA,Length overall,1,PELAGIC
5,"CHN    ",CHINA,CHINE,2005,IND,Industrial Fishing,Pêcheries industrielles,5,FLL,Longline Fresh,Palangre Frais,Longline,Palangre,0,24,40,LOA,Length overall,26,PELAGIC
6,"TWN    ","TAIWAN,CHINA","TAIWAN,CHINE",2005,IND,Industrial Fishing,Pêcheries industrielles,5,FLL,Longline Fresh,Palangre Frais,Longline,Palangre,0,15,24,LOA,Length overall,203,PELAGIC
6,"TWN    ","TAIWAN,CHINA","TAIWAN,CHINE",2005,IND,Industrial Fishing,Pêcheries industrielles,5,FLL,Longline Fresh,Palangre Frais,Longline,Palangre,0,24,40,LOA,Length overall,108,PELAGIC
22,"IND    ",INDIA,INDE,2005,IND,Industrial Fishing,Pêcheries industrielles,5,FLL,Longline Fresh,Palangre Frais,Longline,Palangre,0,15,24,LOA,Length overall,19,PELAGIC
23,"IDN    ",INDONESIA,INDONÉSIE,2005,IND,Industrial Fishing,Pêcheries industrielles,5,FLL,Longline Fresh,Palangre Frais,Longline,Palangre,0,0,15,LOA,Length overall,69,PELAGIC
23,"IDN    ",INDONESIA,INDONÉSIE,2005,IND,Industrial Fishing,Pêcheries industrielles,5,FLL,Longline Fresh,Palangre Frais,Longline,Palangre,0,15,24,LOA,Length overall,1098,PELAGIC
23,"IDN    ",INDONESIA,INDONÉSIE,2005,IND,Industrial Fishing,Pêcheries industrielles,5,FLL,Longline Fresh,Palangre Frais,Longline,Palangre,0,24,40,LOA,Length overall,206,PELAGIC
32,"MYS    ",MALAYSIA,MALAISIE,2005,IND,Industrial Fishing,Pêcheries industrielles,5,FLL,Longline Fresh,Palangre Frais,Longline,Palangre,0,24,40,LOA,Length overall,18,PELAGIC
37,"OMN    ",OMAN,OMAN,2005,IND,Industrial Fishing,Pêcheries industrielles,5,FLL,Longline Fresh,Palangre Frais,Longline,Palangre,0,0,15,LOA,Length overall,1,PELAGIC
37,"OMN    ",OMAN,OMAN,2005,IND,Industrial Fishing,Pêcheries industrielles,5,FLL,Longline Fresh,Palangre Frais,Longline,Palangre,0,15,24,LOA,Length overall,5,PELAGIC
37,"OMN    ",OMAN,OMAN,2005,IND,Industrial Fishing,Pêcheries industrielles,5,FLL,Longline Fresh,Palangre Frais,Longline,Palangre,0,24,40,LOA,Length overall,5,PELAGIC
55,"NEICE  ",NEI.FRESH,NCA.FRAIS,2005,IND,Industrial Fishing,Pêcheries industrielles,5,FLL,Longline Fresh,Palangre Frais,Longline,Palangre,0,24,40,LOA,Length overall,3,PELAGIC
46,"LKA    ",SRI LANKA,SRI LANKA,2005,ART,Artisanal Fishing,Pêcheries artisanales,4,G/L,Gillnet and Longline combination,Filet maillant et Palangre,Gillnet,Filet maillant,1,9,18,LOA,Length overall,1328,PELAGIC
37,"OMN    ",OMAN,OMAN,2005,ART,Artisanal Fishing,Pêcheries artisanales,4,GIHA,Gillnet and hand line,Filet maillant et Ligne à main,Gillnet,Filet maillant,1,1,10,LOA,Length overall,9276,COASTAL
1,"AUS    ",AUSTRALIA,AUSTRALIE,2005,ART,Artisanal Fishing,Pêcheries artisanales,4,GILL,Gillnet,Filet maillant,Gillnet,Filet maillant,0,4,20,LOA,Length overall,10,COASTAL
2,"BHR    ",BAHRAIN,BAHREÏN,2005,ART,Artisanal Fishing,Pêcheries artisanales,4,GILL,Gillnet,Filet maillant,Gillnet,Filet maillant,0,4,20,LOA,Length overall,7,COASTAL
24,"IRN    ",IRAN ISLAMIC REP.,IRAN RÉP. ISLAMIQUE,2005,ART,Artisanal Fishing,Pêcheries artisanales,4,GILL,Gillnet,Filet maillant,Gillnet,Filet maillant,0,101,NULL,GRT,Gross Registered Tonnage,101,"ALL    "
24,"IRN    ",IRAN ISLAMIC REP.,IRAN RÉP. ISLAMIQUE,2005,ART,Artisanal Fishing,Pêcheries artisanales,4,GILL,Gillnet,Filet maillant,Gillnet,Filet maillant,0,0,2,GRT,Gross Registered Tonnage,4101,"ALL    "
24,"IRN    ",IRAN ISLAMIC REP.,IRAN RÉP. ISLAMIQUE,2005,ART,Artisanal Fishing,Pêcheries artisanales,4,GILL,Gillnet,Filet maillant,Gillnet,Filet maillant,0,3,20,GRT,Gross Registered Tonnage,753,"ALL    "
24,"IRN    ",IRAN ISLAMIC REP.,IRAN RÉP. ISLAMIQUE,2005,ART,Artisanal Fishing,Pêcheries artisanales,4,GILL,Gillnet,Filet maillant,Gillnet,Filet maillant,0,21,50,GRT,Gross Registered Tonnage,726,"ALL    "
24,"IRN    ",IRAN ISLAMIC REP.,IRAN RÉP. ISLAMIQUE,2005,ART,Artisanal Fishing,Pêcheries artisanales,4,GILL,Gillnet,Filet maillant,Gillnet,Filet maillant,0,51,100,GRT,Gross Registered Tonnage,895,"ALL    "
37,"OMN    ",OMAN,OMAN,2005,ART,Artisanal Fishing,Pêcheries artisanales,4,GILL,Gillnet,Filet maillant,Gillnet,Filet maillant,0,10,24,LOA,Length overall,338,COASTAL
38,"PAK    ",PAKISTAN,PAKISTAN,2005,ART,Artisanal Fishing,Pêcheries artisanales,4,GILL,Gillnet,Filet maillant,Gillnet,Filet maillant,0,35,50,GRT,Gross Registered Tonnage,2353,"ALL    "
49,"THA    ",THAILAND,THAÏLANDE,2005,ART,Artisanal Fishing,Pêcheries artisanales,4,GILL,Gillnet,Filet maillant,Gillnet,Filet maillant,0,14,25,LOA,Length overall,84,COASTAL
1,"AUS    ",AUSTRALIA,AUSTRALIE,2005,ART,Artisanal Fishing,Pêcheries artisanales,6,HAND,Hand line,Ligne à main,Line,Lignes,0,4,20,LOA,Length overall,6,COASTAL
33,"MDV    ",MALDIVES,MALDIVES,2005,ART,Artisanal Fishing,Pêcheries artisanales,6,HAND,Hand line,Ligne à main,Line,Lignes,0,4,6,LOA,Length overall,18,PELAGIC
43,"SYC    ",SEYCHELLES,SEYCHELLES,2005,ART,Artisanal Fishing,Pêcheries artisanales,6,HAND,Hand line,Ligne à main,Line,Lignes,0,5,10,LOA,Length overall,204,PELAGIC
43,"SYC    ",SEYCHELLES,SEYCHELLES,2005,ART,Artisanal Fishing,Pêcheries artisanales,6,HAND,Hand line,Ligne à main,Line,Lignes,0,7,12,LOA,Length overall,83,PELAGIC
43,"SYC    ",SEYCHELLES,SEYCHELLES,2005,ART,Artisanal Fishing,Pêcheries artisanales,6,HAND,Hand line,Ligne à main,Line,Lignes,0,9,26,LOA,Length overall,18,PELAGIC
44,"ZAF    ",SOUTH AFRICA,AFRIQUE DU SUD,2005,ART,Artisanal Fishing,Pêcheries artisanales,6,HAND,Hand line,Ligne à main,Line,Lignes,0,50,200,GRT,Gross Registered Tonnage,20,COASTAL
1,"AUS    ",AUSTRALIA,AUSTRALIE,2005,ART,Artisanal Fishing,Pêcheries artisanales,6,HATR,Hand line and Troll line,Ligne à main et Ligne de traîne,Line,Lignes,1,4,20,LOA,Length overall,72,COASTAL
2,"BHR    ",BAHRAIN,BAHREÏN,2005,ART,Artisanal Fishing,Pêcheries artisanales,6,HATR,Hand line and Troll line,Ligne à main et Ligne de traîne,Line,Lignes,1,4,20,LOA,Length overall,40,COASTAL
14,"EUMYT  ",EU.FRANCE.MAYOTTE,UE.FRANCE.MAYOTTE,2005,ART,Artisanal Fishing,Pêcheries artisanales,6,HATR,Hand line and Troll line,Ligne à main et Ligne de traîne,Line,Lignes,1,4,8,LOA,Length overall,500,PELAGIC
15,"EUREU  ",EU.FRANCE.REUNION,UE.FRANCE.RÉUNION,2005,ART,Artisanal Fishing,Pêcheries artisanales,6,HATR,Hand line and Troll line,Ligne à main et Ligne de traîne,Line,Lignes,1,5,14,LOA,Length overall,218,PELAGIC
4,"BLZ    ",BELIZE,BELIZE,2005,IND,Industrial Fishing,Pêcheries industrielles,5,LL,Longline,Palangre dérivante au-dessus de 1800 hameçons,Longline,Palangre,0,24,40,LOA,Length overall,1,PELAGIC
4,"BLZ    ",BELIZE,BELIZE,2005,IND,Industrial Fishing,Pêcheries industrielles,5,LL,Longline,Palangre dérivante au-dessus de 1800 hameçons,Longline,Palangre,0,40,60,LOA,Length overall,3,PELAGIC
5,"CHN    ",CHINA,CHINE,2005,IND,Industrial Fishing,Pêcheries industrielles,5,LL,Longline,Palangre dérivante au-dessus de 1800 hameçons,Longline,Palangre,0,40,60,LOA,Length overall,41,PELAGIC
6,"TWN    ","TAIWAN,CHINA","TAIWAN,CHINE",2005,IND,Industrial Fishing,Pêcheries industrielles,5,LL,Longline,Palangre dérivante au-dessus de 1800 hameçons,Longline,Palangre,0,24,40,LOA,Length overall,11,PELAGIC
6,"TWN    ","TAIWAN,CHINA","TAIWAN,CHINE",2005,IND,Industrial Fishing,Pêcheries industrielles,5,LL,Longline,Palangre dérivante au-dessus de 1800 hameçons,Longline,Palangre,0,40,60,LOA,Length overall,330,PELAGIC
22,"IND    ",INDIA,INDE,2005,IND,Industrial Fishing,Pêcheries industrielles,5,LL,Longline,Palangre dérivante au-dessus de 1800 hameçons,Longline,Palangre,0,24,40,LOA,Length overall,3,PELAGIC
22,"IND    ",INDIA,INDE,2005,IND,Industrial Fishing,Pêcheries industrielles,5,LL,Longline,Palangre dérivante au-dessus de 1800 hameçons,Longline,Palangre,0,40,60,LOA,Length overall,21,PELAGIC
23,"IDN    ",INDONESIA,INDONÉSIE,2005,IND,Industrial Fishing,Pêcheries industrielles,5,LL,Longline,Palangre dérivante au-dessus de 1800 hameçons,Longline,Palangre,0,24,40,LOA,Length overall,2,PELAGIC
23,"IDN    ",INDONESIA,INDONÉSIE,2005,IND,Industrial Fishing,Pêcheries industrielles,5,LL,Longline,Palangre dérivante au-dessus de 1800 hameçons,Longline,Palangre,0,40,60,LOA,Length overall,13,PELAGIC
26,"JPN    ",JAPAN,JAPON,2005,IND,Industrial Fishing,Pêcheries industrielles,5,LL,Longline,Palangre dérivante au-dessus de 1800 hameçons,Longline,Palangre,0,24,40,LOA,Length overall,3,PELAGIC
26,"JPN    ",JAPAN,JAPON,2005,IND,Industrial Fishing,Pêcheries industrielles,5,LL,Longline,Palangre dérivante au-dessus de 1800 hameçons,Longline,Palangre,0,40,60,LOA,Length overall,181,PELAGIC
29,"KOR    ",KOREA REP.,CORÉE RÉP.,2005,IND,Industrial Fishing,Pêcheries industrielles,5,LL,Longline,Palangre dérivante au-dessus de 1800 hameçons,Longline,Palangre,0,24,40,LOA,Length overall,1,PELAGIC
29,"KOR    ",KOREA REP.,CORÉE RÉP.,2005,IND,Industrial Fishing,Pêcheries industrielles,5,LL,Longline,Palangre dérivante au-dessus de 1800 hameçons,Longline,Palangre,0,40,60,LOA,Length overall,27,PELAGIC
31,"MDG    ",MADAGASCAR,MADAGASCAR,2005,IND,Industrial Fishing,Pêcheries industrielles,5,LL,Longline,Palangre dérivante au-dessus de 1800 hameçons,Longline,Palangre,0,40,60,LOA,Length overall,2,PELAGIC
34,"MUS    ",MAURITIUS,MAURICE,2005,IND,Industrial Fishing,Pêcheries industrielles,5,LL,Longline,Palangre dérivante au-dessus de 1800 hameçons,Longline,Palangre,0,15,24,LOA,Length overall,1,PELAGIC
34,"MUS    ",MAURITIUS,MAURICE,2005,IND,Industrial Fishing,Pêcheries industrielles,5,LL,Longline,Palangre dérivante au-dessus de 1800 hameçons,Longline,Palangre,0,24,40,LOA,Length overall,1,PELAGIC
34,"MUS    ",MAURITIUS,MAURICE,2005,IND,Industrial Fishing,Pêcheries industrielles,5,LL,Longline,Palangre dérivante au-dessus de 1800 hameçons,Longline,Palangre,0,40,60,LOA,Length overall,2,PELAGIC
37,"OMN    ",OMAN,OMAN,2005,IND,Industrial Fishing,Pêcheries industrielles,5,LL,Longline,Palangre dérivante au-dessus de 1800 hameçons,Longline,Palangre,0,40,60,LOA,Length overall,14,PELAGIC
39,"PHL    ",PHILIPPINES,PHILIPPINES,2005,IND,Industrial Fishing,Pêcheries industrielles,5,LL,Longline,Palangre dérivante au-dessus de 1800 hameçons,Longline,Palangre,0,40,60,LOA,Length overall,25,PELAGIC
43,"SYC    ",SEYCHELLES,SEYCHELLES,2005,IND,Industrial Fishing,Pêcheries industrielles,5,LL,Longline,Palangre dérivante au-dessus de 1800 hameçons,Longline,Palangre,0,24,40,LOA,Length overall,2,PELAGIC
43,"SYC    ",SEYCHELLES,SEYCHELLES,2005,IND,Industrial Fishing,Pêcheries industrielles,5,LL,Longline,Palangre dérivante au-dessus de 1800 hameçons,Longline,Palangre,0,40,60,LOA,Length overall,24,PELAGIC
48,"TZA    ",TANZANIA,TANZANIE,2005,IND,Industrial Fishing,Pêcheries industrielles,5,LL,Longline,Palangre dérivante au-dessus de 1800 hameçons,Longline,Palangre,0,40,60,LOA,Length overall,3,PELAGIC
49,"THA    ",THAILAND,THAÏLANDE,2005,IND,Industrial Fishing,Pêcheries industrielles,5,LL,Longline,Palangre dérivante au-dessus de 1800 hameçons,Longline,Palangre,0,40,60,LOA,Length overall,2,PELAGIC
57,"NEIFR  ",NEI.FROZEN,NCA.CONGELÉ,2005,IND,Industrial Fishing,Pêcheries industrielles,5,LL,Longline,Palangre dérivante au-dessus de 1800 hameçons,Longline,Palangre,0,24,40,LOA,Length overall,3,PELAGIC
57,"NEIFR  ",NEI.FROZEN,NCA.CONGELÉ,2005,IND,Industrial Fishing,Pêcheries industrielles,5,LL,Longline,Palangre dérivante au-dessus de 1800 hameçons,Longline,Palangre,0,40,60,LOA,Length overall,34,PELAGIC
57,"NEIFR  ",NEI.FROZEN,NCA.CONGELÉ,2005,IND,Industrial Fishing,Pêcheries industrielles,5,LL,Longline,Palangre dérivante au-dessus de 1800 hameçons,Longline,Palangre,0,60,80,LOA,Length overall,1,PELAGIC
22,"IND    ",INDIA,INDE,2005,IND,Industrial Fishing,Pêcheries industrielles,5,LLEX,Exploratory longline,Palangre de prospection,Longline,Palangre,0,24,40,LOA,Length overall,4,PELAGIC
1,"AUS    ",AUSTRALIA,AUSTRALIE,2005,IND,Industrial Fishing,Pêcheries industrielles,1,PS,Purse seine,Senne tournante aux thons,Purse Seine,Senne tournante,0,24,40,LOA,Length overall,8,PELAGIC
1,"AUS    ",AUSTRALIA,AUSTRALIE,2005,IND,Industrial Fishing,Pêcheries industrielles,1,PS,Purse seine,Senne tournante aux thons,Purse Seine,Senne tournante,0,40,60,LOA,Length overall,3,PELAGIC
13,"EUFRA  ",EU.FRANCE,UE.FRANCE,2005,IND,Industrial Fishing,Pêcheries industrielles,1,PS,Purse seine,Senne tournante aux thons,Purse Seine,Senne tournante,0,60,80,LOA,Length overall,14,PELAGIC
13,"EUFRA  ",EU.FRANCE,UE.FRANCE,2005,IND,Industrial Fishing,Pêcheries industrielles,1,PS,Purse seine,Senne tournante aux thons,Purse Seine,Senne tournante,0,80,100,LOA,Length overall,2,PELAGIC
19,"EUESP  ",EU.SPAIN,UE.ESPAGNE,2005,IND,Industrial Fishing,Pêcheries industrielles,1,PS,Purse seine,Senne tournante aux thons,Purse Seine,Senne tournante,0,60,80,LOA,Length overall,7,PELAGIC
19,"EUESP  ",EU.SPAIN,UE.ESPAGNE,2005,IND,Industrial Fishing,Pêcheries industrielles,1,PS,Purse seine,Senne tournante aux thons,Purse Seine,Senne tournante,0,80,100,LOA,Length overall,7,PELAGIC
19,"EUESP  ",EU.SPAIN,UE.ESPAGNE,2005,IND,Industrial Fishing,Pêcheries industrielles,1,PS,Purse seine,Senne tournante aux thons,Purse Seine,Senne tournante,0,100,120,LOA,Length overall,6,PELAGIC
23,"IDN    ",INDONESIA,INDONÉSIE,2005,IND,Industrial Fishing,Pêcheries industrielles,1,PS,Purse seine,Senne tournante aux thons,Purse Seine,Senne tournante,0,24,40,LOA,Length overall,4,PELAGIC
23,"IDN    ",INDONESIA,INDONÉSIE,2005,IND,Industrial Fishing,Pêcheries industrielles,1,PS,Purse seine,Senne tournante aux thons,Purse Seine,Senne tournante,0,40,60,LOA,Length overall,1,PELAGIC
24,"IRN    ",IRAN ISLAMIC REP.,IRAN RÉP. ISLAMIQUE,2005,IND,Industrial Fishing,Pêcheries industrielles,1,PS,Purse seine,Senne tournante aux thons,Purse Seine,Senne tournante,0,40,60,LOA,Length overall,2,PELAGIC
24,"IRN    ",IRAN ISLAMIC REP.,IRAN RÉP. ISLAMIQUE,2005,IND,Industrial Fishing,Pêcheries industrielles,1,PS,Purse seine,Senne tournante aux thons,Purse Seine,Senne tournante,0,60,80,LOA,Length overall,6,PELAGIC
26,"JPN    ",JAPAN,JAPON,2005,IND,Industrial Fishing,Pêcheries industrielles,1,PS,Purse seine,Senne tournante aux thons,Purse Seine,Senne tournante,0,60,80,LOA,Length overall,1,PELAGIC
43,"SYC    ",SEYCHELLES,SEYCHELLES,2005,IND,Industrial Fishing,Pêcheries industrielles,1,PS,Purse seine,Senne tournante aux thons,Purse Seine,Senne tournante,0,60,80,LOA,Length overall,8,PELAGIC
43,"SYC    ",SEYCHELLES,SEYCHELLES,2005,IND,Industrial Fishing,Pêcheries industrielles,1,PS,Purse seine,Senne tournante aux thons,Purse Seine,Senne tournante,0,100,120,LOA,Length overall,3,PELAGIC
49,"THA    ",THAILAND,THAÏLANDE,2005,IND,Industrial Fishing,Pêcheries industrielles,1,PS,Purse seine,Senne tournante aux thons,Purse Seine,Senne tournante,0,60,80,LOA,Length overall,4,PELAGIC
49,"THA    ",THAILAND,THAÏLANDE,2005,IND,Industrial Fishing,Pêcheries industrielles,1,PS,Purse seine,Senne tournante aux thons,Purse Seine,Senne tournante,0,80,100,LOA,Length overall,2,PELAGIC
60,"EUITA  ",EU.ITALY,EU.ITALIE,2005,IND,Industrial Fishing,Pêcheries industrielles,1,PS,Purse seine,Senne tournante aux thons,Purse Seine,Senne tournante,0,80,100,LOA,Length overall,1,NULL
60,"EUITA  ",EU.ITALY,EU.ITALIE,2005,IND,Industrial Fishing,Pêcheries industrielles,1,PS,Purse seine,Senne tournante aux thons,Purse Seine,Senne tournante,0,80,100,LOA,Length overall,1,PELAGIC
49,"THA    ",THAILAND,THAÏLANDE,2005,ART,Artisanal Fishing,Pêcheries artisanales,1,PSS,Small purse seine,Senneur côtier,Purse Seine,Senne tournante,0,14,25,LOA,Length overall,257,"ALL    "
58,"NEIPS  ",NEI.OTHER,NCA.AUTRE,2005,IND,Industrial Fishing,Pêcheries industrielles,1,SUPP,Supply vessel,Bateau auxiliaire,Purse Seine,Senne tournante,0,24,40,LOA,Length overall,12,PELAGIC
58,"NEIPS  ",NEI.OTHER,NCA.AUTRE,2005,IND,Industrial Fishing,Pêcheries industrielles,1,SUPP,Supply vessel,Bateau auxiliaire,Purse Seine,Senne tournante,0,40,60,LOA,Length overall,1,PELAGIC
1,"AUS    ",AUSTRALIA,AUSTRALIE,2005,IND,Industrial Fishing,Pêcheries industrielles,9,TRAW,Trawl,Chaluts,Other,Autres,0,10,40,LOA,Length overall,4,COASTAL
49,"THA    ",THAILAND,THAÏLANDE,2005,ART,Artisanal Fishing,Pêcheries artisanales,9,TRAW,Trawl,Chaluts,Other,Autres,0,14,25,LOA,Length overall,666,COASTAL
24,"IRN    ",IRAN ISLAMIC REP.,IRAN RÉP. ISLAMIQUE,2005,ART,Artisanal Fishing,Pêcheries artisanales,6,TROL,Troll line,Ligne de traîne,Line,Lignes,0,0,2,GRT,Gross Registered Tonnage,206,COASTAL
33,"MDV    ",MALDIVES,MALDIVES,2005,ART,Artisanal Fishing,Pêcheries artisanales,6,TROL,Troll line,Ligne de traîne,Line,Lignes,0,5,10,LOA,Length overall,78,PELAGIC
27,"JOR    ",JORDAN,JORDANIE,2005,ART,Artisanal Fishing,Pêcheries artisanales,9,UNCL,Unclassified,Non classé,Other,Autres,1,2,10,LOA,Length overall,47,COASTAL
46,"LKA    ",SRI LANKA,SRI LANKA,2005,ART,Artisanal Fishing,Pêcheries artisanales,9,UNCL,Unclassified,Non classé,Other,Autres,1,1,8,LOA,Length overall,25749,"ALL    "
46,"LKA    ",SRI LANKA,SRI LANKA,2005,ART,Artisanal Fishing,Pêcheries artisanales,9,UNCL,Unclassified,Non classé,Other,Autres,1,8,9,LOA,Length overall,2824,"ALL    "
23,"IDN    ",INDONESIA,INDONÉSIE,2006,ART,Artisanal Fishing,Pêcheries artisanales,3,BB,Baitboat,Canne,Baitboat,Canne,0,30,50,GT,Gross Tonnage,3,PELAGIC
23,"IDN    ",INDONESIA,INDONÉSIE,2006,ART,Artisanal Fishing,Pêcheries artisanales,3,BB,Baitboat,Canne,Baitboat,Canne,0,50,150,GT,Gross Tonnage,9,PELAGIC
33,"MDV    ",MALDIVES,MALDIVES,2006,ART,Artisanal Fishing,Pêcheries artisanales,3,BB,Baitboat,Canne,Baitboat,Canne,0,10,15,LOA,Length overall,926,PELAGIC
1,"AUS    ",AUSTRALIA,AUSTRALIE,2006,IND,Industrial Fishing,Pêcheries industrielles,5,ELL,Longline targeting swordfish,Palangre à espadon,Longline,Palangre,0,15,24,LOA,Length overall,2,PELAGIC
1,"AUS    ",AUSTRALIA,AUSTRALIE,2006,IND,Industrial Fishing,Pêcheries industrielles,5,ELL,Longline targeting swordfish,Palangre à espadon,Longline,Palangre,0,24,40,LOA,Length overall,2,PELAGIC
14,"EUMYT  ",EU.FRANCE.MAYOTTE,UE.FRANCE.MAYOTTE,2006,IND,Industrial Fishing,Pêcheries industrielles,5,ELL,Longline targeting swordfish,Palangre à espadon,Longline,Palangre,0,0,15,LOA,Length overall,1,PELAGIC
15,"EUREU  ",EU.FRANCE.REUNION,UE.FRANCE.RÉUNION,2006,IND,Industrial Fishing,Pêcheries industrielles,5,ELL,Longline targeting swordfish,Palangre à espadon,Longline,Palangre,0,0,15,LOA,Length overall,30,PELAGIC
15,"EUREU  ",EU.FRANCE.REUNION,UE.FRANCE.RÉUNION,2006,IND,Industrial Fishing,Pêcheries industrielles,5,ELL,Longline targeting swordfish,Palangre à espadon,Longline,Palangre,0,15,24,LOA,Length overall,7,PELAGIC
15,"EUREU  ",EU.FRANCE.REUNION,UE.FRANCE.RÉUNION,2006,IND,Industrial Fishing,Pêcheries industrielles,5,ELL,Longline targeting swordfish,Palangre à espadon,Longline,Palangre,0,24,40,LOA,Length overall,3,PELAGIC
18,"EUPRT  ",EU.PORTUGAL,UE.PORTUGAL,2006,IND,Industrial Fishing,Pêcheries industrielles,5,ELL,Longline targeting swordfish,Palangre à espadon,Longline,Palangre,0,24,40,LOA,Length overall,7,PELAGIC
18,"EUPRT  ",EU.PORTUGAL,UE.PORTUGAL,2006,IND,Industrial Fishing,Pêcheries industrielles,5,ELL,Longline targeting swordfish,Palangre à espadon,Longline,Palangre,0,40,60,LOA,Length overall,9,PELAGIC
19,"EUESP  ",EU.SPAIN,UE.ESPAGNE,2006,IND,Industrial Fishing,Pêcheries industrielles,5,ELL,Longline targeting swordfish,Palangre à espadon,Longline,Palangre,0,24,40,LOA,Length overall,16,PELAGIC
19,"EUESP  ",EU.SPAIN,UE.ESPAGNE,2006,IND,Industrial Fishing,Pêcheries industrielles,5,ELL,Longline targeting swordfish,Palangre à espadon,Longline,Palangre,0,40,60,LOA,Length overall,11,PELAGIC
20,GBR,UNITED KINGDOM,ROYAUME-UNI,2006,IND,Industrial Fishing,Pêcheries industrielles,5,ELL,Longline targeting swordfish,Palangre à espadon,Longline,Palangre,0,24,40,LOA,Length overall,1,PELAGIC
20,GBR,UNITED KINGDOM,ROYAUME-UNI,2006,IND,Industrial Fishing,Pêcheries industrielles,5,ELL,Longline targeting swordfish,Palangre à espadon,Longline,Palangre,0,40,60,LOA,Length overall,2,PELAGIC
21,"GIN    ",GUINEA,GUINÉE,2006,IND,Industrial Fishing,Pêcheries industrielles,5,ELL,Longline targeting swordfish,Palangre à espadon,Longline,Palangre,0,40,60,LOA,Length overall,3,PELAGIC
28,"KEN    ",KENYA,KENYA,2006,IND,Industrial Fishing,Pêcheries industrielles,5,ELL,Longline targeting swordfish,Palangre à espadon,Longline,Palangre,0,24,40,LOA,Length overall,1,PELAGIC
31,"MDG    ",MADAGASCAR,MADAGASCAR,2006,IND,Industrial Fishing,Pêcheries industrielles,5,ELL,Longline targeting swordfish,Palangre à espadon,Longline,Palangre,0,24,40,LOA,Length overall,2,PELAGIC
34,"MUS    ",MAURITIUS,MAURICE,2006,IND,Industrial Fishing,Pêcheries industrielles,5,ELL,Longline targeting swordfish,Palangre à espadon,Longline,Palangre,0,0,15,LOA,Length overall,2,PELAGIC
34,"MUS    ",MAURITIUS,MAURICE,2006,IND,Industrial Fishing,Pêcheries industrielles,5,ELL,Longline targeting swordfish,Palangre à espadon,Longline,Palangre,0,15,24,LOA,Length overall,3,PELAGIC
42,"SEN    ",SENEGAL,SÉNÉGAL,2006,IND,Industrial Fishing,Pêcheries industrielles,5,ELL,Longline targeting swordfish,Palangre à espadon,Longline,Palangre,0,40,60,LOA,Length overall,3,PELAGIC
43,"SYC    ",SEYCHELLES,SEYCHELLES,2006,IND,Industrial Fishing,Pêcheries industrielles,5,ELL,Longline targeting swordfish,Palangre à espadon,Longline,Palangre,0,0,15,LOA,Length overall,4,PELAGIC
43,"SYC    ",SEYCHELLES,SEYCHELLES,2006,IND,Industrial Fishing,Pêcheries industrielles,5,ELL,Longline targeting swordfish,Palangre à espadon,Longline,Palangre,0,15,24,LOA,Length overall,6,PELAGIC
44,"ZAF    ",SOUTH AFRICA,AFRIQUE DU SUD,2006,IND,Industrial Fishing,Pêcheries industrielles,5,ELL,Longline targeting swordfish,Palangre à espadon,Longline,Palangre,0,15,24,LOA,Length overall,3,PELAGIC
44,"ZAF    ",SOUTH AFRICA,AFRIQUE DU SUD,2006,IND,Industrial Fishing,Pêcheries industrielles,5,ELL,Longline targeting swordfish,Palangre à espadon,Longline,Palangre,0,24,40,LOA,Length overall,11,PELAGIC
57,"NEIFR  ",NEI.FROZEN,NCA.CONGELÉ,2006,IND,Industrial Fishing,Pêcheries industrielles,5,ELL,Longline targeting swordfish,Palangre à espadon,Longline,Palangre,0,24,40,LOA,Length overall,2,PELAGIC
57,"NEIFR  ",NEI.FROZEN,NCA.CONGELÉ,2006,IND,Industrial Fishing,Pêcheries industrielles,5,ELL,Longline targeting swordfish,Palangre à espadon,Longline,Palangre,0,40,60,LOA,Length overall,4,PELAGIC
4,"BLZ    ",BELIZE,BELIZE,2006,IND,Industrial Fishing,Pêcheries industrielles,5,FLL,Longline Fresh,Palangre Frais,Longline,Palangre,0,24,40,LOA,Length overall,6,PELAGIC
5,"CHN    ",CHINA,CHINE,2006,IND,Industrial Fishing,Pêcheries industrielles,5,FLL,Longline Fresh,Palangre Frais,Longline,Palangre,0,24,40,LOA,Length overall,26,PELAGIC
6,"TWN    ","TAIWAN,CHINA","TAIWAN,CHINE",2006,IND,Industrial Fishing,Pêcheries industrielles,5,FLL,Longline Fresh,Palangre Frais,Longline,Palangre,0,15,24,LOA,Length overall,203,PELAGIC
6,"TWN    ","TAIWAN,CHINA","TAIWAN,CHINE",2006,IND,Industrial Fishing,Pêcheries industrielles,5,FLL,Longline Fresh,Palangre Frais,Longline,Palangre,0,24,40,LOA,Length overall,120,PELAGIC
22,"IND    ",INDIA,INDE,2006,IND,Industrial Fishing,Pêcheries industrielles,5,FLL,Longline Fresh,Palangre Frais,Longline,Palangre,0,15,24,LOA,Length overall,16,PELAGIC
23,"IDN    ",INDONESIA,INDONÉSIE,2006,IND,Industrial Fishing,Pêcheries industrielles,5,FLL,Longline Fresh,Palangre Frais,Longline,Palangre,0,0,15,LOA,Length overall,60,PELAGIC
23,"IDN    ",INDONESIA,INDONÉSIE,2006,IND,Industrial Fishing,Pêcheries industrielles,5,FLL,Longline Fresh,Palangre Frais,Longline,Palangre,0,15,24,LOA,Length overall,948,PELAGIC
23,"IDN    ",INDONESIA,INDONÉSIE,2006,IND,Industrial Fishing,Pêcheries industrielles,5,FLL,Longline Fresh,Palangre Frais,Longline,Palangre,0,24,40,LOA,Length overall,177,PELAGIC
32,"MYS    ",MALAYSIA,MALAISIE,2006,IND,Industrial Fishing,Pêcheries industrielles,5,FLL,Longline Fresh,Palangre Frais,Longline,Palangre,0,15,24,LOA,Length overall,9,PELAGIC
32,"MYS    ",MALAYSIA,MALAISIE,2006,IND,Industrial Fishing,Pêcheries industrielles,5,FLL,Longline Fresh,Palangre Frais,Longline,Palangre,0,24,40,LOA,Length overall,19,PELAGIC
37,"OMN    ",OMAN,OMAN,2006,IND,Industrial Fishing,Pêcheries industrielles,5,FLL,Longline Fresh,Palangre Frais,Longline,Palangre,0,0,15,LOA,Length overall,2,PELAGIC
37,"OMN    ",OMAN,OMAN,2006,IND,Industrial Fishing,Pêcheries industrielles,5,FLL,Longline Fresh,Palangre Frais,Longline,Palangre,0,15,24,LOA,Length overall,13,PELAGIC
37,"OMN    ",OMAN,OMAN,2006,IND,Industrial Fishing,Pêcheries industrielles,5,FLL,Longline Fresh,Palangre Frais,Longline,Palangre,0,24,40,LOA,Length overall,7,PELAGIC
55,"NEICE  ",NEI.FRESH,NCA.FRAIS,2006,IND,Industrial Fishing,Pêcheries industrielles,5,FLL,Longline Fresh,Palangre Frais,Longline,Palangre,0,24,40,LOA,Length overall,1,PELAGIC
46,"LKA    ",SRI LANKA,SRI LANKA,2006,ART,Artisanal Fishing,Pêcheries artisanales,4,G/L,Gillnet and Longline combination,Filet maillant et Palangre,Gillnet,Filet maillant,1,9,18,LOA,Length overall,2394,PELAGIC
37,"OMN    ",OMAN,OMAN,2006,ART,Artisanal Fishing,Pêcheries artisanales,4,GIHA,Gillnet and hand line,Filet maillant et Ligne à main,Gillnet,Filet maillant,1,1,10,LOA,Length overall,13266,COASTAL
1,"AUS    ",AUSTRALIA,AUSTRALIE,2006,ART,Artisanal Fishing,Pêcheries artisanales,4,GILL,Gillnet,Filet maillant,Gillnet,Filet maillant,0,4,20,LOA,Length overall,9,COASTAL
2,"BHR    ",BAHRAIN,BAHREÏN,2006,ART,Artisanal Fishing,Pêcheries artisanales,4,GILL,Gillnet,Filet maillant,Gillnet,Filet maillant,0,4,20,LOA,Length overall,9,COASTAL
24,"IRN    ",IRAN ISLAMIC REP.,IRAN RÉP. ISLAMIQUE,2006,ART,Artisanal Fishing,Pêcheries artisanales,4,GILL,Gillnet,Filet maillant,Gillnet,Filet maillant,0,101,NULL,GRT,Gross Registered Tonnage,130,"ALL    "
24,"IRN    ",IRAN ISLAMIC REP.,IRAN RÉP. ISLAMIQUE,2006,ART,Artisanal Fishing,Pêcheries artisanales,4,GILL,Gillnet,Filet maillant,Gillnet,Filet maillant,0,0,2,GRT,Gross Registered Tonnage,4125,"ALL    "
24,"IRN    ",IRAN ISLAMIC REP.,IRAN RÉP. ISLAMIQUE,2006,ART,Artisanal Fishing,Pêcheries artisanales,4,GILL,Gillnet,Filet maillant,Gillnet,Filet maillant,0,3,20,GRT,Gross Registered Tonnage,733,"ALL    "
24,"IRN    ",IRAN ISLAMIC REP.,IRAN RÉP. ISLAMIQUE,2006,ART,Artisanal Fishing,Pêcheries artisanales,4,GILL,Gillnet,Filet maillant,Gillnet,Filet maillant,0,21,50,GRT,Gross Registered Tonnage,715,"ALL    "
24,"IRN    ",IRAN ISLAMIC REP.,IRAN RÉP. ISLAMIQUE,2006,ART,Artisanal Fishing,Pêcheries artisanales,4,GILL,Gillnet,Filet maillant,Gillnet,Filet maillant,0,51,100,GRT,Gross Registered Tonnage,805,"ALL    "
37,"OMN    ",OMAN,OMAN,2006,ART,Artisanal Fishing,Pêcheries artisanales,4,GILL,Gillnet,Filet maillant,Gillnet,Filet maillant,0,10,24,LOA,Length overall,440,COASTAL
38,"PAK    ",PAKISTAN,PAKISTAN,2006,ART,Artisanal Fishing,Pêcheries artisanales,4,GILL,Gillnet,Filet maillant,Gillnet,Filet maillant,0,35,50,GRT,Gross Registered Tonnage,2502,"ALL    "
49,"THA    ",THAILAND,THAÏLANDE,2006,ART,Artisanal Fishing,Pêcheries artisanales,4,GILL,Gillnet,Filet maillant,Gillnet,Filet maillant,0,14,25,LOA,Length overall,55,COASTAL
33,"MDV    ",MALDIVES,MALDIVES,2006,ART,Artisanal Fishing,Pêcheries artisanales,6,HAND,Hand line,Ligne à main,Line,Lignes,0,4,6,LOA,Length overall,14,PELAGIC
43,"SYC    ",SEYCHELLES,SEYCHELLES,2006,ART,Artisanal Fishing,Pêcheries artisanales,6,HAND,Hand line,Ligne à main,Line,Lignes,0,5,10,LOA,Length overall,215,PELAGIC
43,"SYC    ",SEYCHELLES,SEYCHELLES,2006,ART,Artisanal Fishing,Pêcheries artisanales,6,HAND,Hand line,Ligne à main,Line,Lignes,0,7,12,LOA,Length overall,93,PELAGIC
43,"SYC    ",SEYCHELLES,SEYCHELLES,2006,ART,Artisanal Fishing,Pêcheries artisanales,6,HAND,Hand line,Ligne à main,Line,Lignes,0,9,26,LOA,Length overall,26,PELAGIC
44,"ZAF    ",SOUTH AFRICA,AFRIQUE DU SUD,2006,ART,Artisanal Fishing,Pêcheries artisanales,6,HAND,Hand line,Ligne à main,Line,Lignes,0,50,200,GRT,Gross Registered Tonnage,21,COASTAL
50,"GBRT   ",UK.TERRITORIES,RU.TERRITOIRES,2006,ART,Artisanal Fishing,Pêcheries artisanales,6,HAND,Hand line,Ligne à main,Line,Lignes,0,6,10,LOA,Length overall,43,PELAGIC
50,"GBRT   ",UK.TERRITORIES,RU.TERRITOIRES,2006,ART,Artisanal Fishing,Pêcheries artisanales,6,HAND,Hand line,Ligne à main,Line,Lignes,0,10,25,LOA,Length overall,4,PELAGIC
1,"AUS    ",AUSTRALIA,AUSTRALIE,2006,ART,Artisanal Fishing,Pêcheries artisanales,6,HATR,Hand line and Troll line,Ligne à main et Ligne de traîne,Line,Lignes,1,4,20,LOA,Length overall,48,COASTAL
2,"BHR    ",BAHRAIN,BAHREÏN,2006,ART,Artisanal Fishing,Pêcheries artisanales,6,HATR,Hand line and Troll line,Ligne à main et Ligne de traîne,Line,Lignes,1,4,20,LOA,Length overall,49,COASTAL
14,"EUMYT  ",EU.FRANCE.MAYOTTE,UE.FRANCE.MAYOTTE,2006,ART,Artisanal Fishing,Pêcheries artisanales,6,HATR,Hand line and Troll line,Ligne à main et Ligne de traîne,Line,Lignes,1,4,8,LOA,Length overall,350,PELAGIC
15,"EUREU  ",EU.FRANCE.REUNION,UE.FRANCE.RÉUNION,2006,ART,Artisanal Fishing,Pêcheries artisanales,6,HATR,Hand line and Troll line,Ligne à main et Ligne de traîne,Line,Lignes,1,5,14,LOA,Length overall,254,PELAGIC
4,"BLZ    ",BELIZE,BELIZE,2006,IND,Industrial Fishing,Pêcheries industrielles,5,LL,Longline,Palangre dérivante au-dessus de 1800 hameçons,Longline,Palangre,0,40,60,LOA,Length overall,2,PELAGIC
5,"CHN    ",CHINA,CHINE,2006,IND,Industrial Fishing,Pêcheries industrielles,5,LL,Longline,Palangre dérivante au-dessus de 1800 hameçons,Longline,Palangre,0,40,60,LOA,Length overall,41,PELAGIC
6,"TWN    ","TAIWAN,CHINA","TAIWAN,CHINE",2006,IND,Industrial Fishing,Pêcheries industrielles,5,LL,Longline,Palangre dérivante au-dessus de 1800 hameçons,Longline,Palangre,0,24,40,LOA,Length overall,11,PELAGIC
6,"TWN    ","TAIWAN,CHINA","TAIWAN,CHINE",2006,IND,Industrial Fishing,Pêcheries industrielles,5,LL,Longline,Palangre dérivante au-dessus de 1800 hameçons,Longline,Palangre,0,40,60,LOA,Length overall,212,PELAGIC
6,"TWN    ","TAIWAN,CHINA","TAIWAN,CHINE",2006,IND,Industrial Fishing,Pêcheries industrielles,5,LL,Longline,Palangre dérivante au-dessus de 1800 hameçons,Longline,Palangre,0,60,80,LOA,Length overall,1,PELAGIC
22,"IND    ",INDIA,INDE,2006,IND,Industrial Fishing,Pêcheries industrielles,5,LL,Longline,Palangre dérivante au-dessus de 1800 hameçons,Longline,Palangre,0,24,40,LOA,Length overall,5,PELAGIC
22,"IND    ",INDIA,INDE,2006,IND,Industrial Fishing,Pêcheries industrielles,5,LL,Longline,Palangre dérivante au-dessus de 1800 hameçons,Longline,Palangre,0,40,60,LOA,Length overall,43,PELAGIC
23,"IDN    ",INDONESIA,INDONÉSIE,2006,IND,Industrial Fishing,Pêcheries industrielles,5,LL,Longline,Palangre dérivante au-dessus de 1800 hameçons,Longline,Palangre,0,24,40,LOA,Length overall,2,PELAGIC
23,"IDN    ",INDONESIA,INDONÉSIE,2006,IND,Industrial Fishing,Pêcheries industrielles,5,LL,Longline,Palangre dérivante au-dessus de 1800 hameçons,Longline,Palangre,0,40,60,LOA,Length overall,15,PELAGIC
26,"JPN    ",JAPAN,JAPON,2006,IND,Industrial Fishing,Pêcheries industrielles,5,LL,Longline,Palangre dérivante au-dessus de 1800 hameçons,Longline,Palangre,0,24,40,LOA,Length overall,3,PELAGIC
26,"JPN    ",JAPAN,JAPON,2006,IND,Industrial Fishing,Pêcheries industrielles,5,LL,Longline,Palangre dérivante au-dessus de 1800 hameçons,Longline,Palangre,0,40,60,LOA,Length overall,185,PELAGIC
29,"KOR    ",KOREA REP.,CORÉE RÉP.,2006,IND,Industrial Fishing,Pêcheries industrielles,5,LL,Longline,Palangre dérivante au-dessus de 1800 hameçons,Longline,Palangre,0,24,40,LOA,Length overall,1,PELAGIC
29,"KOR    ",KOREA REP.,CORÉE RÉP.,2006,IND,Industrial Fishing,Pêcheries industrielles,5,LL,Longline,Palangre dérivante au-dessus de 1800 hameçons,Longline,Palangre,0,40,60,LOA,Length overall,25,PELAGIC
34,"MUS    ",MAURITIUS,MAURICE,2006,IND,Industrial Fishing,Pêcheries industrielles,5,LL,Longline,Palangre dérivante au-dessus de 1800 hameçons,Longline,Palangre,0,24,40,LOA,Length overall,1,PELAGIC
34,"MUS    ",MAURITIUS,MAURICE,2006,IND,Industrial Fishing,Pêcheries industrielles,5,LL,Longline,Palangre dérivante au-dessus de 1800 hameçons,Longline,Palangre,0,40,60,LOA,Length overall,2,PELAGIC
37,"OMN    ",OMAN,OMAN,2006,IND,Industrial Fishing,Pêcheries industrielles,5,LL,Longline,Palangre dérivante au-dessus de 1800 hameçons,Longline,Palangre,0,40,60,LOA,Length overall,2,PELAGIC
39,"PHL    ",PHILIPPINES,PHILIPPINES,2006,IND,Industrial Fishing,Pêcheries industrielles,5,LL,Longline,Palangre dérivante au-dessus de 1800 hameçons,Longline,Palangre,0,40,60,LOA,Length overall,18,PELAGIC
43,"SYC    ",SEYCHELLES,SEYCHELLES,2006,IND,Industrial Fishing,Pêcheries industrielles,5,LL,Longline,Palangre dérivante au-dessus de 1800 hameçons,Longline,Palangre,0,24,40,LOA,Length overall,1,PELAGIC
43,"SYC    ",SEYCHELLES,SEYCHELLES,2006,IND,Industrial Fishing,Pêcheries industrielles,5,LL,Longline,Palangre dérivante au-dessus de 1800 hameçons,Longline,Palangre,0,40,60,LOA,Length overall,24,PELAGIC
48,"TZA    ",TANZANIA,TANZANIE,2006,IND,Industrial Fishing,Pêcheries industrielles,5,LL,Longline,Palangre dérivante au-dessus de 1800 hameçons,Longline,Palangre,0,40,60,LOA,Length overall,3,PELAGIC
49,"THA    ",THAILAND,THAÏLANDE,2006,IND,Industrial Fishing,Pêcheries industrielles,5,LL,Longline,Palangre dérivante au-dessus de 1800 hameçons,Longline,Palangre,0,24,40,LOA,Length overall,1,PELAGIC
49,"THA    ",THAILAND,THAÏLANDE,2006,IND,Industrial Fishing,Pêcheries industrielles,5,LL,Longline,Palangre dérivante au-dessus de 1800 hameçons,Longline,Palangre,0,40,60,LOA,Length overall,2,PELAGIC
57,"NEIFR  ",NEI.FROZEN,NCA.CONGELÉ,2006,IND,Industrial Fishing,Pêcheries industrielles,5,LL,Longline,Palangre dérivante au-dessus de 1800 hameçons,Longline,Palangre,0,24,40,LOA,Length overall,1,PELAGIC
57,"NEIFR  ",NEI.FROZEN,NCA.CONGELÉ,2006,IND,Industrial Fishing,Pêcheries industrielles,5,LL,Longline,Palangre dérivante au-dessus de 1800 hameçons,Longline,Palangre,0,40,60,LOA,Length overall,25,PELAGIC
57,"NEIFR  ",NEI.FROZEN,NCA.CONGELÉ,2006,IND,Industrial Fishing,Pêcheries industrielles,5,LL,Longline,Palangre dérivante au-dessus de 1800 hameçons,Longline,Palangre,0,60,80,LOA,Length overall,1,PELAGIC
22,"IND    ",INDIA,INDE,2006,IND,Industrial Fishing,Pêcheries industrielles,5,LLEX,Exploratory longline,Palangre de prospection,Longline,Palangre,0,24,40,LOA,Length overall,4,PELAGIC
1,"AUS    ",AUSTRALIA,AUSTRALIE,2006,IND,Industrial Fishing,Pêcheries industrielles,1,PS,Purse seine,Senne tournante aux thons,Purse Seine,Senne tournante,0,24,40,LOA,Length overall,7,PELAGIC
1,"AUS    ",AUSTRALIA,AUSTRALIE,2006,IND,Industrial Fishing,Pêcheries industrielles,1,PS,Purse seine,Senne tournante aux thons,Purse Seine,Senne tournante,0,40,60,LOA,Length overall,3,PELAGIC
13,"EUFRA  ",EU.FRANCE,UE.FRANCE,2006,IND,Industrial Fishing,Pêcheries industrielles,1,PS,Purse seine,Senne tournante aux thons,Purse Seine,Senne tournante,0,60,80,LOA,Length overall,14,PELAGIC
13,"EUFRA  ",EU.FRANCE,UE.FRANCE,2006,IND,Industrial Fishing,Pêcheries industrielles,1,PS,Purse seine,Senne tournante aux thons,Purse Seine,Senne tournante,0,80,100,LOA,Length overall,3,PELAGIC
14,"EUMYT  ",EU.FRANCE.MAYOTTE,UE.FRANCE.MAYOTTE,2006,IND,Industrial Fishing,Pêcheries industrielles,1,PS,Purse seine,Senne tournante aux thons,Purse Seine,Senne tournante,0,80,100,LOA,Length overall,1,PELAGIC
19,"EUESP  ",EU.SPAIN,UE.ESPAGNE,2006,IND,Industrial Fishing,Pêcheries industrielles,1,PS,Purse seine,Senne tournante aux thons,Purse Seine,Senne tournante,0,60,80,LOA,Length overall,8,PELAGIC
19,"EUESP  ",EU.SPAIN,UE.ESPAGNE,2006,IND,Industrial Fishing,Pêcheries industrielles,1,PS,Purse seine,Senne tournante aux thons,Purse Seine,Senne tournante,0,80,100,LOA,Length overall,7,PELAGIC
19,"EUESP  ",EU.SPAIN,UE.ESPAGNE,2006,IND,Industrial Fishing,Pêcheries industrielles,1,PS,Purse seine,Senne tournante aux thons,Purse Seine,Senne tournante,0,100,120,LOA,Length overall,7,PELAGIC
23,"IDN    ",INDONESIA,INDONÉSIE,2006,IND,Industrial Fishing,Pêcheries industrielles,1,PS,Purse seine,Senne tournante aux thons,Purse Seine,Senne tournante,0,24,40,LOA,Length overall,4,PELAGIC
23,"IDN    ",INDONESIA,INDONÉSIE,2006,IND,Industrial Fishing,Pêcheries industrielles,1,PS,Purse seine,Senne tournante aux thons,Purse Seine,Senne tournante,0,40,60,LOA,Length overall,1,PELAGIC
24,"IRN    ",IRAN ISLAMIC REP.,IRAN RÉP. ISLAMIQUE,2006,IND,Industrial Fishing,Pêcheries industrielles,1,PS,Purse seine,Senne tournante aux thons,Purse Seine,Senne tournante,0,40,60,LOA,Length overall,2,PELAGIC
24,"IRN    ",IRAN ISLAMIC REP.,IRAN RÉP. ISLAMIQUE,2006,IND,Industrial Fishing,Pêcheries industrielles,1,PS,Purse seine,Senne tournante aux thons,Purse Seine,Senne tournante,0,60,80,LOA,Length overall,7,PELAGIC
26,"JPN    ",JAPAN,JAPON,2006,IND,Industrial Fishing,Pêcheries industrielles,1,PS,Purse seine,Senne tournante aux thons,Purse Seine,Senne tournante,0,60,80,LOA,Length overall,2,PELAGIC
43,"SYC    ",SEYCHELLES,SEYCHELLES,2006,IND,Industrial Fishing,Pêcheries industrielles,1,PS,Purse seine,Senne tournante aux thons,Purse Seine,Senne tournante,0,60,80,LOA,Length overall,6,PELAGIC
43,"SYC    ",SEYCHELLES,SEYCHELLES,2006,IND,Industrial Fishing,Pêcheries industrielles,1,PS,Purse seine,Senne tournante aux thons,Purse Seine,Senne tournante,0,80,100,LOA,Length overall,1,PELAGIC
43,"SYC    ",SEYCHELLES,SEYCHELLES,2006,IND,Industrial Fishing,Pêcheries industrielles,1,PS,Purse seine,Senne tournante aux thons,Purse Seine,Senne tournante,0,100,120,LOA,Length overall,3,PELAGIC
49,"THA    ",THAILAND,THAÏLANDE,2006,IND,Industrial Fishing,Pêcheries industrielles,1,PS,Purse seine,Senne tournante aux thons,Purse Seine,Senne tournante,0,60,80,LOA,Length overall,4,PELAGIC
49,"THA    ",THAILAND,THAÏLANDE,2006,IND,Industrial Fishing,Pêcheries industrielles,1,PS,Purse seine,Senne tournante aux thons,Purse Seine,Senne tournante,0,80,100,LOA,Length overall,2,PELAGIC
60,"EUITA  ",EU.ITALY,EU.ITALIE,2006,IND,Industrial Fishing,Pêcheries industrielles,1,PS,Purse seine,Senne tournante aux thons,Purse Seine,Senne tournante,0,80,100,LOA,Length overall,1,NULL
60,"EUITA  ",EU.ITALY,EU.ITALIE,2006,IND,Industrial Fishing,Pêcheries industrielles,1,PS,Purse seine,Senne tournante aux thons,Purse Seine,Senne tournante,0,80,100,LOA,Length overall,1,PELAGIC
49,"THA    ",THAILAND,THAÏLANDE,2006,ART,Artisanal Fishing,Pêcheries artisanales,1,PSS,Small purse seine,Senneur côtier,Purse Seine,Senne tournante,0,14,25,LOA,Length overall,247,"ALL    "
58,"NEIPS  ",NEI.OTHER,NCA.AUTRE,2006,IND,Industrial Fishing,Pêcheries industrielles,1,SUPP,Supply vessel,Bateau auxiliaire,Purse Seine,Senne tournante,0,24,40,LOA,Length overall,12,PELAGIC
58,"NEIPS  ",NEI.OTHER,NCA.AUTRE,2006,IND,Industrial Fishing,Pêcheries industrielles,1,SUPP,Supply vessel,Bateau auxiliaire,Purse Seine,Senne tournante,0,40,60,LOA,Length overall,1,PELAGIC
1,"AUS    ",AUSTRALIA,AUSTRALIE,2006,IND,Industrial Fishing,Pêcheries industrielles,9,TRAW,Trawl,Chaluts,Other,Autres,0,10,40,LOA,Length overall,10,COASTAL
2,"BHR    ",BAHRAIN,BAHREÏN,2006,ART,Artisanal Fishing,Pêcheries artisanales,9,TRAW,Trawl,Chaluts,Other,Autres,0,8,23,LOA,Length overall,47,COASTAL
49,"THA    ",THAILAND,THAÏLANDE,2006,ART,Artisanal Fishing,Pêcheries artisanales,9,TRAW,Trawl,Chaluts,Other,Autres,0,14,25,LOA,Length overall,677,COASTAL
24,"IRN    ",IRAN ISLAMIC REP.,IRAN RÉP. ISLAMIQUE,2006,ART,Artisanal Fishing,Pêcheries artisanales,6,TROL,Troll line,Ligne de traîne,Line,Lignes,0,0,2,GRT,Gross Registered Tonnage,214,COASTAL
33,"MDV    ",MALDIVES,MALDIVES,2006,ART,Artisanal Fishing,Pêcheries artisanales,6,TROL,Troll line,Ligne de traîne,Line,Lignes,0,5,10,LOA,Length overall,55,PELAGIC
27,"JOR    ",JORDAN,JORDANIE,2006,ART,Artisanal Fishing,Pêcheries artisanales,9,UNCL,Unclassified,Non classé,Other,Autres,1,2,10,LOA,Length overall,49,COASTAL
46,"LKA    ",SRI LANKA,SRI LANKA,2006,ART,Artisanal Fishing,Pêcheries artisanales,9,UNCL,Unclassified,Non classé,Other,Autres,1,1,8,LOA,Length overall,30207,"ALL    "
46,"LKA    ",SRI LANKA,SRI LANKA,2006,ART,Artisanal Fishing,Pêcheries artisanales,9,UNCL,Unclassified,Non classé,Other,Autres,1,8,9,LOA,Length overall,2749,"ALL    "
23,"IDN    ",INDONESIA,INDONÉSIE,2007,ART,Artisanal Fishing,Pêcheries artisanales,3,BB,Baitboat,Canne,Baitboat,Canne,0,30,50,GT,Gross Tonnage,1,PELAGIC
23,"IDN    ",INDONESIA,INDONÉSIE,2007,ART,Artisanal Fishing,Pêcheries artisanales,3,BB,Baitboat,Canne,Baitboat,Canne,0,50,150,GT,Gross Tonnage,7,PELAGIC
33,"MDV    ",MALDIVES,MALDIVES,2007,ART,Artisanal Fishing,Pêcheries artisanales,3,BB,Baitboat,Canne,Baitboat,Canne,0,10,15,LOA,Length overall,898,PELAGIC
1,"AUS    ",AUSTRALIA,AUSTRALIE,2007,IND,Industrial Fishing,Pêcheries industrielles,5,ELL,Longline targeting swordfish,Palangre à espadon,Longline,Palangre,0,15,24,LOA,Length overall,1,PELAGIC
1,"AUS    ",AUSTRALIA,AUSTRALIE,2007,IND,Industrial Fishing,Pêcheries industrielles,5,ELL,Longline targeting swordfish,Palangre à espadon,Longline,Palangre,0,24,40,LOA,Length overall,2,PELAGIC
14,"EUMYT  ",EU.FRANCE.MAYOTTE,UE.FRANCE.MAYOTTE,2007,IND,Industrial Fishing,Pêcheries industrielles,5,ELL,Longline targeting swordfish,Palangre à espadon,Longline,Palangre,0,0,15,LOA,Length overall,2,PELAGIC
15,"EUREU  ",EU.FRANCE.REUNION,UE.FRANCE.RÉUNION,2007,IND,Industrial Fishing,Pêcheries industrielles,5,ELL,Longline targeting swordfish,Palangre à espadon,Longline,Palangre,0,0,15,LOA,Length overall,29,PELAGIC
15,"EUREU  ",EU.FRANCE.REUNION,UE.FRANCE.RÉUNION,2007,IND,Industrial Fishing,Pêcheries industrielles,5,ELL,Longline targeting swordfish,Palangre à espadon,Longline,Palangre,0,15,24,LOA,Length overall,16,PELAGIC
15,"EUREU  ",EU.FRANCE.REUNION,UE.FRANCE.RÉUNION,2007,IND,Industrial Fishing,Pêcheries industrielles,5,ELL,Longline targeting swordfish,Palangre à espadon,Longline,Palangre,0,24,40,LOA,Length overall,1,PELAGIC
18,"EUPRT  ",EU.PORTUGAL,UE.PORTUGAL,2007,IND,Industrial Fishing,Pêcheries industrielles,5,ELL,Longline targeting swordfish,Palangre à espadon,Longline,Palangre,0,24,40,LOA,Length overall,18,PELAGIC
18,"EUPRT  ",EU.PORTUGAL,UE.PORTUGAL,2007,IND,Industrial Fishing,Pêcheries industrielles,5,ELL,Longline targeting swordfish,Palangre à espadon,Longline,Palangre,0,40,60,LOA,Length overall,8,PELAGIC
19,"EUESP  ",EU.SPAIN,UE.ESPAGNE,2007,IND,Industrial Fishing,Pêcheries industrielles,5,ELL,Longline targeting swordfish,Palangre à espadon,Longline,Palangre,0,24,40,LOA,Length overall,15,PELAGIC
19,"EUESP  ",EU.SPAIN,UE.ESPAGNE,2007,IND,Industrial Fishing,Pêcheries industrielles,5,ELL,Longline targeting swordfish,Palangre à espadon,Longline,Palangre,0,40,60,LOA,Length overall,10,PELAGIC
20,GBR,UNITED KINGDOM,ROYAUME-UNI,2007,IND,Industrial Fishing,Pêcheries industrielles,5,ELL,Longline targeting swordfish,Palangre à espadon,Longline,Palangre,0,24,40,LOA,Length overall,2,PELAGIC
20,GBR,UNITED KINGDOM,ROYAUME-UNI,2007,IND,Industrial Fishing,Pêcheries industrielles,5,ELL,Longline targeting swordfish,Palangre à espadon,Longline,Palangre,0,40,60,LOA,Length overall,2,PELAGIC
21,"GIN    ",GUINEA,GUINÉE,2007,IND,Industrial Fishing,Pêcheries industrielles,5,ELL,Longline targeting swordfish,Palangre à espadon,Longline,Palangre,0,40,60,LOA,Length overall,3,PELAGIC
28,"KEN    ",KENYA,KENYA,2007,IND,Industrial Fishing,Pêcheries industrielles,5,ELL,Longline targeting swordfish,Palangre à espadon,Longline,Palangre,0,24,40,LOA,Length overall,1,PELAGIC
31,"MDG    ",MADAGASCAR,MADAGASCAR,2007,IND,Industrial Fishing,Pêcheries industrielles,5,ELL,Longline targeting swordfish,Palangre à espadon,Longline,Palangre,0,24,40,LOA,Length overall,2,PELAGIC
34,"MUS    ",MAURITIUS,MAURICE,2007,IND,Industrial Fishing,Pêcheries industrielles,5,ELL,Longline targeting swordfish,Palangre à espadon,Longline,Palangre,0,15,24,LOA,Length overall,6,PELAGIC
43,"SYC    ",SEYCHELLES,SEYCHELLES,2007,IND,Industrial Fishing,Pêcheries industrielles,5,ELL,Longline targeting swordfish,Palangre à espadon,Longline,Palangre,0,0,15,LOA,Length overall,2,PELAGIC
43,"SYC    ",SEYCHELLES,SEYCHELLES,2007,IND,Industrial Fishing,Pêcheries industrielles,5,ELL,Longline targeting swordfish,Palangre à espadon,Longline,Palangre,0,15,24,LOA,Length overall,6,PELAGIC
44,"ZAF    ",SOUTH AFRICA,AFRIQUE DU SUD,2007,IND,Industrial Fishing,Pêcheries industrielles,5,ELL,Longline targeting swordfish,Palangre à espadon,Longline,Palangre,0,15,24,LOA,Length overall,13,PELAGIC
44,"ZAF    ",SOUTH AFRICA,AFRIQUE DU SUD,2007,IND,Industrial Fishing,Pêcheries industrielles,5,ELL,Longline targeting swordfish,Palangre à espadon,Longline,Palangre,0,24,40,LOA,Length overall,10,PELAGIC
44,"ZAF    ",SOUTH AFRICA,AFRIQUE DU SUD,2007,IND,Industrial Fishing,Pêcheries industrielles,5,ELL,Longline targeting swordfish,Palangre à espadon,Longline,Palangre,0,40,60,LOA,Length overall,1,PELAGIC
57,"NEIFR  ",NEI.FROZEN,NCA.CONGELÉ,2007,IND,Industrial Fishing,Pêcheries industrielles,5,ELL,Longline targeting swordfish,Palangre à espadon,Longline,Palangre,0,24,40,LOA,Length overall,1,PELAGIC
57,"NEIFR  ",NEI.FROZEN,NCA.CONGELÉ,2007,IND,Industrial Fishing,Pêcheries industrielles,5,ELL,Longline targeting swordfish,Palangre à espadon,Longline,Palangre,0,40,60,LOA,Length overall,2,PELAGIC
4,"BLZ    ",BELIZE,BELIZE,2007,IND,Industrial Fishing,Pêcheries industrielles,5,FLL,Longline Fresh,Palangre Frais,Longline,Palangre,0,24,40,LOA,Length overall,7,PELAGIC
5,"CHN    ",CHINA,CHINE,2007,IND,Industrial Fishing,Pêcheries industrielles,5,FLL,Longline Fresh,Palangre Frais,Longline,Palangre,0,24,40,LOA,Length overall,26,PELAGIC
6,"TWN    ","TAIWAN,CHINA","TAIWAN,CHINE",2007,IND,Industrial Fishing,Pêcheries industrielles,5,FLL,Longline Fresh,Palangre Frais,Longline,Palangre,0,15,24,LOA,Length overall,203,PELAGIC
6,"TWN    ","TAIWAN,CHINA","TAIWAN,CHINE",2007,IND,Industrial Fishing,Pêcheries industrielles,5,FLL,Longline Fresh,Palangre Frais,Longline,Palangre,0,24,40,LOA,Length overall,121,PELAGIC
22,"IND    ",INDIA,INDE,2007,IND,Industrial Fishing,Pêcheries industrielles,5,FLL,Longline Fresh,Palangre Frais,Longline,Palangre,0,15,24,LOA,Length overall,35,PELAGIC
23,"IDN    ",INDONESIA,INDONÉSIE,2007,IND,Industrial Fishing,Pêcheries industrielles,5,FLL,Longline Fresh,Palangre Frais,Longline,Palangre,0,0,15,LOA,Length overall,53,PELAGIC
23,"IDN    ",INDONESIA,INDONÉSIE,2007,IND,Industrial Fishing,Pêcheries industrielles,5,FLL,Longline Fresh,Palangre Frais,Longline,Palangre,0,15,24,LOA,Length overall,841,PELAGIC
23,"IDN    ",INDONESIA,INDONÉSIE,2007,IND,Industrial Fishing,Pêcheries industrielles,5,FLL,Longline Fresh,Palangre Frais,Longline,Palangre,0,24,40,LOA,Length overall,158,PELAGIC
32,"MYS    ",MALAYSIA,MALAISIE,2007,IND,Industrial Fishing,Pêcheries industrielles,5,FLL,Longline Fresh,Palangre Frais,Longline,Palangre,0,15,24,LOA,Length overall,24,PELAGIC
32,"MYS    ",MALAYSIA,MALAISIE,2007,IND,Industrial Fishing,Pêcheries industrielles,5,FLL,Longline Fresh,Palangre Frais,Longline,Palangre,0,24,40,LOA,Length overall,32,PELAGIC
37,"OMN    ",OMAN,OMAN,2007,IND,Industrial Fishing,Pêcheries industrielles,5,FLL,Longline Fresh,Palangre Frais,Longline,Palangre,0,0,15,LOA,Length overall,2,PELAGIC
37,"OMN    ",OMAN,OMAN,2007,IND,Industrial Fishing,Pêcheries industrielles,5,FLL,Longline Fresh,Palangre Frais,Longline,Palangre,0,15,24,LOA,Length overall,15,PELAGIC
37,"OMN    ",OMAN,OMAN,2007,IND,Industrial Fishing,Pêcheries industrielles,5,FLL,Longline Fresh,Palangre Frais,Longline,Palangre,0,24,40,LOA,Length overall,7,PELAGIC
46,"LKA    ",SRI LANKA,SRI LANKA,2007,IND,Industrial Fishing,Pêcheries industrielles,5,FLL,Longline Fresh,Palangre Frais,Longline,Palangre,0,24,40,LOA,Length overall,15,PELAGIC
55,"NEICE  ",NEI.FRESH,NCA.FRAIS,2007,IND,Industrial Fishing,Pêcheries industrielles,5,FLL,Longline Fresh,Palangre Frais,Longline,Palangre,0,24,40,LOA,Length overall,5,PELAGIC
46,"LKA    ",SRI LANKA,SRI LANKA,2007,ART,Artisanal Fishing,Pêcheries artisanales,4,G/L,Gillnet and Longline combination,Filet maillant et Palangre,Gillnet,Filet maillant,1,9,18,LOA,Length overall,2460,PELAGIC
37,"OMN    ",OMAN,OMAN,2007,ART,Artisanal Fishing,Pêcheries artisanales,4,GIHA,Gillnet and hand line,Filet maillant et Ligne à main,Gillnet,Filet maillant,1,1,10,LOA,Length overall,13404,COASTAL
1,"AUS    ",AUSTRALIA,AUSTRALIE,2007,ART,Artisanal Fishing,Pêcheries artisanales,4,GILL,Gillnet,Filet maillant,Gillnet,Filet maillant,0,4,20,LOA,Length overall,10,COASTAL
2,"BHR    ",BAHRAIN,BAHREÏN,2007,ART,Artisanal Fishing,Pêcheries artisanales,4,GILL,Gillnet,Filet maillant,Gillnet,Filet maillant,0,4,20,LOA,Length overall,6,COASTAL
24,"IRN    ",IRAN ISLAMIC REP.,IRAN RÉP. ISLAMIQUE,2007,ART,Artisanal Fishing,Pêcheries artisanales,4,GILL,Gillnet,Filet maillant,Gillnet,Filet maillant,0,101,NULL,GRT,Gross Registered Tonnage,147,"ALL    "
24,"IRN    ",IRAN ISLAMIC REP.,IRAN RÉP. ISLAMIQUE,2007,ART,Artisanal Fishing,Pêcheries artisanales,4,GILL,Gillnet,Filet maillant,Gillnet,Filet maillant,0,0,2,GRT,Gross Registered Tonnage,3966,"ALL    "
24,"IRN    ",IRAN ISLAMIC REP.,IRAN RÉP. ISLAMIQUE,2007,ART,Artisanal Fishing,Pêcheries artisanales,4,GILL,Gillnet,Filet maillant,Gillnet,Filet maillant,0,3,20,GRT,Gross Registered Tonnage,731,"ALL    "
24,"IRN    ",IRAN ISLAMIC REP.,IRAN RÉP. ISLAMIQUE,2007,ART,Artisanal Fishing,Pêcheries artisanales,4,GILL,Gillnet,Filet maillant,Gillnet,Filet maillant,0,21,50,GRT,Gross Registered Tonnage,725,"ALL    "
24,"IRN    ",IRAN ISLAMIC REP.,IRAN RÉP. ISLAMIQUE,2007,ART,Artisanal Fishing,Pêcheries artisanales,4,GILL,Gillnet,Filet maillant,Gillnet,Filet maillant,0,51,100,GRT,Gross Registered Tonnage,794,"ALL    "
37,"OMN    ",OMAN,OMAN,2007,ART,Artisanal Fishing,Pêcheries artisanales,4,GILL,Gillnet,Filet maillant,Gillnet,Filet maillant,0,10,24,LOA,Length overall,458,COASTAL
38,"PAK    ",PAKISTAN,PAKISTAN,2007,ART,Artisanal Fishing,Pêcheries artisanales,4,GILL,Gillnet,Filet maillant,Gillnet,Filet maillant,0,35,50,GRT,Gross Registered Tonnage,2543,"ALL    "
49,"THA    ",THAILAND,THAÏLANDE,2007,ART,Artisanal Fishing,Pêcheries artisanales,4,GILL,Gillnet,Filet maillant,Gillnet,Filet maillant,0,14,25,LOA,Length overall,39,COASTAL
1,"AUS    ",AUSTRALIA,AUSTRALIE,2007,ART,Artisanal Fishing,Pêcheries artisanales,6,HAND,Hand line,Ligne à main,Line,Lignes,0,4,20,LOA,Length overall,5,COASTAL
33,"MDV    ",MALDIVES,MALDIVES,2007,ART,Artisanal Fishing,Pêcheries artisanales,6,HAND,Hand line,Ligne à main,Line,Lignes,0,4,6,LOA,Length overall,16,PELAGIC
43,"SYC    ",SEYCHELLES,SEYCHELLES,2007,ART,Artisanal Fishing,Pêcheries artisanales,6,HAND,Hand line,Ligne à main,Line,Lignes,0,5,10,LOA,Length overall,243,PELAGIC
43,"SYC    ",SEYCHELLES,SEYCHELLES,2007,ART,Artisanal Fishing,Pêcheries artisanales,6,HAND,Hand line,Ligne à main,Line,Lignes,0,7,12,LOA,Length overall,105,PELAGIC
43,"SYC    ",SEYCHELLES,SEYCHELLES,2007,ART,Artisanal Fishing,Pêcheries artisanales,6,HAND,Hand line,Ligne à main,Line,Lignes,0,9,26,LOA,Length overall,22,PELAGIC
44,"ZAF    ",SOUTH AFRICA,AFRIQUE DU SUD,2007,ART,Artisanal Fishing,Pêcheries artisanales,6,HAND,Hand line,Ligne à main,Line,Lignes,0,50,200,GRT,Gross Registered Tonnage,14,COASTAL
50,"GBRT   ",UK.TERRITORIES,RU.TERRITOIRES,2007,ART,Artisanal Fishing,Pêcheries artisanales,6,HAND,Hand line,Ligne à main,Line,Lignes,0,6,10,LOA,Length overall,43,PELAGIC
50,"GBRT   ",UK.TERRITORIES,RU.TERRITOIRES,2007,ART,Artisanal Fishing,Pêcheries artisanales,6,HAND,Hand line,Ligne à main,Line,Lignes,0,10,25,LOA,Length overall,4,PELAGIC
1,"AUS    ",AUSTRALIA,AUSTRALIE,2007,ART,Artisanal Fishing,Pêcheries artisanales,6,HATR,Hand line and Troll line,Ligne à main et Ligne de traîne,Line,Lignes,1,4,20,LOA,Length overall,43,COASTAL
2,"BHR    ",BAHRAIN,BAHREÏN,2007,ART,Artisanal Fishing,Pêcheries artisanales,6,HATR,Hand line and Troll line,Ligne à main et Ligne de traîne,Line,Lignes,1,4,20,LOA,Length overall,22,COASTAL
15,"EUREU  ",EU.FRANCE.REUNION,UE.FRANCE.RÉUNION,2007,ART,Artisanal Fishing,Pêcheries artisanales,6,HATR,Hand line and Troll line,Ligne à main et Ligne de traîne,Line,Lignes,1,5,14,LOA,Length overall,256,PELAGIC
4,"BLZ    ",BELIZE,BELIZE,2007,IND,Industrial Fishing,Pêcheries industrielles,5,LL,Longline,Palangre dérivante au-dessus de 1800 hameçons,Longline,Palangre,0,40,60,LOA,Length overall,3,PELAGIC
5,"CHN    ",CHINA,CHINE,2007,IND,Industrial Fishing,Pêcheries industrielles,5,LL,Longline,Palangre dérivante au-dessus de 1800 hameçons,Longline,Palangre,0,40,60,LOA,Length overall,41,PELAGIC
6,"TWN    ","TAIWAN,CHINA","TAIWAN,CHINE",2007,IND,Industrial Fishing,Pêcheries industrielles,5,LL,Longline,Palangre dérivante au-dessus de 1800 hameçons,Longline,Palangre,0,24,40,LOA,Length overall,12,PELAGIC
6,"TWN    ","TAIWAN,CHINA","TAIWAN,CHINE",2007,IND,Industrial Fishing,Pêcheries industrielles,5,LL,Longline,Palangre dérivante au-dessus de 1800 hameçons,Longline,Palangre,0,40,60,LOA,Length overall,209,PELAGIC
6,"TWN    ","TAIWAN,CHINA","TAIWAN,CHINE",2007,IND,Industrial Fishing,Pêcheries industrielles,5,LL,Longline,Palangre dérivante au-dessus de 1800 hameçons,Longline,Palangre,0,60,80,LOA,Length overall,1,PELAGIC
22,"IND    ",INDIA,INDE,2007,IND,Industrial Fishing,Pêcheries industrielles,5,LL,Longline,Palangre dérivante au-dessus de 1800 hameçons,Longline,Palangre,0,24,40,LOA,Length overall,0,PELAGIC
22,"IND    ",INDIA,INDE,2007,IND,Industrial Fishing,Pêcheries industrielles,5,LL,Longline,Palangre dérivante au-dessus de 1800 hameçons,Longline,Palangre,0,40,60,LOA,Length overall,32,PELAGIC
23,"IDN    ",INDONESIA,INDONÉSIE,2007,IND,Industrial Fishing,Pêcheries industrielles,5,LL,Longline,Palangre dérivante au-dessus de 1800 hameçons,Longline,Palangre,0,24,40,LOA,Length overall,3,PELAGIC
23,"IDN    ",INDONESIA,INDONÉSIE,2007,IND,Industrial Fishing,Pêcheries industrielles,5,LL,Longline,Palangre dérivante au-dessus de 1800 hameçons,Longline,Palangre,0,40,60,LOA,Length overall,20,PELAGIC
26,"JPN    ",JAPAN,JAPON,2007,IND,Industrial Fishing,Pêcheries industrielles,5,LL,Longline,Palangre dérivante au-dessus de 1800 hameçons,Longline,Palangre,0,24,40,LOA,Length overall,3,PELAGIC
26,"JPN    ",JAPAN,JAPON,2007,IND,Industrial Fishing,Pêcheries industrielles,5,LL,Longline,Palangre dérivante au-dessus de 1800 hameçons,Longline,Palangre,0,40,60,LOA,Length overall,246,PELAGIC
29,"KOR    ",KOREA REP.,CORÉE RÉP.,2007,IND,Industrial Fishing,Pêcheries industrielles,5,LL,Longline,Palangre dérivante au-dessus de 1800 hameçons,Longline,Palangre,0,24,40,LOA,Length overall,1,PELAGIC
29,"KOR    ",KOREA REP.,CORÉE RÉP.,2007,IND,Industrial Fishing,Pêcheries industrielles,5,LL,Longline,Palangre dérivante au-dessus de 1800 hameçons,Longline,Palangre,0,40,60,LOA,Length overall,30,PELAGIC
32,"MYS    ",MALAYSIA,MALAISIE,2007,IND,Industrial Fishing,Pêcheries industrielles,5,LL,Longline,Palangre dérivante au-dessus de 1800 hameçons,Longline,Palangre,0,24,40,LOA,Length overall,4,PELAGIC
32,"MYS    ",MALAYSIA,MALAISIE,2007,IND,Industrial Fishing,Pêcheries industrielles,5,LL,Longline,Palangre dérivante au-dessus de 1800 hameçons,Longline,Palangre,0,40,60,LOA,Length overall,2,PELAGIC
34,"MUS    ",MAURITIUS,MAURICE,2007,IND,Industrial Fishing,Pêcheries industrielles,5,LL,Longline,Palangre dérivante au-dessus de 1800 hameçons,Longline,Palangre,0,24,40,LOA,Length overall,1,PELAGIC
34,"MUS    ",MAURITIUS,MAURICE,2007,IND,Industrial Fishing,Pêcheries industrielles,5,LL,Longline,Palangre dérivante au-dessus de 1800 hameçons,Longline,Palangre,0,40,60,LOA,Length overall,2,PELAGIC
37,"OMN    ",OMAN,OMAN,2007,IND,Industrial Fishing,Pêcheries industrielles,5,LL,Longline,Palangre dérivante au-dessus de 1800 hameçons,Longline,Palangre,0,40,60,LOA,Length overall,5,PELAGIC
39,"PHL    ",PHILIPPINES,PHILIPPINES,2007,IND,Industrial Fishing,Pêcheries industrielles,5,LL,Longline,Palangre dérivante au-dessus de 1800 hameçons,Longline,Palangre,0,40,60,LOA,Length overall,17,PELAGIC
43,"SYC    ",SEYCHELLES,SEYCHELLES,2007,IND,Industrial Fishing,Pêcheries industrielles,5,LL,Longline,Palangre dérivante au-dessus de 1800 hameçons,Longline,Palangre,0,24,40,LOA,Length overall,1,PELAGIC
43,"SYC    ",SEYCHELLES,SEYCHELLES,2007,IND,Industrial Fishing,Pêcheries industrielles,5,LL,Longline,Palangre dérivante au-dessus de 1800 hameçons,Longline,Palangre,0,40,60,LOA,Length overall,26,PELAGIC
48,"TZA    ",TANZANIA,TANZANIE,2007,IND,Industrial Fishing,Pêcheries industrielles,5,LL,Longline,Palangre dérivante au-dessus de 1800 hameçons,Longline,Palangre,0,40,60,LOA,Length overall,3,PELAGIC
49,"THA    ",THAILAND,THAÏLANDE,2007,IND,Industrial Fishing,Pêcheries industrielles,5,LL,Longline,Palangre dérivante au-dessus de 1800 hameçons,Longline,Palangre,0,24,40,LOA,Length overall,1,PELAGIC
49,"THA    ",THAILAND,THAÏLANDE,2007,IND,Industrial Fishing,Pêcheries industrielles,5,LL,Longline,Palangre dérivante au-dessus de 1800 hameçons,Longline,Palangre,0,40,60,LOA,Length overall,2,PELAGIC
57,"NEIFR  ",NEI.FROZEN,NCA.CONGELÉ,2007,IND,Industrial Fishing,Pêcheries industrielles,5,LL,Longline,Palangre dérivante au-dessus de 1800 hameçons,Longline,Palangre,0,40,60,LOA,Length overall,5,PELAGIC
22,"IND    ",INDIA,INDE,2007,IND,Industrial Fishing,Pêcheries industrielles,5,LLEX,Exploratory longline,Palangre de prospection,Longline,Palangre,0,24,40,LOA,Length overall,4,PELAGIC
1,"AUS    ",AUSTRALIA,AUSTRALIE,2007,IND,Industrial Fishing,Pêcheries industrielles,1,PS,Purse seine,Senne tournante aux thons,Purse Seine,Senne tournante,0,24,40,LOA,Length overall,6,PELAGIC
1,"AUS    ",AUSTRALIA,AUSTRALIE,2007,IND,Industrial Fishing,Pêcheries industrielles,1,PS,Purse seine,Senne tournante aux thons,Purse Seine,Senne tournante,0,40,60,LOA,Length overall,3,PELAGIC
13,"EUFRA  ",EU.FRANCE,UE.FRANCE,2007,IND,Industrial Fishing,Pêcheries industrielles,1,PS,Purse seine,Senne tournante aux thons,Purse Seine,Senne tournante,0,60,80,LOA,Length overall,14,PELAGIC
13,"EUFRA  ",EU.FRANCE,UE.FRANCE,2007,IND,Industrial Fishing,Pêcheries industrielles,1,PS,Purse seine,Senne tournante aux thons,Purse Seine,Senne tournante,0,80,100,LOA,Length overall,3,PELAGIC
14,"EUMYT  ",EU.FRANCE.MAYOTTE,UE.FRANCE.MAYOTTE,2007,IND,Industrial Fishing,Pêcheries industrielles,1,PS,Purse seine,Senne tournante aux thons,Purse Seine,Senne tournante,0,80,100,LOA,Length overall,2,PELAGIC
19,"EUESP  ",EU.SPAIN,UE.ESPAGNE,2007,IND,Industrial Fishing,Pêcheries industrielles,1,PS,Purse seine,Senne tournante aux thons,Purse Seine,Senne tournante,0,60,80,LOA,Length overall,7,PELAGIC
19,"EUESP  ",EU.SPAIN,UE.ESPAGNE,2007,IND,Industrial Fishing,Pêcheries industrielles,1,PS,Purse seine,Senne tournante aux thons,Purse Seine,Senne tournante,0,80,100,LOA,Length overall,7,PELAGIC
19,"EUESP  ",EU.SPAIN,UE.ESPAGNE,2007,IND,Industrial Fishing,Pêcheries industrielles,1,PS,Purse seine,Senne tournante aux thons,Purse Seine,Senne tournante,0,100,120,LOA,Length overall,7,PELAGIC
23,"IDN    ",INDONESIA,INDONÉSIE,2007,IND,Industrial Fishing,Pêcheries industrielles,1,PS,Purse seine,Senne tournante aux thons,Purse Seine,Senne tournante,0,24,40,LOA,Length overall,3,PELAGIC
23,"IDN    ",INDONESIA,INDONÉSIE,2007,IND,Industrial Fishing,Pêcheries industrielles,1,PS,Purse seine,Senne tournante aux thons,Purse Seine,Senne tournante,0,40,60,LOA,Length overall,1,PELAGIC
24,"IRN    ",IRAN ISLAMIC REP.,IRAN RÉP. ISLAMIQUE,2007,IND,Industrial Fishing,Pêcheries industrielles,1,PS,Purse seine,Senne tournante aux thons,Purse Seine,Senne tournante,0,40,60,LOA,Length overall,2,PELAGIC
24,"IRN    ",IRAN ISLAMIC REP.,IRAN RÉP. ISLAMIQUE,2007,IND,Industrial Fishing,Pêcheries industrielles,1,PS,Purse seine,Senne tournante aux thons,Purse Seine,Senne tournante,0,60,80,LOA,Length overall,7,PELAGIC
26,"JPN    ",JAPAN,JAPON,2007,IND,Industrial Fishing,Pêcheries industrielles,1,PS,Purse seine,Senne tournante aux thons,Purse Seine,Senne tournante,0,60,80,LOA,Length overall,2,PELAGIC
32,"MYS    ",MALAYSIA,MALAISIE,2007,IND,Industrial Fishing,Pêcheries industrielles,1,PS,Purse seine,Senne tournante aux thons,Purse Seine,Senne tournante,0,40,60,LOA,Length overall,1,PELAGIC
43,"SYC    ",SEYCHELLES,SEYCHELLES,2007,IND,Industrial Fishing,Pêcheries industrielles,1,PS,Purse seine,Senne tournante aux thons,Purse Seine,Senne tournante,0,60,80,LOA,Length overall,6,PELAGIC
43,"SYC    ",SEYCHELLES,SEYCHELLES,2007,IND,Industrial Fishing,Pêcheries industrielles,1,PS,Purse seine,Senne tournante aux thons,Purse Seine,Senne tournante,0,80,100,LOA,Length overall,1,PELAGIC
43,"SYC    ",SEYCHELLES,SEYCHELLES,2007,IND,Industrial Fishing,Pêcheries industrielles,1,PS,Purse seine,Senne tournante aux thons,Purse Seine,Senne tournante,0,100,120,LOA,Length overall,3,PELAGIC
49,"THA    ",THAILAND,THAÏLANDE,2007,IND,Industrial Fishing,Pêcheries industrielles,1,PS,Purse seine,Senne tournante aux thons,Purse Seine,Senne tournante,0,60,80,LOA,Length overall,4,PELAGIC
49,"THA    ",THAILAND,THAÏLANDE,2007,IND,Industrial Fishing,Pêcheries industrielles,1,PS,Purse seine,Senne tournante aux thons,Purse Seine,Senne tournante,0,80,100,LOA,Length overall,2,PELAGIC
60,"EUITA  ",EU.ITALY,EU.ITALIE,2007,IND,Industrial Fishing,Pêcheries industrielles,1,PS,Purse seine,Senne tournante aux thons,Purse Seine,Senne tournante,0,80,100,LOA,Length overall,1,NULL
60,"EUITA  ",EU.ITALY,EU.ITALIE,2007,IND,Industrial Fishing,Pêcheries industrielles,1,PS,Purse seine,Senne tournante aux thons,Purse Seine,Senne tournante,0,80,100,LOA,Length overall,1,PELAGIC
49,"THA    ",THAILAND,THAÏLANDE,2007,ART,Artisanal Fishing,Pêcheries artisanales,1,PSS,Small purse seine,Senneur côtier,Purse Seine,Senne tournante,0,14,25,LOA,Length overall,212,"ALL    "
58,"NEIPS  ",NEI.OTHER,NCA.AUTRE,2007,IND,Industrial Fishing,Pêcheries industrielles,1,SUPP,Supply vessel,Bateau auxiliaire,Purse Seine,Senne tournante,0,24,40,LOA,Length overall,12,PELAGIC
58,"NEIPS  ",NEI.OTHER,NCA.AUTRE,2007,IND,Industrial Fishing,Pêcheries industrielles,1,SUPP,Supply vessel,Bateau auxiliaire,Purse Seine,Senne tournante,0,40,60,LOA,Length overall,1,PELAGIC
2,"BHR    ",BAHRAIN,BAHREÏN,2007,ART,Artisanal Fishing,Pêcheries artisanales,9,TRAW,Trawl,Chaluts,Other,Autres,0,8,23,LOA,Length overall,72,COASTAL
49,"THA    ",THAILAND,THAÏLANDE,2007,ART,Artisanal Fishing,Pêcheries artisanales,9,TRAW,Trawl,Chaluts,Other,Autres,0,14,25,LOA,Length overall,638,COASTAL
24,"IRN    ",IRAN ISLAMIC REP.,IRAN RÉP. ISLAMIQUE,2007,ART,Artisanal Fishing,Pêcheries artisanales,6,TROL,Troll line,Ligne de traîne,Line,Lignes,0,0,2,GRT,Gross Registered Tonnage,397,COASTAL
33,"MDV    ",MALDIVES,MALDIVES,2007,ART,Artisanal Fishing,Pêcheries artisanales,6,TROL,Troll line,Ligne de traîne,Line,Lignes,0,5,10,LOA,Length overall,59,PELAGIC
46,"LKA    ",SRI LANKA,SRI LANKA,2007,ART,Artisanal Fishing,Pêcheries artisanales,9,UNCL,Unclassified,Non classé,Other,Autres,1,1,8,LOA,Length overall,31840,"ALL    "
46,"LKA    ",SRI LANKA,SRI LANKA,2007,ART,Artisanal Fishing,Pêcheries artisanales,9,UNCL,Unclassified,Non classé,Other,Autres,1,8,9,LOA,Length overall,2740,"ALL    "
33,"MDV    ",MALDIVES,MALDIVES,2008,ART,Artisanal Fishing,Pêcheries artisanales,3,BB,Baitboat,Canne,Baitboat,Canne,0,10,15,LOA,Length overall,901,PELAGIC
1,"AUS    ",AUSTRALIA,AUSTRALIE,2008,IND,Industrial Fishing,Pêcheries industrielles,5,ELL,Longline targeting swordfish,Palangre à espadon,Longline,Palangre,0,15,24,LOA,Length overall,2,PELAGIC
1,"AUS    ",AUSTRALIA,AUSTRALIE,2008,IND,Industrial Fishing,Pêcheries industrielles,5,ELL,Longline targeting swordfish,Palangre à espadon,Longline,Palangre,0,24,40,LOA,Length overall,3,PELAGIC
14,"EUMYT  ",EU.FRANCE.MAYOTTE,UE.FRANCE.MAYOTTE,2008,IND,Industrial Fishing,Pêcheries industrielles,5,ELL,Longline targeting swordfish,Palangre à espadon,Longline,Palangre,0,0,15,LOA,Length overall,2,PELAGIC
15,"EUREU  ",EU.FRANCE.REUNION,UE.FRANCE.RÉUNION,2008,IND,Industrial Fishing,Pêcheries industrielles,5,ELL,Longline targeting swordfish,Palangre à espadon,Longline,Palangre,0,0,15,LOA,Length overall,26,PELAGIC
15,"EUREU  ",EU.FRANCE.REUNION,UE.FRANCE.RÉUNION,2008,IND,Industrial Fishing,Pêcheries industrielles,5,ELL,Longline targeting swordfish,Palangre à espadon,Longline,Palangre,0,15,24,LOA,Length overall,16,PELAGIC
15,"EUREU  ",EU.FRANCE.REUNION,UE.FRANCE.RÉUNION,2008,IND,Industrial Fishing,Pêcheries industrielles,5,ELL,Longline targeting swordfish,Palangre à espadon,Longline,Palangre,0,24,40,LOA,Length overall,3,PELAGIC
18,"EUPRT  ",EU.PORTUGAL,UE.PORTUGAL,2008,IND,Industrial Fishing,Pêcheries industrielles,5,ELL,Longline targeting swordfish,Palangre à espadon,Longline,Palangre,0,24,40,LOA,Length overall,18,PELAGIC
18,"EUPRT  ",EU.PORTUGAL,UE.PORTUGAL,2008,IND,Industrial Fishing,Pêcheries industrielles,5,ELL,Longline targeting swordfish,Palangre à espadon,Longline,Palangre,0,40,60,LOA,Length overall,8,PELAGIC
19,"EUESP  ",EU.SPAIN,UE.ESPAGNE,2008,IND,Industrial Fishing,Pêcheries industrielles,5,ELL,Longline targeting swordfish,Palangre à espadon,Longline,Palangre,0,24,40,LOA,Length overall,11,PELAGIC
19,"EUESP  ",EU.SPAIN,UE.ESPAGNE,2008,IND,Industrial Fishing,Pêcheries industrielles,5,ELL,Longline targeting swordfish,Palangre à espadon,Longline,Palangre,0,40,60,LOA,Length overall,11,PELAGIC
20,GBR,UNITED KINGDOM,ROYAUME-UNI,2008,IND,Industrial Fishing,Pêcheries industrielles,5,ELL,Longline targeting swordfish,Palangre à espadon,Longline,Palangre,0,24,40,LOA,Length overall,1,PELAGIC
20,GBR,UNITED KINGDOM,ROYAUME-UNI,2008,IND,Industrial Fishing,Pêcheries industrielles,5,ELL,Longline targeting swordfish,Palangre à espadon,Longline,Palangre,0,40,60,LOA,Length overall,1,PELAGIC
21,"GIN    ",GUINEA,GUINÉE,2008,IND,Industrial Fishing,Pêcheries industrielles,5,ELL,Longline targeting swordfish,Palangre à espadon,Longline,Palangre,0,40,60,LOA,Length overall,3,PELAGIC
28,"KEN    ",KENYA,KENYA,2008,IND,Industrial Fishing,Pêcheries industrielles,5,ELL,Longline targeting swordfish,Palangre à espadon,Longline,Palangre,0,24,40,LOA,Length overall,1,PELAGIC
28,"KEN    ",KENYA,KENYA,2008,IND,Industrial Fishing,Pêcheries industrielles,5,ELL,Longline targeting swordfish,Palangre à espadon,Longline,Palangre,0,40,60,LOA,Length overall,1,PELAGIC
31,"MDG    ",MADAGASCAR,MADAGASCAR,2008,IND,Industrial Fishing,Pêcheries industrielles,5,ELL,Longline targeting swordfish,Palangre à espadon,Longline,Palangre,0,24,40,LOA,Length overall,2,PELAGIC
34,"MUS    ",MAURITIUS,MAURICE,2008,IND,Industrial Fishing,Pêcheries industrielles,5,ELL,Longline targeting swordfish,Palangre à espadon,Longline,Palangre,0,15,24,LOA,Length overall,6,PELAGIC
43,"SYC    ",SEYCHELLES,SEYCHELLES,2008,IND,Industrial Fishing,Pêcheries industrielles,5,ELL,Longline targeting swordfish,Palangre à espadon,Longline,Palangre,0,0,15,LOA,Length overall,2,PELAGIC
43,"SYC    ",SEYCHELLES,SEYCHELLES,2008,IND,Industrial Fishing,Pêcheries industrielles,5,ELL,Longline targeting swordfish,Palangre à espadon,Longline,Palangre,0,15,24,LOA,Length overall,6,PELAGIC
44,"ZAF    ",SOUTH AFRICA,AFRIQUE DU SUD,2008,IND,Industrial Fishing,Pêcheries industrielles,5,ELL,Longline targeting swordfish,Palangre à espadon,Longline,Palangre,0,15,24,LOA,Length overall,11,PELAGIC
44,"ZAF    ",SOUTH AFRICA,AFRIQUE DU SUD,2008,IND,Industrial Fishing,Pêcheries industrielles,5,ELL,Longline targeting swordfish,Palangre à espadon,Longline,Palangre,0,24,40,LOA,Length overall,8,PELAGIC
4,"BLZ    ",BELIZE,BELIZE,2008,IND,Industrial Fishing,Pêcheries industrielles,5,FLL,Longline Fresh,Palangre Frais,Longline,Palangre,0,24,40,LOA,Length overall,6,PELAGIC
5,"CHN    ",CHINA,CHINE,2008,IND,Industrial Fishing,Pêcheries industrielles,5,FLL,Longline Fresh,Palangre Frais,Longline,Palangre,0,24,40,LOA,Length overall,15,PELAGIC
6,"TWN    ","TAIWAN,CHINA","TAIWAN,CHINE",2008,IND,Industrial Fishing,Pêcheries industrielles,5,FLL,Longline Fresh,Palangre Frais,Longline,Palangre,0,15,24,LOA,Length overall,203,PELAGIC
6,"TWN    ","TAIWAN,CHINA","TAIWAN,CHINE",2008,IND,Industrial Fishing,Pêcheries industrielles,5,FLL,Longline Fresh,Palangre Frais,Longline,Palangre,0,24,40,LOA,Length overall,93,PELAGIC
22,"IND    ",INDIA,INDE,2008,IND,Industrial Fishing,Pêcheries industrielles,5,FLL,Longline Fresh,Palangre Frais,Longline,Palangre,0,15,24,LOA,Length overall,13,PELAGIC
23,"IDN    ",INDONESIA,INDONÉSIE,2008,IND,Industrial Fishing,Pêcheries industrielles,5,FLL,Longline Fresh,Palangre Frais,Longline,Palangre,0,0,15,LOA,Length overall,53,PELAGIC
23,"IDN    ",INDONESIA,INDONÉSIE,2008,IND,Industrial Fishing,Pêcheries industrielles,5,FLL,Longline Fresh,Palangre Frais,Longline,Palangre,0,15,24,LOA,Length overall,841,PELAGIC
23,"IDN    ",INDONESIA,INDONÉSIE,2008,IND,Industrial Fishing,Pêcheries industrielles,5,FLL,Longline Fresh,Palangre Frais,Longline,Palangre,0,24,40,LOA,Length overall,158,PELAGIC
32,"MYS    ",MALAYSIA,MALAISIE,2008,IND,Industrial Fishing,Pêcheries industrielles,5,FLL,Longline Fresh,Palangre Frais,Longline,Palangre,0,15,24,LOA,Length overall,16,PELAGIC
32,"MYS    ",MALAYSIA,MALAISIE,2008,IND,Industrial Fishing,Pêcheries industrielles,5,FLL,Longline Fresh,Palangre Frais,Longline,Palangre,0,24,40,LOA,Length overall,35,PELAGIC
37,"OMN    ",OMAN,OMAN,2008,IND,Industrial Fishing,Pêcheries industrielles,5,FLL,Longline Fresh,Palangre Frais,Longline,Palangre,0,0,15,LOA,Length overall,2,PELAGIC
37,"OMN    ",OMAN,OMAN,2008,IND,Industrial Fishing,Pêcheries industrielles,5,FLL,Longline Fresh,Palangre Frais,Longline,Palangre,0,15,24,LOA,Length overall,9,PELAGIC
37,"OMN    ",OMAN,OMAN,2008,IND,Industrial Fishing,Pêcheries industrielles,5,FLL,Longline Fresh,Palangre Frais,Longline,Palangre,0,24,40,LOA,Length overall,8,PELAGIC
46,"LKA    ",SRI LANKA,SRI LANKA,2008,IND,Industrial Fishing,Pêcheries industrielles,5,FLL,Longline Fresh,Palangre Frais,Longline,Palangre,0,15,24,LOA,Length overall,35,PELAGIC
46,"LKA    ",SRI LANKA,SRI LANKA,2008,ART,Artisanal Fishing,Pêcheries artisanales,4,G/L,Gillnet and Longline combination,Filet maillant et Palangre,Gillnet,Filet maillant,1,9,18,LOA,Length overall,2809,PELAGIC
37,"OMN    ",OMAN,OMAN,2008,ART,Artisanal Fishing,Pêcheries artisanales,4,GIHA,Gillnet and hand line,Filet maillant et Ligne à main,Gillnet,Filet maillant,1,1,10,LOA,Length overall,14334,COASTAL
1,"AUS    ",AUSTRALIA,AUSTRALIE,2008,ART,Artisanal Fishing,Pêcheries artisanales,4,GILL,Gillnet,Filet maillant,Gillnet,Filet maillant,0,4,20,LOA,Length overall,9,COASTAL
2,"BHR    ",BAHRAIN,BAHREÏN,2008,ART,Artisanal Fishing,Pêcheries artisanales,4,GILL,Gillnet,Filet maillant,Gillnet,Filet maillant,0,4,20,LOA,Length overall,6,COASTAL
7,"COM    ",COMOROS,COMORES,2008,ART,Artisanal Fishing,Pêcheries artisanales,4,GILL,Gillnet,Filet maillant,Gillnet,Filet maillant,0,3,9,LOA,Length overall,130,COASTAL
24,"IRN    ",IRAN ISLAMIC REP.,IRAN RÉP. ISLAMIQUE,2008,ART,Artisanal Fishing,Pêcheries artisanales,4,GILL,Gillnet,Filet maillant,Gillnet,Filet maillant,0,101,NULL,GRT,Gross Registered Tonnage,208,"ALL    "
24,"IRN    ",IRAN ISLAMIC REP.,IRAN RÉP. ISLAMIQUE,2008,ART,Artisanal Fishing,Pêcheries artisanales,4,GILL,Gillnet,Filet maillant,Gillnet,Filet maillant,0,0,2,GRT,Gross Registered Tonnage,3974,"ALL    "
24,"IRN    ",IRAN ISLAMIC REP.,IRAN RÉP. ISLAMIQUE,2008,ART,Artisanal Fishing,Pêcheries artisanales,4,GILL,Gillnet,Filet maillant,Gillnet,Filet maillant,0,3,20,GRT,Gross Registered Tonnage,761,"ALL    "
24,"IRN    ",IRAN ISLAMIC REP.,IRAN RÉP. ISLAMIQUE,2008,ART,Artisanal Fishing,Pêcheries artisanales,4,GILL,Gillnet,Filet maillant,Gillnet,Filet maillant,0,21,50,GRT,Gross Registered Tonnage,730,"ALL    "
24,"IRN    ",IRAN ISLAMIC REP.,IRAN RÉP. ISLAMIQUE,2008,ART,Artisanal Fishing,Pêcheries artisanales,4,GILL,Gillnet,Filet maillant,Gillnet,Filet maillant,0,51,100,GRT,Gross Registered Tonnage,669,"ALL    "
37,"OMN    ",OMAN,OMAN,2008,ART,Artisanal Fishing,Pêcheries artisanales,4,GILL,Gillnet,Filet maillant,Gillnet,Filet maillant,0,10,24,LOA,Length overall,460,COASTAL
38,"PAK    ",PAKISTAN,PAKISTAN,2008,ART,Artisanal Fishing,Pêcheries artisanales,4,GILL,Gillnet,Filet maillant,Gillnet,Filet maillant,0,35,50,GRT,Gross Registered Tonnage,2588,"ALL    "
49,"THA    ",THAILAND,THAÏLANDE,2008,ART,Artisanal Fishing,Pêcheries artisanales,4,GILL,Gillnet,Filet maillant,Gillnet,Filet maillant,0,14,25,LOA,Length overall,41,COASTAL
7,"COM    ",COMOROS,COMORES,2008,ART,Artisanal Fishing,Pêcheries artisanales,6,HAND,Hand line,Ligne à main,Line,Lignes,0,3,9,LOA,Length overall,3851,PELAGIC
33,"MDV    ",MALDIVES,MALDIVES,2008,ART,Artisanal Fishing,Pêcheries artisanales,6,HAND,Hand line,Ligne à main,Line,Lignes,0,4,6,LOA,Length overall,7,PELAGIC
44,"ZAF    ",SOUTH AFRICA,AFRIQUE DU SUD,2008,ART,Artisanal Fishing,Pêcheries artisanales,6,HAND,Hand line,Ligne à main,Line,Lignes,0,50,200,GRT,Gross Registered Tonnage,15,COASTAL
50,"GBRT   ",UK.TERRITORIES,RU.TERRITOIRES,2008,ART,Artisanal Fishing,Pêcheries artisanales,6,HAND,Hand line,Ligne à main,Line,Lignes,0,6,10,LOA,Length overall,43,PELAGIC
50,"GBRT   ",UK.TERRITORIES,RU.TERRITOIRES,2008,ART,Artisanal Fishing,Pêcheries artisanales,6,HAND,Hand line,Ligne à main,Line,Lignes,0,10,25,LOA,Length overall,4,PELAGIC
1,"AUS    ",AUSTRALIA,AUSTRALIE,2008,ART,Artisanal Fishing,Pêcheries artisanales,6,HATR,Hand line and Troll line,Ligne à main et Ligne de traîne,Line,Lignes,1,4,20,LOA,Length overall,47,COASTAL
2,"BHR    ",BAHRAIN,BAHREÏN,2008,ART,Artisanal Fishing,Pêcheries artisanales,6,HATR,Hand line and Troll line,Ligne à main et Ligne de traîne,Line,Lignes,1,4,20,LOA,Length overall,20,COASTAL
15,"EUREU  ",EU.FRANCE.REUNION,UE.FRANCE.RÉUNION,2008,ART,Artisanal Fishing,Pêcheries artisanales,6,HATR,Hand line and Troll line,Ligne à main et Ligne de traîne,Line,Lignes,1,5,14,LOA,Length overall,202,PELAGIC
4,"BLZ    ",BELIZE,BELIZE,2008,IND,Industrial Fishing,Pêcheries industrielles,5,LL,Longline,Palangre dérivante au-dessus de 1800 hameçons,Longline,Palangre,0,40,60,LOA,Length overall,3,PELAGIC
5,"CHN    ",CHINA,CHINE,2008,IND,Industrial Fishing,Pêcheries industrielles,5,LL,Longline,Palangre dérivante au-dessus de 1800 hameçons,Longline,Palangre,0,40,60,LOA,Length overall,31,PELAGIC
6,"TWN    ","TAIWAN,CHINA","TAIWAN,CHINE",2008,IND,Industrial Fishing,Pêcheries industrielles,5,LL,Longline,Palangre dérivante au-dessus de 1800 hameçons,Longline,Palangre,0,24,40,LOA,Length overall,8,PELAGIC
6,"TWN    ","TAIWAN,CHINA","TAIWAN,CHINE",2008,IND,Industrial Fishing,Pêcheries industrielles,5,LL,Longline,Palangre dérivante au-dessus de 1800 hameçons,Longline,Palangre,0,40,60,LOA,Length overall,171,PELAGIC
22,"IND    ",INDIA,INDE,2008,IND,Industrial Fishing,Pêcheries industrielles,5,LL,Longline,Palangre dérivante au-dessus de 1800 hameçons,Longline,Palangre,0,24,40,LOA,Length overall,0,PELAGIC
22,"IND    ",INDIA,INDE,2008,IND,Industrial Fishing,Pêcheries industrielles,5,LL,Longline,Palangre dérivante au-dessus de 1800 hameçons,Longline,Palangre,0,40,60,LOA,Length overall,12,PELAGIC
23,"IDN    ",INDONESIA,INDONÉSIE,2008,IND,Industrial Fishing,Pêcheries industrielles,5,LL,Longline,Palangre dérivante au-dessus de 1800 hameçons,Longline,Palangre,0,24,40,LOA,Length overall,3,PELAGIC
23,"IDN    ",INDONESIA,INDONÉSIE,2008,IND,Industrial Fishing,Pêcheries industrielles,5,LL,Longline,Palangre dérivante au-dessus de 1800 hameçons,Longline,Palangre,0,40,60,LOA,Length overall,20,PELAGIC
26,"JPN    ",JAPAN,JAPON,2008,IND,Industrial Fishing,Pêcheries industrielles,5,LL,Longline,Palangre dérivante au-dessus de 1800 hameçons,Longline,Palangre,0,24,40,LOA,Length overall,3,PELAGIC
26,"JPN    ",JAPAN,JAPON,2008,IND,Industrial Fishing,Pêcheries industrielles,5,LL,Longline,Palangre dérivante au-dessus de 1800 hameçons,Longline,Palangre,0,40,60,LOA,Length overall,170,PELAGIC
29,"KOR    ",KOREA REP.,CORÉE RÉP.,2008,IND,Industrial Fishing,Pêcheries industrielles,5,LL,Longline,Palangre dérivante au-dessus de 1800 hameçons,Longline,Palangre,0,40,60,LOA,Length overall,24,PELAGIC
32,"MYS    ",MALAYSIA,MALAISIE,2008,IND,Industrial Fishing,Pêcheries industrielles,5,LL,Longline,Palangre dérivante au-dessus de 1800 hameçons,Longline,Palangre,0,24,40,LOA,Length overall,4,PELAGIC
32,"MYS    ",MALAYSIA,MALAISIE,2008,IND,Industrial Fishing,Pêcheries industrielles,5,LL,Longline,Palangre dérivante au-dessus de 1800 hameçons,Longline,Palangre,0,40,60,LOA,Length overall,2,PELAGIC
34,"MUS    ",MAURITIUS,MAURICE,2008,IND,Industrial Fishing,Pêcheries industrielles,5,LL,Longline,Palangre dérivante au-dessus de 1800 hameçons,Longline,Palangre,0,40,60,LOA,Length overall,2,PELAGIC
37,"OMN    ",OMAN,OMAN,2008,IND,Industrial Fishing,Pêcheries industrielles,5,LL,Longline,Palangre dérivante au-dessus de 1800 hameçons,Longline,Palangre,0,40,60,LOA,Length overall,8,PELAGIC
39,"PHL    ",PHILIPPINES,PHILIPPINES,2008,IND,Industrial Fishing,Pêcheries industrielles,5,LL,Longline,Palangre dérivante au-dessus de 1800 hameçons,Longline,Palangre,0,40,60,LOA,Length overall,17,PELAGIC
43,"SYC    ",SEYCHELLES,SEYCHELLES,2008,IND,Industrial Fishing,Pêcheries industrielles,5,LL,Longline,Palangre dérivante au-dessus de 1800 hameçons,Longline,Palangre,0,40,60,LOA,Length overall,25,PELAGIC
48,"TZA    ",TANZANIA,TANZANIE,2008,IND,Industrial Fishing,Pêcheries industrielles,5,LL,Longline,Palangre dérivante au-dessus de 1800 hameçons,Longline,Palangre,0,40,60,LOA,Length overall,3,PELAGIC
49,"THA    ",THAILAND,THAÏLANDE,2008,IND,Industrial Fishing,Pêcheries industrielles,5,LL,Longline,Palangre dérivante au-dessus de 1800 hameçons,Longline,Palangre,0,40,60,LOA,Length overall,2,PELAGIC
57,"NEIFR  ",NEI.FROZEN,NCA.CONGELÉ,2008,IND,Industrial Fishing,Pêcheries industrielles,5,LL,Longline,Palangre dérivante au-dessus de 1800 hameçons,Longline,Palangre,0,40,60,LOA,Length overall,10,PELAGIC
22,"IND    ",INDIA,INDE,2008,IND,Industrial Fishing,Pêcheries industrielles,5,LLEX,Exploratory longline,Palangre de prospection,Longline,Palangre,0,24,40,LOA,Length overall,4,PELAGIC
1,"AUS    ",AUSTRALIA,AUSTRALIE,2008,IND,Industrial Fishing,Pêcheries industrielles,1,PS,Purse seine,Senne tournante aux thons,Purse Seine,Senne tournante,0,24,40,LOA,Length overall,6,PELAGIC
1,"AUS    ",AUSTRALIA,AUSTRALIE,2008,IND,Industrial Fishing,Pêcheries industrielles,1,PS,Purse seine,Senne tournante aux thons,Purse Seine,Senne tournante,0,40,60,LOA,Length overall,2,PELAGIC
13,"EUFRA  ",EU.FRANCE,UE.FRANCE,2008,IND,Industrial Fishing,Pêcheries industrielles,1,PS,Purse seine,Senne tournante aux thons,Purse Seine,Senne tournante,0,60,80,LOA,Length overall,14,PELAGIC
13,"EUFRA  ",EU.FRANCE,UE.FRANCE,2008,IND,Industrial Fishing,Pêcheries industrielles,1,PS,Purse seine,Senne tournante aux thons,Purse Seine,Senne tournante,0,80,100,LOA,Length overall,3,PELAGIC
14,"EUMYT  ",EU.FRANCE.MAYOTTE,UE.FRANCE.MAYOTTE,2008,IND,Industrial Fishing,Pêcheries industrielles,1,PS,Purse seine,Senne tournante aux thons,Purse Seine,Senne tournante,0,80,100,LOA,Length overall,2,PELAGIC
19,"EUESP  ",EU.SPAIN,UE.ESPAGNE,2008,IND,Industrial Fishing,Pêcheries industrielles,1,PS,Purse seine,Senne tournante aux thons,Purse Seine,Senne tournante,0,60,80,LOA,Length overall,5,PELAGIC
19,"EUESP  ",EU.SPAIN,UE.ESPAGNE,2008,IND,Industrial Fishing,Pêcheries industrielles,1,PS,Purse seine,Senne tournante aux thons,Purse Seine,Senne tournante,0,80,100,LOA,Length overall,6,PELAGIC
19,"EUESP  ",EU.SPAIN,UE.ESPAGNE,2008,IND,Industrial Fishing,Pêcheries industrielles,1,PS,Purse seine,Senne tournante aux thons,Purse Seine,Senne tournante,0,100,120,LOA,Length overall,6,PELAGIC
23,"IDN    ",INDONESIA,INDONÉSIE,2008,IND,Industrial Fishing,Pêcheries industrielles,1,PS,Purse seine,Senne tournante aux thons,Purse Seine,Senne tournante,0,24,40,LOA,Length overall,3,PELAGIC
23,"IDN    ",INDONESIA,INDONÉSIE,2008,IND,Industrial Fishing,Pêcheries industrielles,1,PS,Purse seine,Senne tournante aux thons,Purse Seine,Senne tournante,0,40,60,LOA,Length overall,1,PELAGIC
24,"IRN    ",IRAN ISLAMIC REP.,IRAN RÉP. ISLAMIQUE,2008,IND,Industrial Fishing,Pêcheries industrielles,1,PS,Purse seine,Senne tournante aux thons,Purse Seine,Senne tournante,0,40,60,LOA,Length overall,2,PELAGIC
24,"IRN    ",IRAN ISLAMIC REP.,IRAN RÉP. ISLAMIQUE,2008,IND,Industrial Fishing,Pêcheries industrielles,1,PS,Purse seine,Senne tournante aux thons,Purse Seine,Senne tournante,0,60,80,LOA,Length overall,7,PELAGIC
26,"JPN    ",JAPAN,JAPON,2008,IND,Industrial Fishing,Pêcheries industrielles,1,PS,Purse seine,Senne tournante aux thons,Purse Seine,Senne tournante,0,60,80,LOA,Length overall,3,PELAGIC
32,"MYS    ",MALAYSIA,MALAISIE,2008,IND,Industrial Fishing,Pêcheries industrielles,1,PS,Purse seine,Senne tournante aux thons,Purse Seine,Senne tournante,0,40,60,LOA,Length overall,1,PELAGIC
43,"SYC    ",SEYCHELLES,SEYCHELLES,2008,IND,Industrial Fishing,Pêcheries industrielles,1,PS,Purse seine,Senne tournante aux thons,Purse Seine,Senne tournante,0,60,80,LOA,Length overall,6,PELAGIC
43,"SYC    ",SEYCHELLES,SEYCHELLES,2008,IND,Industrial Fishing,Pêcheries industrielles,1,PS,Purse seine,Senne tournante aux thons,Purse Seine,Senne tournante,0,80,100,LOA,Length overall,1,PELAGIC
43,"SYC    ",SEYCHELLES,SEYCHELLES,2008,IND,Industrial Fishing,Pêcheries industrielles,1,PS,Purse seine,Senne tournante aux thons,Purse Seine,Senne tournante,0,100,120,LOA,Length overall,3,PELAGIC
49,"THA    ",THAILAND,THAÏLANDE,2008,IND,Industrial Fishing,Pêcheries industrielles,1,PS,Purse seine,Senne tournante aux thons,Purse Seine,Senne tournante,0,60,80,LOA,Length overall,4,PELAGIC
60,"EUITA  ",EU.ITALY,EU.ITALIE,2008,IND,Industrial Fishing,Pêcheries industrielles,1,PS,Purse seine,Senne tournante aux thons,Purse Seine,Senne tournante,0,80,100,LOA,Length overall,1,NULL
60,"EUITA  ",EU.ITALY,EU.ITALIE,2008,IND,Industrial Fishing,Pêcheries industrielles,1,PS,Purse seine,Senne tournante aux thons,Purse Seine,Senne tournante,0,80,100,LOA,Length overall,1,PELAGIC
49,"THA    ",THAILAND,THAÏLANDE,2008,ART,Artisanal Fishing,Pêcheries artisanales,1,PSS,Small purse seine,Senneur côtier,Purse Seine,Senne tournante,0,14,25,LOA,Length overall,208,"ALL    "
58,"NEIPS  ",NEI.OTHER,NCA.AUTRE,2008,IND,Industrial Fishing,Pêcheries industrielles,1,SUPP,Supply vessel,Bateau auxiliaire,Purse Seine,Senne tournante,0,24,40,LOA,Length overall,10,PELAGIC
58,"NEIPS  ",NEI.OTHER,NCA.AUTRE,2008,IND,Industrial Fishing,Pêcheries industrielles,1,SUPP,Supply vessel,Bateau auxiliaire,Purse Seine,Senne tournante,0,40,60,LOA,Length overall,1,PELAGIC
2,"BHR    ",BAHRAIN,BAHREÏN,2008,ART,Artisanal Fishing,Pêcheries artisanales,9,TRAW,Trawl,Chaluts,Other,Autres,0,8,23,LOA,Length overall,37,COASTAL
49,"THA    ",THAILAND,THAÏLANDE,2008,ART,Artisanal Fishing,Pêcheries artisanales,9,TRAW,Trawl,Chaluts,Other,Autres,0,14,25,LOA,Length overall,557,COASTAL
7,"COM    ",COMOROS,COMORES,2008,ART,Artisanal Fishing,Pêcheries artisanales,6,TROL,Troll line,Ligne de traîne,Line,Lignes,0,3,9,LOA,Length overall,303,PELAGIC
24,"IRN    ",IRAN ISLAMIC REP.,IRAN RÉP. ISLAMIQUE,2008,ART,Artisanal Fishing,Pêcheries artisanales,6,TROL,Troll line,Ligne de traîne,Line,Lignes,0,0,2,GRT,Gross Registered Tonnage,417,COASTAL
33,"MDV    ",MALDIVES,MALDIVES,2008,ART,Artisanal Fishing,Pêcheries artisanales,6,TROL,Troll line,Ligne de traîne,Line,Lignes,0,5,10,LOA,Length overall,57,PELAGIC
7,"COM    ",COMOROS,COMORES,2008,ART,Artisanal Fishing,Pêcheries artisanales,9,UNCL,Unclassified,Non classé,Other,Autres,1,3,9,LOA,Length overall,43,"ALL    "
46,"LKA    ",SRI LANKA,SRI LANKA,2008,ART,Artisanal Fishing,Pêcheries artisanales,9,UNCL,Unclassified,Non classé,Other,Autres,1,1,8,LOA,Length overall,33025,"ALL    "
46,"LKA    ",SRI LANKA,SRI LANKA,2008,ART,Artisanal Fishing,Pêcheries artisanales,9,UNCL,Unclassified,Non classé,Other,Autres,1,8,9,LOA,Length overall,3099,"ALL    "
33,"MDV    ",MALDIVES,MALDIVES,2009,ART,Artisanal Fishing,Pêcheries artisanales,3,BB,Baitboat,Canne,Baitboat,Canne,0,10,15,LOA,Length overall,952,PELAGIC
1,"AUS    ",AUSTRALIA,AUSTRALIE,2009,IND,Industrial Fishing,Pêcheries industrielles,5,ELL,Longline targeting swordfish,Palangre à espadon,Longline,Palangre,0,15,24,LOA,Length overall,2,PELAGIC
1,"AUS    ",AUSTRALIA,AUSTRALIE,2009,IND,Industrial Fishing,Pêcheries industrielles,5,ELL,Longline targeting swordfish,Palangre à espadon,Longline,Palangre,0,24,40,LOA,Length overall,2,PELAGIC
14,"EUMYT  ",EU.FRANCE.MAYOTTE,UE.FRANCE.MAYOTTE,2009,IND,Industrial Fishing,Pêcheries industrielles,5,ELL,Longline targeting swordfish,Palangre à espadon,Longline,Palangre,0,0,15,LOA,Length overall,2,PELAGIC
14,"EUMYT  ",EU.FRANCE.MAYOTTE,UE.FRANCE.MAYOTTE,2009,IND,Industrial Fishing,Pêcheries industrielles,5,ELL,Longline targeting swordfish,Palangre à espadon,Longline,Palangre,0,24,40,LOA,Length overall,1,PELAGIC
15,"EUREU  ",EU.FRANCE.REUNION,UE.FRANCE.RÉUNION,2009,IND,Industrial Fishing,Pêcheries industrielles,5,ELL,Longline targeting swordfish,Palangre à espadon,Longline,Palangre,0,0,15,LOA,Length overall,28,PELAGIC
15,"EUREU  ",EU.FRANCE.REUNION,UE.FRANCE.RÉUNION,2009,IND,Industrial Fishing,Pêcheries industrielles,5,ELL,Longline targeting swordfish,Palangre à espadon,Longline,Palangre,0,15,24,LOA,Length overall,12,PELAGIC
15,"EUREU  ",EU.FRANCE.REUNION,UE.FRANCE.RÉUNION,2009,IND,Industrial Fishing,Pêcheries industrielles,5,ELL,Longline targeting swordfish,Palangre à espadon,Longline,Palangre,0,24,40,LOA,Length overall,3,PELAGIC
18,"EUPRT  ",EU.PORTUGAL,UE.PORTUGAL,2009,IND,Industrial Fishing,Pêcheries industrielles,5,ELL,Longline targeting swordfish,Palangre à espadon,Longline,Palangre,0,24,40,LOA,Length overall,2,PELAGIC
18,"EUPRT  ",EU.PORTUGAL,UE.PORTUGAL,2009,IND,Industrial Fishing,Pêcheries industrielles,5,ELL,Longline targeting swordfish,Palangre à espadon,Longline,Palangre,0,40,60,LOA,Length overall,1,PELAGIC
19,"EUESP  ",EU.SPAIN,UE.ESPAGNE,2009,IND,Industrial Fishing,Pêcheries industrielles,5,ELL,Longline targeting swordfish,Palangre à espadon,Longline,Palangre,0,24,40,LOA,Length overall,8,PELAGIC
19,"EUESP  ",EU.SPAIN,UE.ESPAGNE,2009,IND,Industrial Fishing,Pêcheries industrielles,5,ELL,Longline targeting swordfish,Palangre à espadon,Longline,Palangre,0,40,60,LOA,Length overall,7,PELAGIC
20,GBR,UNITED KINGDOM,ROYAUME-UNI,2009,IND,Industrial Fishing,Pêcheries industrielles,5,ELL,Longline targeting swordfish,Palangre à espadon,Longline,Palangre,0,24,40,LOA,Length overall,1,PELAGIC
20,GBR,UNITED KINGDOM,ROYAUME-UNI,2009,IND,Industrial Fishing,Pêcheries industrielles,5,ELL,Longline targeting swordfish,Palangre à espadon,Longline,Palangre,0,40,60,LOA,Length overall,2,PELAGIC
21,"GIN    ",GUINEA,GUINÉE,2009,IND,Industrial Fishing,Pêcheries industrielles,5,ELL,Longline targeting swordfish,Palangre à espadon,Longline,Palangre,0,40,60,LOA,Length overall,3,PELAGIC
28,"KEN    ",KENYA,KENYA,2009,IND,Industrial Fishing,Pêcheries industrielles,5,ELL,Longline targeting swordfish,Palangre à espadon,Longline,Palangre,0,24,40,LOA,Length overall,1,PELAGIC
28,"KEN    ",KENYA,KENYA,2009,IND,Industrial Fishing,Pêcheries industrielles,5,ELL,Longline targeting swordfish,Palangre à espadon,Longline,Palangre,0,40,60,LOA,Length overall,1,PELAGIC
31,"MDG    ",MADAGASCAR,MADAGASCAR,2009,IND,Industrial Fishing,Pêcheries industrielles,5,ELL,Longline targeting swordfish,Palangre à espadon,Longline,Palangre,0,24,40,LOA,Length overall,3,PELAGIC
43,"SYC    ",SEYCHELLES,SEYCHELLES,2009,IND,Industrial Fishing,Pêcheries industrielles,5,ELL,Longline targeting swordfish,Palangre à espadon,Longline,Palangre,0,0,15,LOA,Length overall,2,PELAGIC
43,"SYC    ",SEYCHELLES,SEYCHELLES,2009,IND,Industrial Fishing,Pêcheries industrielles,5,ELL,Longline targeting swordfish,Palangre à espadon,Longline,Palangre,0,15,24,LOA,Length overall,7,PELAGIC
44,"ZAF    ",SOUTH AFRICA,AFRIQUE DU SUD,2009,IND,Industrial Fishing,Pêcheries industrielles,5,ELL,Longline targeting swordfish,Palangre à espadon,Longline,Palangre,0,15,24,LOA,Length overall,13,PELAGIC
44,"ZAF    ",SOUTH AFRICA,AFRIQUE DU SUD,2009,IND,Industrial Fishing,Pêcheries industrielles,5,ELL,Longline targeting swordfish,Palangre à espadon,Longline,Palangre,0,24,40,LOA,Length overall,11,PELAGIC
57,"NEIFR  ",NEI.FROZEN,NCA.CONGELÉ,2009,IND,Industrial Fishing,Pêcheries industrielles,5,ELL,Longline targeting swordfish,Palangre à espadon,Longline,Palangre,0,40,60,LOA,Length overall,3,PELAGIC
4,"BLZ    ",BELIZE,BELIZE,2009,IND,Industrial Fishing,Pêcheries industrielles,5,FLL,Longline Fresh,Palangre Frais,Longline,Palangre,0,24,40,LOA,Length overall,6,PELAGIC
5,"CHN    ",CHINA,CHINE,2009,IND,Industrial Fishing,Pêcheries industrielles,5,FLL,Longline Fresh,Palangre Frais,Longline,Palangre,0,24,40,LOA,Length overall,4,PELAGIC
6,"TWN    ","TAIWAN,CHINA","TAIWAN,CHINE",2009,IND,Industrial Fishing,Pêcheries industrielles,5,FLL,Longline Fresh,Palangre Frais,Longline,Palangre,0,15,24,LOA,Length overall,255,PELAGIC
6,"TWN    ","TAIWAN,CHINA","TAIWAN,CHINE",2009,IND,Industrial Fishing,Pêcheries industrielles,5,FLL,Longline Fresh,Palangre Frais,Longline,Palangre,0,24,40,LOA,Length overall,120,PELAGIC
22,"IND    ",INDIA,INDE,2009,IND,Industrial Fishing,Pêcheries industrielles,5,FLL,Longline Fresh,Palangre Frais,Longline,Palangre,0,15,24,LOA,Length overall,19,PELAGIC
23,"IDN    ",INDONESIA,INDONÉSIE,2009,IND,Industrial Fishing,Pêcheries industrielles,5,FLL,Longline Fresh,Palangre Frais,Longline,Palangre,0,0,15,LOA,Length overall,51,PELAGIC
23,"IDN    ",INDONESIA,INDONÉSIE,2009,IND,Industrial Fishing,Pêcheries industrielles,5,FLL,Longline Fresh,Palangre Frais,Longline,Palangre,0,15,24,LOA,Length overall,812,PELAGIC
23,"IDN    ",INDONESIA,INDONÉSIE,2009,IND,Industrial Fishing,Pêcheries industrielles,5,FLL,Longline Fresh,Palangre Frais,Longline,Palangre,0,24,40,LOA,Length overall,152,PELAGIC
32,"MYS    ",MALAYSIA,MALAISIE,2009,IND,Industrial Fishing,Pêcheries industrielles,5,FLL,Longline Fresh,Palangre Frais,Longline,Palangre,0,15,24,LOA,Length overall,18,PELAGIC
32,"MYS    ",MALAYSIA,MALAISIE,2009,IND,Industrial Fishing,Pêcheries industrielles,5,FLL,Longline Fresh,Palangre Frais,Longline,Palangre,0,24,40,LOA,Length overall,34,PELAGIC
37,"OMN    ",OMAN,OMAN,2009,IND,Industrial Fishing,Pêcheries industrielles,5,FLL,Longline Fresh,Palangre Frais,Longline,Palangre,0,0,15,LOA,Length overall,4,PELAGIC
37,"OMN    ",OMAN,OMAN,2009,IND,Industrial Fishing,Pêcheries industrielles,5,FLL,Longline Fresh,Palangre Frais,Longline,Palangre,0,15,24,LOA,Length overall,12,PELAGIC
37,"OMN    ",OMAN,OMAN,2009,IND,Industrial Fishing,Pêcheries industrielles,5,FLL,Longline Fresh,Palangre Frais,Longline,Palangre,0,24,40,LOA,Length overall,13,PELAGIC
46,"LKA    ",SRI LANKA,SRI LANKA,2009,IND,Industrial Fishing,Pêcheries industrielles,5,FLL,Longline Fresh,Palangre Frais,Longline,Palangre,0,15,24,LOA,Length overall,36,PELAGIC
53,"VUT    ",VANUATU,VANUATU,2009,IND,Industrial Fishing,Pêcheries industrielles,5,FLL,Longline Fresh,Palangre Frais,Longline,Palangre,0,15,24,LOA,Length overall,4,PELAGIC
46,"LKA    ",SRI LANKA,SRI LANKA,2009,ART,Artisanal Fishing,Pêcheries artisanales,4,G/L,Gillnet and Longline combination,Filet maillant et Palangre,Gillnet,Filet maillant,1,9,18,LOA,Length overall,2934,PELAGIC
37,"OMN    ",OMAN,OMAN,2009,ART,Artisanal Fishing,Pêcheries artisanales,4,GIHA,Gillnet and hand line,Filet maillant et Ligne à main,Gillnet,Filet maillant,1,1,10,LOA,Length overall,14330,COASTAL
1,"AUS    ",AUSTRALIA,AUSTRALIE,2009,ART,Artisanal Fishing,Pêcheries artisanales,4,GILL,Gillnet,Filet maillant,Gillnet,Filet maillant,0,4,20,LOA,Length overall,7,COASTAL
24,"IRN    ",IRAN ISLAMIC REP.,IRAN RÉP. ISLAMIQUE,2009,ART,Artisanal Fishing,Pêcheries artisanales,4,GILL,Gillnet,Filet maillant,Gillnet,Filet maillant,0,101,NULL,GRT,Gross Registered Tonnage,278,"ALL    "
24,"IRN    ",IRAN ISLAMIC REP.,IRAN RÉP. ISLAMIQUE,2009,ART,Artisanal Fishing,Pêcheries artisanales,4,GILL,Gillnet,Filet maillant,Gillnet,Filet maillant,0,0,2,GRT,Gross Registered Tonnage,3828,"ALL    "
24,"IRN    ",IRAN ISLAMIC REP.,IRAN RÉP. ISLAMIQUE,2009,ART,Artisanal Fishing,Pêcheries artisanales,4,GILL,Gillnet,Filet maillant,Gillnet,Filet maillant,0,3,20,GRT,Gross Registered Tonnage,753,"ALL    "
24,"IRN    ",IRAN ISLAMIC REP.,IRAN RÉP. ISLAMIQUE,2009,ART,Artisanal Fishing,Pêcheries artisanales,4,GILL,Gillnet,Filet maillant,Gillnet,Filet maillant,0,21,50,GRT,Gross Registered Tonnage,667,"ALL    "
24,"IRN    ",IRAN ISLAMIC REP.,IRAN RÉP. ISLAMIQUE,2009,ART,Artisanal Fishing,Pêcheries artisanales,4,GILL,Gillnet,Filet maillant,Gillnet,Filet maillant,0,51,100,GRT,Gross Registered Tonnage,534,"ALL    "
37,"OMN    ",OMAN,OMAN,2009,ART,Artisanal Fishing,Pêcheries artisanales,4,GILL,Gillnet,Filet maillant,Gillnet,Filet maillant,0,10,24,LOA,Length overall,612,COASTAL
38,"PAK    ",PAKISTAN,PAKISTAN,2009,ART,Artisanal Fishing,Pêcheries artisanales,4,GILL,Gillnet,Filet maillant,Gillnet,Filet maillant,0,35,50,GRT,Gross Registered Tonnage,2768,"ALL    "
49,"THA    ",THAILAND,THAÏLANDE,2009,ART,Artisanal Fishing,Pêcheries artisanales,4,GILL,Gillnet,Filet maillant,Gillnet,Filet maillant,0,14,25,LOA,Length overall,47,COASTAL
33,"MDV    ",MALDIVES,MALDIVES,2009,ART,Artisanal Fishing,Pêcheries artisanales,6,HAND,Hand line,Ligne à main,Line,Lignes,0,4,6,LOA,Length overall,4,PELAGIC
44,"ZAF    ",SOUTH AFRICA,AFRIQUE DU SUD,2009,ART,Artisanal Fishing,Pêcheries artisanales,6,HAND,Hand line,Ligne à main,Line,Lignes,0,50,200,GRT,Gross Registered Tonnage,29,COASTAL
50,"GBRT   ",UK.TERRITORIES,RU.TERRITOIRES,2009,ART,Artisanal Fishing,Pêcheries artisanales,6,HAND,Hand line,Ligne à main,Line,Lignes,0,6,10,LOA,Length overall,43,PELAGIC
50,"GBRT   ",UK.TERRITORIES,RU.TERRITOIRES,2009,ART,Artisanal Fishing,Pêcheries artisanales,6,HAND,Hand line,Ligne à main,Line,Lignes,0,10,25,LOA,Length overall,4,PELAGIC
1,"AUS    ",AUSTRALIA,AUSTRALIE,2009,ART,Artisanal Fishing,Pêcheries artisanales,6,HATR,Hand line and Troll line,Ligne à main et Ligne de traîne,Line,Lignes,1,4,20,LOA,Length overall,28,COASTAL
15,"EUREU  ",EU.FRANCE.REUNION,UE.FRANCE.RÉUNION,2009,ART,Artisanal Fishing,Pêcheries artisanales,6,HATR,Hand line and Troll line,Ligne à main et Ligne de traîne,Line,Lignes,1,5,14,LOA,Length overall,190,PELAGIC
5,"CHN    ",CHINA,CHINE,2009,IND,Industrial Fishing,Pêcheries industrielles,5,LL,Longline,Palangre dérivante au-dessus de 1800 hameçons,Longline,Palangre,0,40,60,LOA,Length overall,28,PELAGIC
6,"TWN    ","TAIWAN,CHINA","TAIWAN,CHINE",2009,IND,Industrial Fishing,Pêcheries industrielles,5,LL,Longline,Palangre dérivante au-dessus de 1800 hameçons,Longline,Palangre,0,24,40,LOA,Length overall,6,PELAGIC
6,"TWN    ","TAIWAN,CHINA","TAIWAN,CHINE",2009,IND,Industrial Fishing,Pêcheries industrielles,5,LL,Longline,Palangre dérivante au-dessus de 1800 hameçons,Longline,Palangre,0,40,60,LOA,Length overall,155,PELAGIC
22,"IND    ",INDIA,INDE,2009,IND,Industrial Fishing,Pêcheries industrielles,5,LL,Longline,Palangre dérivante au-dessus de 1800 hameçons,Longline,Palangre,0,24,40,LOA,Length overall,0,PELAGIC
22,"IND    ",INDIA,INDE,2009,IND,Industrial Fishing,Pêcheries industrielles,5,LL,Longline,Palangre dérivante au-dessus de 1800 hameçons,Longline,Palangre,0,40,60,LOA,Length overall,21,PELAGIC
23,"IDN    ",INDONESIA,INDONÉSIE,2009,IND,Industrial Fishing,Pêcheries industrielles,5,LL,Longline,Palangre dérivante au-dessus de 1800 hameçons,Longline,Palangre,0,24,40,LOA,Length overall,4,PELAGIC
23,"IDN    ",INDONESIA,INDONÉSIE,2009,IND,Industrial Fishing,Pêcheries industrielles,5,LL,Longline,Palangre dérivante au-dessus de 1800 hameçons,Longline,Palangre,0,40,60,LOA,Length overall,24,PELAGIC
26,"JPN    ",JAPAN,JAPON,2009,IND,Industrial Fishing,Pêcheries industrielles,5,LL,Longline,Palangre dérivante au-dessus de 1800 hameçons,Longline,Palangre,0,24,40,LOA,Length overall,3,PELAGIC
26,"JPN    ",JAPAN,JAPON,2009,IND,Industrial Fishing,Pêcheries industrielles,5,LL,Longline,Palangre dérivante au-dessus de 1800 hameçons,Longline,Palangre,0,40,60,LOA,Length overall,126,PELAGIC
29,"KOR    ",KOREA REP.,CORÉE RÉP.,2009,IND,Industrial Fishing,Pêcheries industrielles,5,LL,Longline,Palangre dérivante au-dessus de 1800 hameçons,Longline,Palangre,0,40,60,LOA,Length overall,21,PELAGIC
32,"MYS    ",MALAYSIA,MALAISIE,2009,IND,Industrial Fishing,Pêcheries industrielles,5,LL,Longline,Palangre dérivante au-dessus de 1800 hameçons,Longline,Palangre,0,24,40,LOA,Length overall,3,PELAGIC
32,"MYS    ",MALAYSIA,MALAISIE,2009,IND,Industrial Fishing,Pêcheries industrielles,5,LL,Longline,Palangre dérivante au-dessus de 1800 hameçons,Longline,Palangre,0,40,60,LOA,Length overall,4,PELAGIC
32,"MYS    ",MALAYSIA,MALAISIE,2009,IND,Industrial Fishing,Pêcheries industrielles,5,LL,Longline,Palangre dérivante au-dessus de 1800 hameçons,Longline,Palangre,0,60,80,LOA,Length overall,1,PELAGIC
34,"MUS    ",MAURITIUS,MAURICE,2009,IND,Industrial Fishing,Pêcheries industrielles,5,LL,Longline,Palangre dérivante au-dessus de 1800 hameçons,Longline,Palangre,0,40,60,LOA,Length overall,1,PELAGIC
37,"OMN    ",OMAN,OMAN,2009,IND,Industrial Fishing,Pêcheries industrielles,5,LL,Longline,Palangre dérivante au-dessus de 1800 hameçons,Longline,Palangre,0,40,60,LOA,Length overall,11,PELAGIC
39,"PHL    ",PHILIPPINES,PHILIPPINES,2009,IND,Industrial Fishing,Pêcheries industrielles,5,LL,Longline,Palangre dérivante au-dessus de 1800 hameçons,Longline,Palangre,0,40,60,LOA,Length overall,7,PELAGIC
43,"SYC    ",SEYCHELLES,SEYCHELLES,2009,IND,Industrial Fishing,Pêcheries industrielles,5,LL,Longline,Palangre dérivante au-dessus de 1800 hameçons,Longline,Palangre,0,40,60,LOA,Length overall,26,PELAGIC
48,"TZA    ",TANZANIA,TANZANIE,2009,IND,Industrial Fishing,Pêcheries industrielles,5,LL,Longline,Palangre dérivante au-dessus de 1800 hameçons,Longline,Palangre,0,40,60,LOA,Length overall,3,PELAGIC
49,"THA    ",THAILAND,THAÏLANDE,2009,IND,Industrial Fishing,Pêcheries industrielles,5,LL,Longline,Palangre dérivante au-dessus de 1800 hameçons,Longline,Palangre,0,24,40,LOA,Length overall,1,PELAGIC
49,"THA    ",THAILAND,THAÏLANDE,2009,IND,Industrial Fishing,Pêcheries industrielles,5,LL,Longline,Palangre dérivante au-dessus de 1800 hameçons,Longline,Palangre,0,40,60,LOA,Length overall,2,PELAGIC
57,"NEIFR  ",NEI.FROZEN,NCA.CONGELÉ,2009,IND,Industrial Fishing,Pêcheries industrielles,5,LL,Longline,Palangre dérivante au-dessus de 1800 hameçons,Longline,Palangre,0,40,60,LOA,Length overall,10,PELAGIC
22,"IND    ",INDIA,INDE,2009,IND,Industrial Fishing,Pêcheries industrielles,5,LLEX,Exploratory longline,Palangre de prospection,Longline,Palangre,0,24,40,LOA,Length overall,4,PELAGIC
1,"AUS    ",AUSTRALIA,AUSTRALIE,2009,IND,Industrial Fishing,Pêcheries industrielles,1,PS,Purse seine,Senne tournante aux thons,Purse Seine,Senne tournante,0,24,40,LOA,Length overall,10,PELAGIC
1,"AUS    ",AUSTRALIA,AUSTRALIE,2009,IND,Industrial Fishing,Pêcheries industrielles,1,PS,Purse seine,Senne tournante aux thons,Purse Seine,Senne tournante,0,40,60,LOA,Length overall,3,PELAGIC
13,"EUFRA  ",EU.FRANCE,UE.FRANCE,2009,IND,Industrial Fishing,Pêcheries industrielles,1,PS,Purse seine,Senne tournante aux thons,Purse Seine,Senne tournante,0,60,80,LOA,Length overall,11,PELAGIC
13,"EUFRA  ",EU.FRANCE,UE.FRANCE,2009,IND,Industrial Fishing,Pêcheries industrielles,1,PS,Purse seine,Senne tournante aux thons,Purse Seine,Senne tournante,0,80,100,LOA,Length overall,3,PELAGIC
14,"EUMYT  ",EU.FRANCE.MAYOTTE,UE.FRANCE.MAYOTTE,2009,IND,Industrial Fishing,Pêcheries industrielles,1,PS,Purse seine,Senne tournante aux thons,Purse Seine,Senne tournante,0,80,100,LOA,Length overall,3,PELAGIC
19,"EUESP  ",EU.SPAIN,UE.ESPAGNE,2009,IND,Industrial Fishing,Pêcheries industrielles,1,PS,Purse seine,Senne tournante aux thons,Purse Seine,Senne tournante,0,60,80,LOA,Length overall,5,PELAGIC
19,"EUESP  ",EU.SPAIN,UE.ESPAGNE,2009,IND,Industrial Fishing,Pêcheries industrielles,1,PS,Purse seine,Senne tournante aux thons,Purse Seine,Senne tournante,0,80,100,LOA,Length overall,5,PELAGIC
19,"EUESP  ",EU.SPAIN,UE.ESPAGNE,2009,IND,Industrial Fishing,Pêcheries industrielles,1,PS,Purse seine,Senne tournante aux thons,Purse Seine,Senne tournante,0,100,120,LOA,Length overall,5,PELAGIC
23,"IDN    ",INDONESIA,INDONÉSIE,2009,IND,Industrial Fishing,Pêcheries industrielles,1,PS,Purse seine,Senne tournante aux thons,Purse Seine,Senne tournante,0,15,24,LOA,Length overall,3,PELAGIC
23,"IDN    ",INDONESIA,INDONÉSIE,2009,IND,Industrial Fishing,Pêcheries industrielles,1,PS,Purse seine,Senne tournante aux thons,Purse Seine,Senne tournante,0,24,40,LOA,Length overall,5,PELAGIC
23,"IDN    ",INDONESIA,INDONÉSIE,2009,IND,Industrial Fishing,Pêcheries industrielles,1,PS,Purse seine,Senne tournante aux thons,Purse Seine,Senne tournante,0,40,60,LOA,Length overall,3,PELAGIC
24,"IRN    ",IRAN ISLAMIC REP.,IRAN RÉP. ISLAMIQUE,2009,IND,Industrial Fishing,Pêcheries industrielles,1,PS,Purse seine,Senne tournante aux thons,Purse Seine,Senne tournante,0,40,60,LOA,Length overall,2,PELAGIC
24,"IRN    ",IRAN ISLAMIC REP.,IRAN RÉP. ISLAMIQUE,2009,IND,Industrial Fishing,Pêcheries industrielles,1,PS,Purse seine,Senne tournante aux thons,Purse Seine,Senne tournante,0,60,80,LOA,Length overall,6,PELAGIC
26,"JPN    ",JAPAN,JAPON,2009,IND,Industrial Fishing,Pêcheries industrielles,1,PS,Purse seine,Senne tournante aux thons,Purse Seine,Senne tournante,0,60,80,LOA,Length overall,2,PELAGIC
32,"MYS    ",MALAYSIA,MALAISIE,2009,IND,Industrial Fishing,Pêcheries industrielles,1,PS,Purse seine,Senne tournante aux thons,Purse Seine,Senne tournante,0,40,60,LOA,Length overall,1,PELAGIC
43,"SYC    ",SEYCHELLES,SEYCHELLES,2009,IND,Industrial Fishing,Pêcheries industrielles,1,PS,Purse seine,Senne tournante aux thons,Purse Seine,Senne tournante,0,60,80,LOA,Length overall,6,PELAGIC
43,"SYC    ",SEYCHELLES,SEYCHELLES,2009,IND,Industrial Fishing,Pêcheries industrielles,1,PS,Purse seine,Senne tournante aux thons,Purse Seine,Senne tournante,0,80,100,LOA,Length overall,1,PELAGIC
43,"SYC    ",SEYCHELLES,SEYCHELLES,2009,IND,Industrial Fishing,Pêcheries industrielles,1,PS,Purse seine,Senne tournante aux thons,Purse Seine,Senne tournante,0,100,120,LOA,Length overall,2,PELAGIC
49,"THA    ",THAILAND,THAÏLANDE,2009,IND,Industrial Fishing,Pêcheries industrielles,1,PS,Purse seine,Senne tournante aux thons,Purse Seine,Senne tournante,0,60,80,LOA,Length overall,4,PELAGIC
60,"EUITA  ",EU.ITALY,EU.ITALIE,2009,IND,Industrial Fishing,Pêcheries industrielles,1,PS,Purse seine,Senne tournante aux thons,Purse Seine,Senne tournante,0,80,100,LOA,Length overall,1,NULL
60,"EUITA  ",EU.ITALY,EU.ITALIE,2009,IND,Industrial Fishing,Pêcheries industrielles,1,PS,Purse seine,Senne tournante aux thons,Purse Seine,Senne tournante,0,80,100,LOA,Length overall,1,PELAGIC
49,"THA    ",THAILAND,THAÏLANDE,2009,ART,Artisanal Fishing,Pêcheries artisanales,1,PSS,Small purse seine,Senneur côtier,Purse Seine,Senne tournante,0,14,25,LOA,Length overall,270,"ALL    "
58,"NEIPS  ",NEI.OTHER,NCA.AUTRE,2009,IND,Industrial Fishing,Pêcheries industrielles,1,SUPP,Supply vessel,Bateau auxiliaire,Purse Seine,Senne tournante,0,24,40,LOA,Length overall,10,PELAGIC
58,"NEIPS  ",NEI.OTHER,NCA.AUTRE,2009,IND,Industrial Fishing,Pêcheries industrielles,1,SUPP,Supply vessel,Bateau auxiliaire,Purse Seine,Senne tournante,0,40,60,LOA,Length overall,2,PELAGIC
49,"THA    ",THAILAND,THAÏLANDE,2009,ART,Artisanal Fishing,Pêcheries artisanales,9,TRAW,Trawl,Chaluts,Other,Autres,0,14,25,LOA,Length overall,596,COASTAL
24,"IRN    ",IRAN ISLAMIC REP.,IRAN RÉP. ISLAMIQUE,2009,ART,Artisanal Fishing,Pêcheries artisanales,6,TROL,Troll line,Ligne de traîne,Line,Lignes,0,0,2,GRT,Gross Registered Tonnage,426,COASTAL
33,"MDV    ",MALDIVES,MALDIVES,2009,ART,Artisanal Fishing,Pêcheries artisanales,6,TROL,Troll line,Ligne de traîne,Line,Lignes,0,5,10,LOA,Length overall,60,PELAGIC
46,"LKA    ",SRI LANKA,SRI LANKA,2009,ART,Artisanal Fishing,Pêcheries artisanales,9,UNCL,Unclassified,Non classé,Other,Autres,1,1,8,LOA,Length overall,35436,"ALL    "
46,"LKA    ",SRI LANKA,SRI LANKA,2009,ART,Artisanal Fishing,Pêcheries artisanales,9,UNCL,Unclassified,Non classé,Other,Autres,1,8,9,LOA,Length overall,3084,"ALL    "
33,"MDV    ",MALDIVES,MALDIVES,2010,ART,Artisanal Fishing,Pêcheries artisanales,3,BB,Baitboat,Canne,Baitboat,Canne,0,10,15,LOA,Length overall,952,PELAGIC
1,"AUS    ",AUSTRALIA,AUSTRALIE,2010,IND,Industrial Fishing,Pêcheries industrielles,5,ELL,Longline targeting swordfish,Palangre à espadon,Longline,Palangre,0,15,24,LOA,Length overall,2,PELAGIC
1,"AUS    ",AUSTRALIA,AUSTRALIE,2010,IND,Industrial Fishing,Pêcheries industrielles,5,ELL,Longline targeting swordfish,Palangre à espadon,Longline,Palangre,0,24,40,LOA,Length overall,2,PELAGIC
14,"EUMYT  ",EU.FRANCE.MAYOTTE,UE.FRANCE.MAYOTTE,2010,IND,Industrial Fishing,Pêcheries industrielles,5,ELL,Longline targeting swordfish,Palangre à espadon,Longline,Palangre,0,0,15,LOA,Length overall,3,PELAGIC
15,"EUREU  ",EU.FRANCE.REUNION,UE.FRANCE.RÉUNION,2010,IND,Industrial Fishing,Pêcheries industrielles,5,ELL,Longline targeting swordfish,Palangre à espadon,Longline,Palangre,0,0,15,LOA,Length overall,26,PELAGIC
15,"EUREU  ",EU.FRANCE.REUNION,UE.FRANCE.RÉUNION,2010,IND,Industrial Fishing,Pêcheries industrielles,5,ELL,Longline targeting swordfish,Palangre à espadon,Longline,Palangre,0,15,24,LOA,Length overall,12,PELAGIC
15,"EUREU  ",EU.FRANCE.REUNION,UE.FRANCE.RÉUNION,2010,IND,Industrial Fishing,Pêcheries industrielles,5,ELL,Longline targeting swordfish,Palangre à espadon,Longline,Palangre,0,24,40,LOA,Length overall,3,PELAGIC
18,"EUPRT  ",EU.PORTUGAL,UE.PORTUGAL,2010,IND,Industrial Fishing,Pêcheries industrielles,5,ELL,Longline targeting swordfish,Palangre à espadon,Longline,Palangre,0,24,40,LOA,Length overall,2,PELAGIC
18,"EUPRT  ",EU.PORTUGAL,UE.PORTUGAL,2010,IND,Industrial Fishing,Pêcheries industrielles,5,ELL,Longline targeting swordfish,Palangre à espadon,Longline,Palangre,0,40,60,LOA,Length overall,2,PELAGIC
19,"EUESP  ",EU.SPAIN,UE.ESPAGNE,2010,IND,Industrial Fishing,Pêcheries industrielles,5,ELL,Longline targeting swordfish,Palangre à espadon,Longline,Palangre,0,24,40,LOA,Length overall,7,PELAGIC
19,"EUESP  ",EU.SPAIN,UE.ESPAGNE,2010,IND,Industrial Fishing,Pêcheries industrielles,5,ELL,Longline targeting swordfish,Palangre à espadon,Longline,Palangre,0,40,60,LOA,Length overall,6,PELAGIC
20,GBR,UNITED KINGDOM,ROYAUME-UNI,2010,IND,Industrial Fishing,Pêcheries industrielles,5,ELL,Longline targeting swordfish,Palangre à espadon,Longline,Palangre,0,24,40,LOA,Length overall,2,PELAGIC
20,GBR,UNITED KINGDOM,ROYAUME-UNI,2010,IND,Industrial Fishing,Pêcheries industrielles,5,ELL,Longline targeting swordfish,Palangre à espadon,Longline,Palangre,0,40,60,LOA,Length overall,2,PELAGIC
21,"GIN    ",GUINEA,GUINÉE,2010,IND,Industrial Fishing,Pêcheries industrielles,5,ELL,Longline targeting swordfish,Palangre à espadon,Longline,Palangre,0,40,60,LOA,Length overall,3,PELAGIC
28,"KEN    ",KENYA,KENYA,2010,IND,Industrial Fishing,Pêcheries industrielles,5,ELL,Longline targeting swordfish,Palangre à espadon,Longline,Palangre,0,24,40,LOA,Length overall,1,PELAGIC
31,"MDG    ",MADAGASCAR,MADAGASCAR,2010,IND,Industrial Fishing,Pêcheries industrielles,5,ELL,Longline targeting swordfish,Palangre à espadon,Longline,Palangre,0,0,15,LOA,Length overall,3,PELAGIC
31,"MDG    ",MADAGASCAR,MADAGASCAR,2010,IND,Industrial Fishing,Pêcheries industrielles,5,ELL,Longline targeting swordfish,Palangre à espadon,Longline,Palangre,0,15,24,LOA,Length overall,3,PELAGIC
34,"MUS    ",MAURITIUS,MAURICE,2010,IND,Industrial Fishing,Pêcheries industrielles,5,ELL,Longline targeting swordfish,Palangre à espadon,Longline,Palangre,0,0,15,LOA,Length overall,2,PELAGIC
43,"SYC    ",SEYCHELLES,SEYCHELLES,2010,IND,Industrial Fishing,Pêcheries industrielles,5,ELL,Longline targeting swordfish,Palangre à espadon,Longline,Palangre,0,0,15,LOA,Length overall,2,PELAGIC
43,"SYC    ",SEYCHELLES,SEYCHELLES,2010,IND,Industrial Fishing,Pêcheries industrielles,5,ELL,Longline targeting swordfish,Palangre à espadon,Longline,Palangre,0,15,24,LOA,Length overall,7,PELAGIC
44,"ZAF    ",SOUTH AFRICA,AFRIQUE DU SUD,2010,IND,Industrial Fishing,Pêcheries industrielles,5,ELL,Longline targeting swordfish,Palangre à espadon,Longline,Palangre,0,15,24,LOA,Length overall,8,PELAGIC
44,"ZAF    ",SOUTH AFRICA,AFRIQUE DU SUD,2010,IND,Industrial Fishing,Pêcheries industrielles,5,ELL,Longline targeting swordfish,Palangre à espadon,Longline,Palangre,0,24,40,LOA,Length overall,15,PELAGIC
57,"NEIFR  ",NEI.FROZEN,NCA.CONGELÉ,2010,IND,Industrial Fishing,Pêcheries industrielles,5,ELL,Longline targeting swordfish,Palangre à espadon,Longline,Palangre,0,40,60,LOA,Length overall,5,PELAGIC
57,"NEIFR  ",NEI.FROZEN,NCA.CONGELÉ,2010,IND,Industrial Fishing,Pêcheries industrielles,5,ELL,Longline targeting swordfish,Palangre à espadon,Longline,Palangre,0,60,80,LOA,Length overall,1,PELAGIC
4,"BLZ    ",BELIZE,BELIZE,2010,IND,Industrial Fishing,Pêcheries industrielles,5,FLL,Longline Fresh,Palangre Frais,Longline,Palangre,0,24,40,LOA,Length overall,6,PELAGIC
5,"CHN    ",CHINA,CHINE,2010,IND,Industrial Fishing,Pêcheries industrielles,5,FLL,Longline Fresh,Palangre Frais,Longline,Palangre,0,24,40,LOA,Length overall,5,PELAGIC
6,"TWN    ","TAIWAN,CHINA","TAIWAN,CHINE",2010,IND,Industrial Fishing,Pêcheries industrielles,5,FLL,Longline Fresh,Palangre Frais,Longline,Palangre,0,15,24,LOA,Length overall,260,PELAGIC
6,"TWN    ","TAIWAN,CHINA","TAIWAN,CHINE",2010,IND,Industrial Fishing,Pêcheries industrielles,5,FLL,Longline Fresh,Palangre Frais,Longline,Palangre,0,24,40,LOA,Length overall,127,PELAGIC
22,"IND    ",INDIA,INDE,2010,IND,Industrial Fishing,Pêcheries industrielles,5,FLL,Longline Fresh,Palangre Frais,Longline,Palangre,0,15,24,LOA,Length overall,24,PELAGIC
23,"IDN    ",INDONESIA,INDONÉSIE,2010,IND,Industrial Fishing,Pêcheries industrielles,5,FLL,Longline Fresh,Palangre Frais,Longline,Palangre,0,0,15,LOA,Length overall,49,PELAGIC
23,"IDN    ",INDONESIA,INDONÉSIE,2010,IND,Industrial Fishing,Pêcheries industrielles,5,FLL,Longline Fresh,Palangre Frais,Longline,Palangre,0,15,24,LOA,Length overall,772,PELAGIC
23,"IDN    ",INDONESIA,INDONÉSIE,2010,IND,Industrial Fishing,Pêcheries industrielles,5,FLL,Longline Fresh,Palangre Frais,Longline,Palangre,0,24,40,LOA,Length overall,144,PELAGIC
32,"MYS    ",MALAYSIA,MALAISIE,2010,IND,Industrial Fishing,Pêcheries industrielles,5,FLL,Longline Fresh,Palangre Frais,Longline,Palangre,0,15,24,LOA,Length overall,6,PELAGIC
32,"MYS    ",MALAYSIA,MALAISIE,2010,IND,Industrial Fishing,Pêcheries industrielles,5,FLL,Longline Fresh,Palangre Frais,Longline,Palangre,0,24,40,LOA,Length overall,32,PELAGIC
37,"OMN    ",OMAN,OMAN,2010,IND,Industrial Fishing,Pêcheries industrielles,5,FLL,Longline Fresh,Palangre Frais,Longline,Palangre,0,0,15,LOA,Length overall,2,PELAGIC
37,"OMN    ",OMAN,OMAN,2010,IND,Industrial Fishing,Pêcheries industrielles,5,FLL,Longline Fresh,Palangre Frais,Longline,Palangre,0,15,24,LOA,Length overall,23,PELAGIC
37,"OMN    ",OMAN,OMAN,2010,IND,Industrial Fishing,Pêcheries industrielles,5,FLL,Longline Fresh,Palangre Frais,Longline,Palangre,0,24,40,LOA,Length overall,16,PELAGIC
46,"LKA    ",SRI LANKA,SRI LANKA,2010,IND,Industrial Fishing,Pêcheries industrielles,5,FLL,Longline Fresh,Palangre Frais,Longline,Palangre,0,15,24,LOA,Length overall,36,PELAGIC
53,"VUT    ",VANUATU,VANUATU,2010,IND,Industrial Fishing,Pêcheries industrielles,5,FLL,Longline Fresh,Palangre Frais,Longline,Palangre,0,15,24,LOA,Length overall,4,PELAGIC
46,"LKA    ",SRI LANKA,SRI LANKA,2010,ART,Artisanal Fishing,Pêcheries artisanales,4,G/L,Gillnet and Longline combination,Filet maillant et Palangre,Gillnet,Filet maillant,1,9,18,LOA,Length overall,3346,PELAGIC
37,"OMN    ",OMAN,OMAN,2010,ART,Artisanal Fishing,Pêcheries artisanales,4,GIHA,Gillnet and hand line,Filet maillant et Ligne à main,Gillnet,Filet maillant,1,1,10,LOA,Length overall,18031,COASTAL
1,"AUS    ",AUSTRALIA,AUSTRALIE,2010,ART,Artisanal Fishing,Pêcheries artisanales,4,GILL,Gillnet,Filet maillant,Gillnet,Filet maillant,0,4,20,LOA,Length overall,6,COASTAL
24,"IRN    ",IRAN ISLAMIC REP.,IRAN RÉP. ISLAMIQUE,2010,ART,Artisanal Fishing,Pêcheries artisanales,4,GILL,Gillnet,Filet maillant,Gillnet,Filet maillant,0,101,NULL,GRT,Gross Registered Tonnage,283,"ALL    "
24,"IRN    ",IRAN ISLAMIC REP.,IRAN RÉP. ISLAMIQUE,2010,ART,Artisanal Fishing,Pêcheries artisanales,4,GILL,Gillnet,Filet maillant,Gillnet,Filet maillant,0,0,2,GRT,Gross Registered Tonnage,3444,"ALL    "
24,"IRN    ",IRAN ISLAMIC REP.,IRAN RÉP. ISLAMIQUE,2010,ART,Artisanal Fishing,Pêcheries artisanales,4,GILL,Gillnet,Filet maillant,Gillnet,Filet maillant,0,3,20,GRT,Gross Registered Tonnage,702,"ALL    "
24,"IRN    ",IRAN ISLAMIC REP.,IRAN RÉP. ISLAMIQUE,2010,ART,Artisanal Fishing,Pêcheries artisanales,4,GILL,Gillnet,Filet maillant,Gillnet,Filet maillant,0,21,50,GRT,Gross Registered Tonnage,911,"ALL    "
24,"IRN    ",IRAN ISLAMIC REP.,IRAN RÉP. ISLAMIQUE,2010,ART,Artisanal Fishing,Pêcheries artisanales,4,GILL,Gillnet,Filet maillant,Gillnet,Filet maillant,0,51,100,GRT,Gross Registered Tonnage,580,"ALL    "
37,"OMN    ",OMAN,OMAN,2010,ART,Artisanal Fishing,Pêcheries artisanales,4,GILL,Gillnet,Filet maillant,Gillnet,Filet maillant,0,10,24,LOA,Length overall,728,COASTAL
38,"PAK    ",PAKISTAN,PAKISTAN,2010,ART,Artisanal Fishing,Pêcheries artisanales,4,GILL,Gillnet,Filet maillant,Gillnet,Filet maillant,0,35,50,GRT,Gross Registered Tonnage,2852,"ALL    "
49,"THA    ",THAILAND,THAÏLANDE,2010,ART,Artisanal Fishing,Pêcheries artisanales,4,GILL,Gillnet,Filet maillant,Gillnet,Filet maillant,0,14,25,LOA,Length overall,42,COASTAL
1,"AUS    ",AUSTRALIA,AUSTRALIE,2010,ART,Artisanal Fishing,Pêcheries artisanales,6,HAND,Hand line,Ligne à main,Line,Lignes,0,4,20,LOA,Length overall,14,COASTAL
33,"MDV    ",MALDIVES,MALDIVES,2010,ART,Artisanal Fishing,Pêcheries artisanales,6,HAND,Hand line,Ligne à main,Line,Lignes,0,4,6,LOA,Length overall,4,PELAGIC
44,"ZAF    ",SOUTH AFRICA,AFRIQUE DU SUD,2010,ART,Artisanal Fishing,Pêcheries artisanales,6,HAND,Hand line,Ligne à main,Line,Lignes,0,50,200,GRT,Gross Registered Tonnage,18,COASTAL
50,"GBRT   ",UK.TERRITORIES,RU.TERRITOIRES,2010,ART,Artisanal Fishing,Pêcheries artisanales,6,HAND,Hand line,Ligne à main,Line,Lignes,0,6,10,LOA,Length overall,43,PELAGIC
50,"GBRT   ",UK.TERRITORIES,RU.TERRITOIRES,2010,ART,Artisanal Fishing,Pêcheries artisanales,6,HAND,Hand line,Ligne à main,Line,Lignes,0,10,25,LOA,Length overall,4,PELAGIC
15,"EUREU  ",EU.FRANCE.REUNION,UE.FRANCE.RÉUNION,2010,ART,Artisanal Fishing,Pêcheries artisanales,6,HATR,Hand line and Troll line,Ligne à main et Ligne de traîne,Line,Lignes,1,5,14,LOA,Length overall,168,PELAGIC
4,"BLZ    ",BELIZE,BELIZE,2010,IND,Industrial Fishing,Pêcheries industrielles,5,LL,Longline,Palangre dérivante au-dessus de 1800 hameçons,Longline,Palangre,0,40,60,LOA,Length overall,1,PELAGIC
5,"CHN    ",CHINA,CHINE,2010,IND,Industrial Fishing,Pêcheries industrielles,5,LL,Longline,Palangre dérivante au-dessus de 1800 hameçons,Longline,Palangre,0,24,40,LOA,Length overall,1,PELAGIC
5,"CHN    ",CHINA,CHINE,2010,IND,Industrial Fishing,Pêcheries industrielles,5,LL,Longline,Palangre dérivante au-dessus de 1800 hameçons,Longline,Palangre,0,40,60,LOA,Length overall,14,PELAGIC
6,"TWN    ","TAIWAN,CHINA","TAIWAN,CHINE",2010,IND,Industrial Fishing,Pêcheries industrielles,5,LL,Longline,Palangre dérivante au-dessus de 1800 hameçons,Longline,Palangre,0,24,40,LOA,Length overall,6,PELAGIC
6,"TWN    ","TAIWAN,CHINA","TAIWAN,CHINE",2010,IND,Industrial Fishing,Pêcheries industrielles,5,LL,Longline,Palangre dérivante au-dessus de 1800 hameçons,Longline,Palangre,0,40,60,LOA,Length overall,148,PELAGIC
22,"IND    ",INDIA,INDE,2010,IND,Industrial Fishing,Pêcheries industrielles,5,LL,Longline,Palangre dérivante au-dessus de 1800 hameçons,Longline,Palangre,0,24,40,LOA,Length overall,5,PELAGIC
22,"IND    ",INDIA,INDE,2010,IND,Industrial Fishing,Pêcheries industrielles,5,LL,Longline,Palangre dérivante au-dessus de 1800 hameçons,Longline,Palangre,0,40,60,LOA,Length overall,24,PELAGIC
23,"IDN    ",INDONESIA,INDONÉSIE,2010,IND,Industrial Fishing,Pêcheries industrielles,5,LL,Longline,Palangre dérivante au-dessus de 1800 hameçons,Longline,Palangre,0,24,40,LOA,Length overall,4,PELAGIC
23,"IDN    ",INDONESIA,INDONÉSIE,2010,IND,Industrial Fishing,Pêcheries industrielles,5,LL,Longline,Palangre dérivante au-dessus de 1800 hameçons,Longline,Palangre,0,40,60,LOA,Length overall,26,PELAGIC
26,"JPN    ",JAPAN,JAPON,2010,IND,Industrial Fishing,Pêcheries industrielles,5,LL,Longline,Palangre dérivante au-dessus de 1800 hameçons,Longline,Palangre,0,24,40,LOA,Length overall,3,PELAGIC
26,"JPN    ",JAPAN,JAPON,2010,IND,Industrial Fishing,Pêcheries industrielles,5,LL,Longline,Palangre dérivante au-dessus de 1800 hameçons,Longline,Palangre,0,40,60,LOA,Length overall,82,PELAGIC
29,"KOR    ",KOREA REP.,CORÉE RÉP.,2010,IND,Industrial Fishing,Pêcheries industrielles,5,LL,Longline,Palangre dérivante au-dessus de 1800 hameçons,Longline,Palangre,0,40,60,LOA,Length overall,13,PELAGIC
32,"MYS    ",MALAYSIA,MALAISIE,2010,IND,Industrial Fishing,Pêcheries industrielles,5,LL,Longline,Palangre dérivante au-dessus de 1800 hameçons,Longline,Palangre,0,24,40,LOA,Length overall,3,PELAGIC
32,"MYS    ",MALAYSIA,MALAISIE,2010,IND,Industrial Fishing,Pêcheries industrielles,5,LL,Longline,Palangre dérivante au-dessus de 1800 hameçons,Longline,Palangre,0,40,60,LOA,Length overall,1,PELAGIC
32,"MYS    ",MALAYSIA,MALAISIE,2010,IND,Industrial Fishing,Pêcheries industrielles,5,LL,Longline,Palangre dérivante au-dessus de 1800 hameçons,Longline,Palangre,0,60,80,LOA,Length overall,1,PELAGIC
34,"MUS    ",MAURITIUS,MAURICE,2010,IND,Industrial Fishing,Pêcheries industrielles,5,LL,Longline,Palangre dérivante au-dessus de 1800 hameçons,Longline,Palangre,0,40,60,LOA,Length overall,1,PELAGIC
37,"OMN    ",OMAN,OMAN,2010,IND,Industrial Fishing,Pêcheries industrielles,5,LL,Longline,Palangre dérivante au-dessus de 1800 hameçons,Longline,Palangre,0,40,60,LOA,Length overall,11,PELAGIC
39,"PHL    ",PHILIPPINES,PHILIPPINES,2010,IND,Industrial Fishing,Pêcheries industrielles,5,LL,Longline,Palangre dérivante au-dessus de 1800 hameçons,Longline,Palangre,0,40,60,LOA,Length overall,7,PELAGIC
43,"SYC    ",SEYCHELLES,SEYCHELLES,2010,IND,Industrial Fishing,Pêcheries industrielles,5,LL,Longline,Palangre dérivante au-dessus de 1800 hameçons,Longline,Palangre,0,40,60,LOA,Length overall,26,PELAGIC
48,"TZA    ",TANZANIA,TANZANIE,2010,IND,Industrial Fishing,Pêcheries industrielles,5,LL,Longline,Palangre dérivante au-dessus de 1800 hameçons,Longline,Palangre,0,40,60,LOA,Length overall,2,PELAGIC
49,"THA    ",THAILAND,THAÏLANDE,2010,IND,Industrial Fishing,Pêcheries industrielles,5,LL,Longline,Palangre dérivante au-dessus de 1800 hameçons,Longline,Palangre,0,40,60,LOA,Length overall,2,PELAGIC
57,"NEIFR  ",NEI.FROZEN,NCA.CONGELÉ,2010,IND,Industrial Fishing,Pêcheries industrielles,5,LL,Longline,Palangre dérivante au-dessus de 1800 hameçons,Longline,Palangre,0,40,60,LOA,Length overall,9,PELAGIC
22,"IND    ",INDIA,INDE,2010,IND,Industrial Fishing,Pêcheries industrielles,5,LLEX,Exploratory longline,Palangre de prospection,Longline,Palangre,0,24,40,LOA,Length overall,4,PELAGIC
1,"AUS    ",AUSTRALIA,AUSTRALIE,2010,IND,Industrial Fishing,Pêcheries industrielles,1,PS,Purse seine,Senne tournante aux thons,Purse Seine,Senne tournante,0,24,40,LOA,Length overall,9,PELAGIC
1,"AUS    ",AUSTRALIA,AUSTRALIE,2010,IND,Industrial Fishing,Pêcheries industrielles,1,PS,Purse seine,Senne tournante aux thons,Purse Seine,Senne tournante,0,40,60,LOA,Length overall,3,PELAGIC
13,"EUFRA  ",EU.FRANCE,UE.FRANCE,2010,IND,Industrial Fishing,Pêcheries industrielles,1,PS,Purse seine,Senne tournante aux thons,Purse Seine,Senne tournante,0,60,80,LOA,Length overall,6,PELAGIC
13,"EUFRA  ",EU.FRANCE,UE.FRANCE,2010,IND,Industrial Fishing,Pêcheries industrielles,1,PS,Purse seine,Senne tournante aux thons,Purse Seine,Senne tournante,0,80,100,LOA,Length overall,2,PELAGIC
14,"EUMYT  ",EU.FRANCE.MAYOTTE,UE.FRANCE.MAYOTTE,2010,IND,Industrial Fishing,Pêcheries industrielles,1,PS,Purse seine,Senne tournante aux thons,Purse Seine,Senne tournante,0,80,100,LOA,Length overall,5,PELAGIC
19,"EUESP  ",EU.SPAIN,UE.ESPAGNE,2010,IND,Industrial Fishing,Pêcheries industrielles,1,PS,Purse seine,Senne tournante aux thons,Purse Seine,Senne tournante,0,60,80,LOA,Length overall,4,PELAGIC
19,"EUESP  ",EU.SPAIN,UE.ESPAGNE,2010,IND,Industrial Fishing,Pêcheries industrielles,1,PS,Purse seine,Senne tournante aux thons,Purse Seine,Senne tournante,0,80,100,LOA,Length overall,4,PELAGIC
19,"EUESP  ",EU.SPAIN,UE.ESPAGNE,2010,IND,Industrial Fishing,Pêcheries industrielles,1,PS,Purse seine,Senne tournante aux thons,Purse Seine,Senne tournante,0,100,120,LOA,Length overall,5,PELAGIC
23,"IDN    ",INDONESIA,INDONÉSIE,2010,IND,Industrial Fishing,Pêcheries industrielles,1,PS,Purse seine,Senne tournante aux thons,Purse Seine,Senne tournante,0,15,24,LOA,Length overall,3,PELAGIC
23,"IDN    ",INDONESIA,INDONÉSIE,2010,IND,Industrial Fishing,Pêcheries industrielles,1,PS,Purse seine,Senne tournante aux thons,Purse Seine,Senne tournante,0,24,40,LOA,Length overall,5,PELAGIC
23,"IDN    ",INDONESIA,INDONÉSIE,2010,IND,Industrial Fishing,Pêcheries industrielles,1,PS,Purse seine,Senne tournante aux thons,Purse Seine,Senne tournante,0,40,60,LOA,Length overall,3,PELAGIC
24,"IRN    ",IRAN ISLAMIC REP.,IRAN RÉP. ISLAMIQUE,2010,IND,Industrial Fishing,Pêcheries industrielles,1,PS,Purse seine,Senne tournante aux thons,Purse Seine,Senne tournante,0,40,60,LOA,Length overall,3,PELAGIC
24,"IRN    ",IRAN ISLAMIC REP.,IRAN RÉP. ISLAMIQUE,2010,IND,Industrial Fishing,Pêcheries industrielles,1,PS,Purse seine,Senne tournante aux thons,Purse Seine,Senne tournante,0,60,80,LOA,Length overall,5,PELAGIC
26,"JPN    ",JAPAN,JAPON,2010,IND,Industrial Fishing,Pêcheries industrielles,1,PS,Purse seine,Senne tournante aux thons,Purse Seine,Senne tournante,0,60,80,LOA,Length overall,1,PELAGIC
43,"SYC    ",SEYCHELLES,SEYCHELLES,2010,IND,Industrial Fishing,Pêcheries industrielles,1,PS,Purse seine,Senne tournante aux thons,Purse Seine,Senne tournante,0,60,80,LOA,Length overall,6,PELAGIC
43,"SYC    ",SEYCHELLES,SEYCHELLES,2010,IND,Industrial Fishing,Pêcheries industrielles,1,PS,Purse seine,Senne tournante aux thons,Purse Seine,Senne tournante,0,80,100,LOA,Length overall,1,PELAGIC
43,"SYC    ",SEYCHELLES,SEYCHELLES,2010,IND,Industrial Fishing,Pêcheries industrielles,1,PS,Purse seine,Senne tournante aux thons,Purse Seine,Senne tournante,0,100,120,LOA,Length overall,2,PELAGIC
49,"THA    ",THAILAND,THAÏLANDE,2010,IND,Industrial Fishing,Pêcheries industrielles,1,PS,Purse seine,Senne tournante aux thons,Purse Seine,Senne tournante,0,60,80,LOA,Length overall,4,PELAGIC
49,"THA    ",THAILAND,THAÏLANDE,2010,ART,Artisanal Fishing,Pêcheries artisanales,1,PSS,Small purse seine,Senneur côtier,Purse Seine,Senne tournante,0,14,25,LOA,Length overall,360,"ALL    "
58,"NEIPS  ",NEI.OTHER,NCA.AUTRE,2010,IND,Industrial Fishing,Pêcheries industrielles,1,SUPP,Supply vessel,Bateau auxiliaire,Purse Seine,Senne tournante,0,24,40,LOA,Length overall,6,PELAGIC
58,"NEIPS  ",NEI.OTHER,NCA.AUTRE,2010,IND,Industrial Fishing,Pêcheries industrielles,1,SUPP,Supply vessel,Bateau auxiliaire,Purse Seine,Senne tournante,0,40,60,LOA,Length overall,1,PELAGIC
49,"THA    ",THAILAND,THAÏLANDE,2010,ART,Artisanal Fishing,Pêcheries artisanales,9,TRAW,Trawl,Chaluts,Other,Autres,0,14,25,LOA,Length overall,752,COASTAL
1,"AUS    ",AUSTRALIA,AUSTRALIE,2010,ART,Artisanal Fishing,Pêcheries artisanales,6,TROL,Troll line,Ligne de traîne,Line,Lignes,0,4,20,LOA,Length overall,15,PELAGIC
24,"IRN    ",IRAN ISLAMIC REP.,IRAN RÉP. ISLAMIQUE,2010,ART,Artisanal Fishing,Pêcheries artisanales,6,TROL,Troll line,Ligne de traîne,Line,Lignes,0,0,2,GRT,Gross Registered Tonnage,634,COASTAL
33,"MDV    ",MALDIVES,MALDIVES,2010,ART,Artisanal Fishing,Pêcheries artisanales,6,TROL,Troll line,Ligne de traîne,Line,Lignes,0,5,10,LOA,Length overall,60,PELAGIC
46,"LKA    ",SRI LANKA,SRI LANKA,2010,ART,Artisanal Fishing,Pêcheries artisanales,9,UNCL,Unclassified,Non classé,Other,Autres,1,1,8,LOA,Length overall,38935,"ALL    "
46,"LKA    ",SRI LANKA,SRI LANKA,2010,ART,Artisanal Fishing,Pêcheries artisanales,9,UNCL,Unclassified,Non classé,Other,Autres,1,8,9,LOA,Length overall,3857,"ALL    "
33,"MDV    ",MALDIVES,MALDIVES,2011,ART,Artisanal Fishing,Pêcheries artisanales,3,BB,Baitboat,Canne,Baitboat,Canne,0,10,15,LOA,Length overall,1107,PELAGIC
1,"AUS    ",AUSTRALIA,AUSTRALIE,2011,IND,Industrial Fishing,Pêcheries industrielles,5,ELL,Longline targeting swordfish,Palangre à espadon,Longline,Palangre,0,15,24,LOA,Length overall,1,PELAGIC
1,"AUS    ",AUSTRALIA,AUSTRALIE,2011,IND,Industrial Fishing,Pêcheries industrielles,5,ELL,Longline targeting swordfish,Palangre à espadon,Longline,Palangre,0,24,40,LOA,Length overall,1,PELAGIC
14,"EUMYT  ",EU.FRANCE.MAYOTTE,UE.FRANCE.MAYOTTE,2011,IND,Industrial Fishing,Pêcheries industrielles,5,ELL,Longline targeting swordfish,Palangre à espadon,Longline,Palangre,0,0,15,LOA,Length overall,3,PELAGIC
15,"EUREU  ",EU.FRANCE.REUNION,UE.FRANCE.RÉUNION,2011,IND,Industrial Fishing,Pêcheries industrielles,5,ELL,Longline targeting swordfish,Palangre à espadon,Longline,Palangre,0,0,15,LOA,Length overall,26,PELAGIC
15,"EUREU  ",EU.FRANCE.REUNION,UE.FRANCE.RÉUNION,2011,IND,Industrial Fishing,Pêcheries industrielles,5,ELL,Longline targeting swordfish,Palangre à espadon,Longline,Palangre,0,15,24,LOA,Length overall,12,PELAGIC
15,"EUREU  ",EU.FRANCE.REUNION,UE.FRANCE.RÉUNION,2011,IND,Industrial Fishing,Pêcheries industrielles,5,ELL,Longline targeting swordfish,Palangre à espadon,Longline,Palangre,0,24,40,LOA,Length overall,1,PELAGIC
18,"EUPRT  ",EU.PORTUGAL,UE.PORTUGAL,2011,IND,Industrial Fishing,Pêcheries industrielles,5,ELL,Longline targeting swordfish,Palangre à espadon,Longline,Palangre,0,24,40,LOA,Length overall,2,PELAGIC
18,"EUPRT  ",EU.PORTUGAL,UE.PORTUGAL,2011,IND,Industrial Fishing,Pêcheries industrielles,5,ELL,Longline targeting swordfish,Palangre à espadon,Longline,Palangre,0,40,60,LOA,Length overall,2,PELAGIC
19,"EUESP  ",EU.SPAIN,UE.ESPAGNE,2011,IND,Industrial Fishing,Pêcheries industrielles,5,ELL,Longline targeting swordfish,Palangre à espadon,Longline,Palangre,0,24,40,LOA,Length overall,8,PELAGIC
19,"EUESP  ",EU.SPAIN,UE.ESPAGNE,2011,IND,Industrial Fishing,Pêcheries industrielles,5,ELL,Longline targeting swordfish,Palangre à espadon,Longline,Palangre,0,40,60,LOA,Length overall,7,PELAGIC
20,GBR,UNITED KINGDOM,ROYAUME-UNI,2011,IND,Industrial Fishing,Pêcheries industrielles,5,ELL,Longline targeting swordfish,Palangre à espadon,Longline,Palangre,0,24,40,LOA,Length overall,1,PELAGIC
20,GBR,UNITED KINGDOM,ROYAUME-UNI,2011,IND,Industrial Fishing,Pêcheries industrielles,5,ELL,Longline targeting swordfish,Palangre à espadon,Longline,Palangre,0,40,60,LOA,Length overall,2,PELAGIC
31,"MDG    ",MADAGASCAR,MADAGASCAR,2011,IND,Industrial Fishing,Pêcheries industrielles,5,ELL,Longline targeting swordfish,Palangre à espadon,Longline,Palangre,0,0,15,LOA,Length overall,2,PELAGIC
31,"MDG    ",MADAGASCAR,MADAGASCAR,2011,IND,Industrial Fishing,Pêcheries industrielles,5,ELL,Longline targeting swordfish,Palangre à espadon,Longline,Palangre,0,15,24,LOA,Length overall,1,PELAGIC
34,"MUS    ",MAURITIUS,MAURICE,2011,IND,Industrial Fishing,Pêcheries industrielles,5,ELL,Longline targeting swordfish,Palangre à espadon,Longline,Palangre,0,0,15,LOA,Length overall,2,PELAGIC
34,"MUS    ",MAURITIUS,MAURICE,2011,IND,Industrial Fishing,Pêcheries industrielles,5,ELL,Longline targeting swordfish,Palangre à espadon,Longline,Palangre,0,15,24,LOA,Length overall,2,PELAGIC
43,"SYC    ",SEYCHELLES,SEYCHELLES,2011,IND,Industrial Fishing,Pêcheries industrielles,5,ELL,Longline targeting swordfish,Palangre à espadon,Longline,Palangre,0,0,15,LOA,Length overall,1,PELAGIC
43,"SYC    ",SEYCHELLES,SEYCHELLES,2011,IND,Industrial Fishing,Pêcheries industrielles,5,ELL,Longline targeting swordfish,Palangre à espadon,Longline,Palangre,0,15,24,LOA,Length overall,3,PELAGIC
44,"ZAF    ",SOUTH AFRICA,AFRIQUE DU SUD,2011,IND,Industrial Fishing,Pêcheries industrielles,5,ELL,Longline targeting swordfish,Palangre à espadon,Longline,Palangre,0,15,24,LOA,Length overall,10,PELAGIC
44,"ZAF    ",SOUTH AFRICA,AFRIQUE DU SUD,2011,IND,Industrial Fishing,Pêcheries industrielles,5,ELL,Longline targeting swordfish,Palangre à espadon,Longline,Palangre,0,24,40,LOA,Length overall,10,PELAGIC
4,"BLZ    ",BELIZE,BELIZE,2011,IND,Industrial Fishing,Pêcheries industrielles,5,FLL,Longline Fresh,Palangre Frais,Longline,Palangre,0,24,40,LOA,Length overall,6,PELAGIC
5,"CHN    ",CHINA,CHINE,2011,IND,Industrial Fishing,Pêcheries industrielles,5,FLL,Longline Fresh,Palangre Frais,Longline,Palangre,0,24,40,LOA,Length overall,5,PELAGIC
6,"TWN    ","TAIWAN,CHINA","TAIWAN,CHINE",2011,IND,Industrial Fishing,Pêcheries industrielles,5,FLL,Longline Fresh,Palangre Frais,Longline,Palangre,0,15,24,LOA,Length overall,203,PELAGIC
6,"TWN    ","TAIWAN,CHINA","TAIWAN,CHINE",2011,IND,Industrial Fishing,Pêcheries industrielles,5,FLL,Longline Fresh,Palangre Frais,Longline,Palangre,0,24,40,LOA,Length overall,112,PELAGIC
22,"IND    ",INDIA,INDE,2011,IND,Industrial Fishing,Pêcheries industrielles,5,FLL,Longline Fresh,Palangre Frais,Longline,Palangre,0,15,24,LOA,Length overall,27,PELAGIC
23,"IDN    ",INDONESIA,INDONÉSIE,2011,IND,Industrial Fishing,Pêcheries industrielles,5,FLL,Longline Fresh,Palangre Frais,Longline,Palangre,0,0,15,LOA,Length overall,58,PELAGIC
23,"IDN    ",INDONESIA,INDONÉSIE,2011,IND,Industrial Fishing,Pêcheries industrielles,5,FLL,Longline Fresh,Palangre Frais,Longline,Palangre,0,15,24,LOA,Length overall,912,PELAGIC
23,"IDN    ",INDONESIA,INDONÉSIE,2011,IND,Industrial Fishing,Pêcheries industrielles,5,FLL,Longline Fresh,Palangre Frais,Longline,Palangre,0,24,40,LOA,Length overall,171,PELAGIC
32,"MYS    ",MALAYSIA,MALAISIE,2011,IND,Industrial Fishing,Pêcheries industrielles,5,FLL,Longline Fresh,Palangre Frais,Longline,Palangre,0,15,24,LOA,Length overall,1,PELAGIC
32,"MYS    ",MALAYSIA,MALAISIE,2011,IND,Industrial Fishing,Pêcheries industrielles,5,FLL,Longline Fresh,Palangre Frais,Longline,Palangre,0,24,40,LOA,Length overall,7,PELAGIC
37,"OMN    ",OMAN,OMAN,2011,IND,Industrial Fishing,Pêcheries industrielles,5,FLL,Longline Fresh,Palangre Frais,Longline,Palangre,0,0,15,LOA,Length overall,1,PELAGIC
37,"OMN    ",OMAN,OMAN,2011,IND,Industrial Fishing,Pêcheries industrielles,5,FLL,Longline Fresh,Palangre Frais,Longline,Palangre,0,15,24,LOA,Length overall,15,PELAGIC
37,"OMN    ",OMAN,OMAN,2011,IND,Industrial Fishing,Pêcheries industrielles,5,FLL,Longline Fresh,Palangre Frais,Longline,Palangre,0,24,40,LOA,Length overall,15,PELAGIC
46,"LKA    ",SRI LANKA,SRI LANKA,2011,IND,Industrial Fishing,Pêcheries industrielles,5,FLL,Longline Fresh,Palangre Frais,Longline,Palangre,0,15,24,LOA,Length overall,76,PELAGIC
48,"TZA    ",TANZANIA,TANZANIE,2011,IND,Industrial Fishing,Pêcheries industrielles,5,FLL,Longline Fresh,Palangre Frais,Longline,Palangre,0,15,24,LOA,Length overall,4,PELAGIC
55,"NEICE  ",NEI.FRESH,NCA.FRAIS,2011,IND,Industrial Fishing,Pêcheries industrielles,5,FLL,Longline Fresh,Palangre Frais,Longline,Palangre,0,15,24,LOA,Length overall,12,PELAGIC
55,"NEICE  ",NEI.FRESH,NCA.FRAIS,2011,IND,Industrial Fishing,Pêcheries industrielles,5,FLL,Longline Fresh,Palangre Frais,Longline,Palangre,0,24,40,LOA,Length overall,14,PELAGIC
46,"LKA    ",SRI LANKA,SRI LANKA,2011,ART,Artisanal Fishing,Pêcheries artisanales,4,G/L,Gillnet and Longline combination,Filet maillant et Palangre,Gillnet,Filet maillant,1,9,18,LOA,Length overall,3872,PELAGIC
37,"OMN    ",OMAN,OMAN,2011,ART,Artisanal Fishing,Pêcheries artisanales,4,GIHA,Gillnet and hand line,Filet maillant et Ligne à main,Gillnet,Filet maillant,1,1,10,LOA,Length overall,18027,COASTAL
1,"AUS    ",AUSTRALIA,AUSTRALIE,2011,ART,Artisanal Fishing,Pêcheries artisanales,4,GILL,Gillnet,Filet maillant,Gillnet,Filet maillant,0,4,20,LOA,Length overall,6,COASTAL
24,"IRN    ",IRAN ISLAMIC REP.,IRAN RÉP. ISLAMIQUE,2011,ART,Artisanal Fishing,Pêcheries artisanales,4,GILL,Gillnet,Filet maillant,Gillnet,Filet maillant,0,101,NULL,GRT,Gross Registered Tonnage,260,"ALL    "
24,"IRN    ",IRAN ISLAMIC REP.,IRAN RÉP. ISLAMIQUE,2011,ART,Artisanal Fishing,Pêcheries artisanales,4,GILL,Gillnet,Filet maillant,Gillnet,Filet maillant,0,0,2,GRT,Gross Registered Tonnage,3340,"ALL    "
24,"IRN    ",IRAN ISLAMIC REP.,IRAN RÉP. ISLAMIQUE,2011,ART,Artisanal Fishing,Pêcheries artisanales,4,GILL,Gillnet,Filet maillant,Gillnet,Filet maillant,0,3,20,GRT,Gross Registered Tonnage,586,"ALL    "
24,"IRN    ",IRAN ISLAMIC REP.,IRAN RÉP. ISLAMIQUE,2011,ART,Artisanal Fishing,Pêcheries artisanales,4,GILL,Gillnet,Filet maillant,Gillnet,Filet maillant,0,21,50,GRT,Gross Registered Tonnage,941,"ALL    "
24,"IRN    ",IRAN ISLAMIC REP.,IRAN RÉP. ISLAMIQUE,2011,ART,Artisanal Fishing,Pêcheries artisanales,4,GILL,Gillnet,Filet maillant,Gillnet,Filet maillant,0,51,100,GRT,Gross Registered Tonnage,479,"ALL    "
37,"OMN    ",OMAN,OMAN,2011,ART,Artisanal Fishing,Pêcheries artisanales,4,GILL,Gillnet,Filet maillant,Gillnet,Filet maillant,0,10,24,LOA,Length overall,704,COASTAL
38,"PAK    ",PAKISTAN,PAKISTAN,2011,ART,Artisanal Fishing,Pêcheries artisanales,4,GILL,Gillnet,Filet maillant,Gillnet,Filet maillant,0,35,50,GRT,Gross Registered Tonnage,3126,"ALL    "
49,"THA    ",THAILAND,THAÏLANDE,2011,ART,Artisanal Fishing,Pêcheries artisanales,4,GILL,Gillnet,Filet maillant,Gillnet,Filet maillant,0,14,25,LOA,Length overall,45,COASTAL
1,"AUS    ",AUSTRALIA,AUSTRALIE,2011,ART,Artisanal Fishing,Pêcheries artisanales,6,HAND,Hand line,Ligne à main,Line,Lignes,0,4,20,LOA,Length overall,15,COASTAL
33,"MDV    ",MALDIVES,MALDIVES,2011,ART,Artisanal Fishing,Pêcheries artisanales,6,HAND,Hand line,Ligne à main,Line,Lignes,0,4,6,LOA,Length overall,302,PELAGIC
44,"ZAF    ",SOUTH AFRICA,AFRIQUE DU SUD,2011,ART,Artisanal Fishing,Pêcheries artisanales,6,HAND,Hand line,Ligne à main,Line,Lignes,0,50,200,GRT,Gross Registered Tonnage,18,COASTAL
50,"GBRT   ",UK.TERRITORIES,RU.TERRITOIRES,2011,ART,Artisanal Fishing,Pêcheries artisanales,6,HAND,Hand line,Ligne à main,Line,Lignes,0,6,10,LOA,Length overall,43,PELAGIC
50,"GBRT   ",UK.TERRITORIES,RU.TERRITOIRES,2011,ART,Artisanal Fishing,Pêcheries artisanales,6,HAND,Hand line,Ligne à main,Line,Lignes,0,10,25,LOA,Length overall,4,PELAGIC
15,"EUREU  ",EU.FRANCE.REUNION,UE.FRANCE.RÉUNION,2011,ART,Artisanal Fishing,Pêcheries artisanales,6,HATR,Hand line and Troll line,Ligne à main et Ligne de traîne,Line,Lignes,1,5,14,LOA,Length overall,167,PELAGIC
4,"BLZ    ",BELIZE,BELIZE,2011,IND,Industrial Fishing,Pêcheries industrielles,5,LL,Longline,Palangre dérivante au-dessus de 1800 hameçons,Longline,Palangre,0,40,60,LOA,Length overall,1,PELAGIC
5,"CHN    ",CHINA,CHINE,2011,IND,Industrial Fishing,Pêcheries industrielles,5,LL,Longline,Palangre dérivante au-dessus de 1800 hameçons,Longline,Palangre,0,24,40,LOA,Length overall,1,PELAGIC
5,"CHN    ",CHINA,CHINE,2011,IND,Industrial Fishing,Pêcheries industrielles,5,LL,Longline,Palangre dérivante au-dessus de 1800 hameçons,Longline,Palangre,0,40,60,LOA,Length overall,9,PELAGIC
6,"TWN    ","TAIWAN,CHINA","TAIWAN,CHINE",2011,IND,Industrial Fishing,Pêcheries industrielles,5,LL,Longline,Palangre dérivante au-dessus de 1800 hameçons,Longline,Palangre,0,24,40,LOA,Length overall,10,PELAGIC
6,"TWN    ","TAIWAN,CHINA","TAIWAN,CHINE",2011,IND,Industrial Fishing,Pêcheries industrielles,5,LL,Longline,Palangre dérivante au-dessus de 1800 hameçons,Longline,Palangre,0,40,60,LOA,Length overall,122,PELAGIC
22,"IND    ",INDIA,INDE,2011,IND,Industrial Fishing,Pêcheries industrielles,5,LL,Longline,Palangre dérivante au-dessus de 1800 hameçons,Longline,Palangre,0,24,40,LOA,Length overall,9,PELAGIC
22,"IND    ",INDIA,INDE,2011,IND,Industrial Fishing,Pêcheries industrielles,5,LL,Longline,Palangre dérivante au-dessus de 1800 hameçons,Longline,Palangre,0,40,60,LOA,Length overall,15,PELAGIC
23,"IDN    ",INDONESIA,INDONÉSIE,2011,IND,Industrial Fishing,Pêcheries industrielles,5,LL,Longline,Palangre dérivante au-dessus de 1800 hameçons,Longline,Palangre,0,24,40,LOA,Length overall,5,PELAGIC
23,"IDN    ",INDONESIA,INDONÉSIE,2011,IND,Industrial Fishing,Pêcheries industrielles,5,LL,Longline,Palangre dérivante au-dessus de 1800 hameçons,Longline,Palangre,0,40,60,LOA,Length overall,28,PELAGIC
26,"JPN    ",JAPAN,JAPON,2011,IND,Industrial Fishing,Pêcheries industrielles,5,LL,Longline,Palangre dérivante au-dessus de 1800 hameçons,Longline,Palangre,0,24,40,LOA,Length overall,3,PELAGIC
26,"JPN    ",JAPAN,JAPON,2011,IND,Industrial Fishing,Pêcheries industrielles,5,LL,Longline,Palangre dérivante au-dessus de 1800 hameçons,Longline,Palangre,0,40,60,LOA,Length overall,65,PELAGIC
29,"KOR    ",KOREA REP.,CORÉE RÉP.,2011,IND,Industrial Fishing,Pêcheries industrielles,5,LL,Longline,Palangre dérivante au-dessus de 1800 hameçons,Longline,Palangre,0,40,60,LOA,Length overall,7,PELAGIC
37,"OMN    ",OMAN,OMAN,2011,IND,Industrial Fishing,Pêcheries industrielles,5,LL,Longline,Palangre dérivante au-dessus de 1800 hameçons,Longline,Palangre,0,40,60,LOA,Length overall,11,PELAGIC
39,"PHL    ",PHILIPPINES,PHILIPPINES,2011,IND,Industrial Fishing,Pêcheries industrielles,5,LL,Longline,Palangre dérivante au-dessus de 1800 hameçons,Longline,Palangre,0,40,60,LOA,Length overall,2,PELAGIC
43,"SYC    ",SEYCHELLES,SEYCHELLES,2011,IND,Industrial Fishing,Pêcheries industrielles,5,LL,Longline,Palangre dérivante au-dessus de 1800 hameçons,Longline,Palangre,0,40,60,LOA,Length overall,22,PELAGIC
48,"TZA    ",TANZANIA,TANZANIE,2011,IND,Industrial Fishing,Pêcheries industrielles,5,LL,Longline,Palangre dérivante au-dessus de 1800 hameçons,Longline,Palangre,0,40,60,LOA,Length overall,4,PELAGIC
49,"THA    ",THAILAND,THAÏLANDE,2011,IND,Industrial Fishing,Pêcheries industrielles,5,LL,Longline,Palangre dérivante au-dessus de 1800 hameçons,Longline,Palangre,0,40,60,LOA,Length overall,2,PELAGIC
57,"NEIFR  ",NEI.FROZEN,NCA.CONGELÉ,2011,IND,Industrial Fishing,Pêcheries industrielles,5,LL,Longline,Palangre dérivante au-dessus de 1800 hameçons,Longline,Palangre,0,40,60,LOA,Length overall,7,PELAGIC
57,"NEIFR  ",NEI.FROZEN,NCA.CONGELÉ,2011,IND,Industrial Fishing,Pêcheries industrielles,5,LL,Longline,Palangre dérivante au-dessus de 1800 hameçons,Longline,Palangre,0,60,80,LOA,Length overall,2,PELAGIC
22,"IND    ",INDIA,INDE,2011,IND,Industrial Fishing,Pêcheries industrielles,5,LLEX,Exploratory longline,Palangre de prospection,Longline,Palangre,0,24,40,LOA,Length overall,4,PELAGIC
1,"AUS    ",AUSTRALIA,AUSTRALIE,2011,IND,Industrial Fishing,Pêcheries industrielles,1,PS,Purse seine,Senne tournante aux thons,Purse Seine,Senne tournante,0,24,40,LOA,Length overall,3,PELAGIC
1,"AUS    ",AUSTRALIA,AUSTRALIE,2011,IND,Industrial Fishing,Pêcheries industrielles,1,PS,Purse seine,Senne tournante aux thons,Purse Seine,Senne tournante,0,40,60,LOA,Length overall,2,PELAGIC
13,"EUFRA  ",EU.FRANCE,UE.FRANCE,2011,IND,Industrial Fishing,Pêcheries industrielles,1,PS,Purse seine,Senne tournante aux thons,Purse Seine,Senne tournante,0,60,80,LOA,Length overall,6,PELAGIC
13,"EUFRA  ",EU.FRANCE,UE.FRANCE,2011,IND,Industrial Fishing,Pêcheries industrielles,1,PS,Purse seine,Senne tournante aux thons,Purse Seine,Senne tournante,0,80,100,LOA,Length overall,2,PELAGIC
14,"EUMYT  ",EU.FRANCE.MAYOTTE,UE.FRANCE.MAYOTTE,2011,IND,Industrial Fishing,Pêcheries industrielles,1,PS,Purse seine,Senne tournante aux thons,Purse Seine,Senne tournante,0,80,100,LOA,Length overall,5,PELAGIC
19,"EUESP  ",EU.SPAIN,UE.ESPAGNE,2011,IND,Industrial Fishing,Pêcheries industrielles,1,PS,Purse seine,Senne tournante aux thons,Purse Seine,Senne tournante,0,60,80,LOA,Length overall,4,PELAGIC
19,"EUESP  ",EU.SPAIN,UE.ESPAGNE,2011,IND,Industrial Fishing,Pêcheries industrielles,1,PS,Purse seine,Senne tournante aux thons,Purse Seine,Senne tournante,0,80,100,LOA,Length overall,4,PELAGIC
19,"EUESP  ",EU.SPAIN,UE.ESPAGNE,2011,IND,Industrial Fishing,Pêcheries industrielles,1,PS,Purse seine,Senne tournante aux thons,Purse Seine,Senne tournante,0,100,120,LOA,Length overall,5,PELAGIC
23,"IDN    ",INDONESIA,INDONÉSIE,2011,IND,Industrial Fishing,Pêcheries industrielles,1,PS,Purse seine,Senne tournante aux thons,Purse Seine,Senne tournante,0,15,24,LOA,Length overall,3,PELAGIC
23,"IDN    ",INDONESIA,INDONÉSIE,2011,IND,Industrial Fishing,Pêcheries industrielles,1,PS,Purse seine,Senne tournante aux thons,Purse Seine,Senne tournante,0,24,40,LOA,Length overall,4,PELAGIC
23,"IDN    ",INDONESIA,INDONÉSIE,2011,IND,Industrial Fishing,Pêcheries industrielles,1,PS,Purse seine,Senne tournante aux thons,Purse Seine,Senne tournante,0,40,60,LOA,Length overall,3,PELAGIC
24,"IRN    ",IRAN ISLAMIC REP.,IRAN RÉP. ISLAMIQUE,2011,IND,Industrial Fishing,Pêcheries industrielles,1,PS,Purse seine,Senne tournante aux thons,Purse Seine,Senne tournante,0,40,60,LOA,Length overall,2,PELAGIC
24,"IRN    ",IRAN ISLAMIC REP.,IRAN RÉP. ISLAMIQUE,2011,IND,Industrial Fishing,Pêcheries industrielles,1,PS,Purse seine,Senne tournante aux thons,Purse Seine,Senne tournante,0,60,80,LOA,Length overall,5,PELAGIC
26,"JPN    ",JAPAN,JAPON,2011,IND,Industrial Fishing,Pêcheries industrielles,1,PS,Purse seine,Senne tournante aux thons,Purse Seine,Senne tournante,0,60,80,LOA,Length overall,1,PELAGIC
43,"SYC    ",SEYCHELLES,SEYCHELLES,2011,IND,Industrial Fishing,Pêcheries industrielles,1,PS,Purse seine,Senne tournante aux thons,Purse Seine,Senne tournante,0,60,80,LOA,Length overall,5,PELAGIC
43,"SYC    ",SEYCHELLES,SEYCHELLES,2011,IND,Industrial Fishing,Pêcheries industrielles,1,PS,Purse seine,Senne tournante aux thons,Purse Seine,Senne tournante,0,80,100,LOA,Length overall,1,PELAGIC
43,"SYC    ",SEYCHELLES,SEYCHELLES,2011,IND,Industrial Fishing,Pêcheries industrielles,1,PS,Purse seine,Senne tournante aux thons,Purse Seine,Senne tournante,0,100,120,LOA,Length overall,2,PELAGIC
49,"THA    ",THAILAND,THAÏLANDE,2011,ART,Artisanal Fishing,Pêcheries artisanales,1,PSS,Small purse seine,Senneur côtier,Purse Seine,Senne tournante,0,14,25,LOA,Length overall,310,"ALL    "
58,"NEIPS  ",NEI.OTHER,NCA.AUTRE,2011,IND,Industrial Fishing,Pêcheries industrielles,1,SUPP,Supply vessel,Bateau auxiliaire,Purse Seine,Senne tournante,0,24,40,LOA,Length overall,6,PELAGIC
58,"NEIPS  ",NEI.OTHER,NCA.AUTRE,2011,IND,Industrial Fishing,Pêcheries industrielles,1,SUPP,Supply vessel,Bateau auxiliaire,Purse Seine,Senne tournante,0,40,60,LOA,Length overall,1,PELAGIC
49,"THA    ",THAILAND,THAÏLANDE,2011,ART,Artisanal Fishing,Pêcheries artisanales,9,TRAW,Trawl,Chaluts,Other,Autres,0,14,25,LOA,Length overall,635,COASTAL
1,"AUS    ",AUSTRALIA,AUSTRALIE,2011,ART,Artisanal Fishing,Pêcheries artisanales,6,TROL,Troll line,Ligne de traîne,Line,Lignes,0,4,20,LOA,Length overall,17,PELAGIC
24,"IRN    ",IRAN ISLAMIC REP.,IRAN RÉP. ISLAMIQUE,2011,ART,Artisanal Fishing,Pêcheries artisanales,6,TROL,Troll line,Ligne de traîne,Line,Lignes,0,0,2,GRT,Gross Registered Tonnage,854,COASTAL
33,"MDV    ",MALDIVES,MALDIVES,2011,ART,Artisanal Fishing,Pêcheries artisanales,6,TROL,Troll line,Ligne de traîne,Line,Lignes,0,5,10,LOA,Length overall,336,PELAGIC
46,"LKA    ",SRI LANKA,SRI LANKA,2011,ART,Artisanal Fishing,Pêcheries artisanales,9,UNCL,Unclassified,Non classé,Other,Autres,1,1,8,LOA,Length overall,45520,"ALL    "
46,"LKA    ",SRI LANKA,SRI LANKA,2011,ART,Artisanal Fishing,Pêcheries artisanales,9,UNCL,Unclassified,Non classé,Other,Autres,1,8,9,LOA,Length overall,4080,"ALL    "
33,"MDV    ",MALDIVES,MALDIVES,2012,ART,Artisanal Fishing,Pêcheries artisanales,3,BB,Baitboat,Canne,Baitboat,Canne,0,10,15,LOA,Length overall,930,PELAGIC
1,"AUS    ",AUSTRALIA,AUSTRALIE,2012,IND,Industrial Fishing,Pêcheries industrielles,5,ELL,Longline targeting swordfish,Palangre à espadon,Longline,Palangre,0,15,24,LOA,Length overall,1,PELAGIC
1,"AUS    ",AUSTRALIA,AUSTRALIE,2012,IND,Industrial Fishing,Pêcheries industrielles,5,ELL,Longline targeting swordfish,Palangre à espadon,Longline,Palangre,0,24,40,LOA,Length overall,1,PELAGIC
1,"AUS    ",AUSTRALIA,AUSTRALIE,2012,IND,Industrial Fishing,Pêcheries industrielles,5,ELL,Longline targeting swordfish,Palangre à espadon,Longline,Palangre,0,40,60,LOA,Length overall,1,PELAGIC
14,"EUMYT  ",EU.FRANCE.MAYOTTE,UE.FRANCE.MAYOTTE,2012,IND,Industrial Fishing,Pêcheries industrielles,5,ELL,Longline targeting swordfish,Palangre à espadon,Longline,Palangre,0,0,15,LOA,Length overall,4,PELAGIC
15,"EUREU  ",EU.FRANCE.REUNION,UE.FRANCE.RÉUNION,2012,IND,Industrial Fishing,Pêcheries industrielles,5,ELL,Longline targeting swordfish,Palangre à espadon,Longline,Palangre,0,0,15,LOA,Length overall,28,PELAGIC
15,"EUREU  ",EU.FRANCE.REUNION,UE.FRANCE.RÉUNION,2012,IND,Industrial Fishing,Pêcheries industrielles,5,ELL,Longline targeting swordfish,Palangre à espadon,Longline,Palangre,0,15,24,LOA,Length overall,13,PELAGIC
18,"EUPRT  ",EU.PORTUGAL,UE.PORTUGAL,2012,IND,Industrial Fishing,Pêcheries industrielles,5,ELL,Longline targeting swordfish,Palangre à espadon,Longline,Palangre,0,24,40,LOA,Length overall,1,PELAGIC
18,"EUPRT  ",EU.PORTUGAL,UE.PORTUGAL,2012,IND,Industrial Fishing,Pêcheries industrielles,5,ELL,Longline targeting swordfish,Palangre à espadon,Longline,Palangre,0,40,60,LOA,Length overall,2,PELAGIC
19,"EUESP  ",EU.SPAIN,UE.ESPAGNE,2012,IND,Industrial Fishing,Pêcheries industrielles,5,ELL,Longline targeting swordfish,Palangre à espadon,Longline,Palangre,0,24,40,LOA,Length overall,12,PELAGIC
19,"EUESP  ",EU.SPAIN,UE.ESPAGNE,2012,IND,Industrial Fishing,Pêcheries industrielles,5,ELL,Longline targeting swordfish,Palangre à espadon,Longline,Palangre,0,40,60,LOA,Length overall,7,PELAGIC
20,GBR,UNITED KINGDOM,ROYAUME-UNI,2012,IND,Industrial Fishing,Pêcheries industrielles,5,ELL,Longline targeting swordfish,Palangre à espadon,Longline,Palangre,0,24,40,LOA,Length overall,1,PELAGIC
20,GBR,UNITED KINGDOM,ROYAUME-UNI,2012,IND,Industrial Fishing,Pêcheries industrielles,5,ELL,Longline targeting swordfish,Palangre à espadon,Longline,Palangre,0,40,60,LOA,Length overall,2,PELAGIC
31,"MDG    ",MADAGASCAR,MADAGASCAR,2012,IND,Industrial Fishing,Pêcheries industrielles,5,ELL,Longline targeting swordfish,Palangre à espadon,Longline,Palangre,0,0,15,LOA,Length overall,4,PELAGIC
31,"MDG    ",MADAGASCAR,MADAGASCAR,2012,IND,Industrial Fishing,Pêcheries industrielles,5,ELL,Longline targeting swordfish,Palangre à espadon,Longline,Palangre,0,15,24,LOA,Length overall,4,PELAGIC
34,"MUS    ",MAURITIUS,MAURICE,2012,IND,Industrial Fishing,Pêcheries industrielles,5,ELL,Longline targeting swordfish,Palangre à espadon,Longline,Palangre,0,0,15,LOA,Length overall,1,PELAGIC
34,"MUS    ",MAURITIUS,MAURICE,2012,IND,Industrial Fishing,Pêcheries industrielles,5,ELL,Longline targeting swordfish,Palangre à espadon,Longline,Palangre,0,15,24,LOA,Length overall,4,PELAGIC
43,"SYC    ",SEYCHELLES,SEYCHELLES,2012,IND,Industrial Fishing,Pêcheries industrielles,5,ELL,Longline targeting swordfish,Palangre à espadon,Longline,Palangre,0,0,15,LOA,Length overall,2,PELAGIC
43,"SYC    ",SEYCHELLES,SEYCHELLES,2012,IND,Industrial Fishing,Pêcheries industrielles,5,ELL,Longline targeting swordfish,Palangre à espadon,Longline,Palangre,0,15,24,LOA,Length overall,7,PELAGIC
44,"ZAF    ",SOUTH AFRICA,AFRIQUE DU SUD,2012,IND,Industrial Fishing,Pêcheries industrielles,5,ELL,Longline targeting swordfish,Palangre à espadon,Longline,Palangre,0,15,24,LOA,Length overall,10,PELAGIC
44,"ZAF    ",SOUTH AFRICA,AFRIQUE DU SUD,2012,IND,Industrial Fishing,Pêcheries industrielles,5,ELL,Longline targeting swordfish,Palangre à espadon,Longline,Palangre,0,24,40,LOA,Length overall,10,PELAGIC
4,"BLZ    ",BELIZE,BELIZE,2012,IND,Industrial Fishing,Pêcheries industrielles,5,FLL,Longline Fresh,Palangre Frais,Longline,Palangre,0,24,40,LOA,Length overall,12,PELAGIC
5,"CHN    ",CHINA,CHINE,2012,IND,Industrial Fishing,Pêcheries industrielles,5,FLL,Longline Fresh,Palangre Frais,Longline,Palangre,0,24,40,LOA,Length overall,4,PELAGIC
6,"TWN    ","TAIWAN,CHINA","TAIWAN,CHINE",2012,IND,Industrial Fishing,Pêcheries industrielles,5,FLL,Longline Fresh,Palangre Frais,Longline,Palangre,0,15,24,LOA,Length overall,176,PELAGIC
6,"TWN    ","TAIWAN,CHINA","TAIWAN,CHINE",2012,IND,Industrial Fishing,Pêcheries industrielles,5,FLL,Longline Fresh,Palangre Frais,Longline,Palangre,0,24,40,LOA,Length overall,97,PELAGIC
22,"IND    ",INDIA,INDE,2012,IND,Industrial Fishing,Pêcheries industrielles,5,FLL,Longline Fresh,Palangre Frais,Longline,Palangre,0,15,24,LOA,Length overall,18,PELAGIC
23,"IDN    ",INDONESIA,INDONÉSIE,2012,IND,Industrial Fishing,Pêcheries industrielles,5,FLL,Longline Fresh,Palangre Frais,Longline,Palangre,0,0,15,LOA,Length overall,63,PELAGIC
23,"IDN    ",INDONESIA,INDONÉSIE,2012,IND,Industrial Fishing,Pêcheries industrielles,5,FLL,Longline Fresh,Palangre Frais,Longline,Palangre,0,15,24,LOA,Length overall,993,PELAGIC
23,"IDN    ",INDONESIA,INDONÉSIE,2012,IND,Industrial Fishing,Pêcheries industrielles,5,FLL,Longline Fresh,Palangre Frais,Longline,Palangre,0,24,40,LOA,Length overall,186,PELAGIC
32,"MYS    ",MALAYSIA,MALAISIE,2012,IND,Industrial Fishing,Pêcheries industrielles,5,FLL,Longline Fresh,Palangre Frais,Longline,Palangre,0,24,40,LOA,Length overall,5,PELAGIC
33,"MDV    ",MALDIVES,MALDIVES,2012,IND,Industrial Fishing,Pêcheries industrielles,5,FLL,Longline Fresh,Palangre Frais,Longline,Palangre,0,24,40,LOA,Length overall,2,PELAGIC
37,"OMN    ",OMAN,OMAN,2012,IND,Industrial Fishing,Pêcheries industrielles,5,FLL,Longline Fresh,Palangre Frais,Longline,Palangre,0,0,15,LOA,Length overall,1,PELAGIC
37,"OMN    ",OMAN,OMAN,2012,IND,Industrial Fishing,Pêcheries industrielles,5,FLL,Longline Fresh,Palangre Frais,Longline,Palangre,0,15,24,LOA,Length overall,15,PELAGIC
37,"OMN    ",OMAN,OMAN,2012,IND,Industrial Fishing,Pêcheries industrielles,5,FLL,Longline Fresh,Palangre Frais,Longline,Palangre,0,24,40,LOA,Length overall,15,PELAGIC
46,"LKA    ",SRI LANKA,SRI LANKA,2012,IND,Industrial Fishing,Pêcheries industrielles,5,FLL,Longline Fresh,Palangre Frais,Longline,Palangre,0,15,24,LOA,Length overall,82,PELAGIC
48,"TZA    ",TANZANIA,TANZANIE,2012,IND,Industrial Fishing,Pêcheries industrielles,5,FLL,Longline Fresh,Palangre Frais,Longline,Palangre,0,15,24,LOA,Length overall,4,PELAGIC
53,"VUT    ",VANUATU,VANUATU,2012,IND,Industrial Fishing,Pêcheries industrielles,5,FLL,Longline Fresh,Palangre Frais,Longline,Palangre,0,15,24,LOA,Length overall,2,PELAGIC
55,"NEICE  ",NEI.FRESH,NCA.FRAIS,2012,IND,Industrial Fishing,Pêcheries industrielles,5,FLL,Longline Fresh,Palangre Frais,Longline,Palangre,0,15,24,LOA,Length overall,16,PELAGIC
55,"NEICE  ",NEI.FRESH,NCA.FRAIS,2012,IND,Industrial Fishing,Pêcheries industrielles,5,FLL,Longline Fresh,Palangre Frais,Longline,Palangre,0,24,40,LOA,Length overall,17,PELAGIC
46,"LKA    ",SRI LANKA,SRI LANKA,2012,ART,Artisanal Fishing,Pêcheries artisanales,4,G/L,Gillnet and Longline combination,Filet maillant et Palangre,Gillnet,Filet maillant,1,9,18,LOA,Length overall,4080,PELAGIC
37,"OMN    ",OMAN,OMAN,2012,ART,Artisanal Fishing,Pêcheries artisanales,4,GIHA,Gillnet and hand line,Filet maillant et Ligne à main,Gillnet,Filet maillant,1,1,10,LOA,Length overall,19245,COASTAL
1,"AUS    ",AUSTRALIA,AUSTRALIE,2012,ART,Artisanal Fishing,Pêcheries artisanales,4,GILL,Gillnet,Filet maillant,Gillnet,Filet maillant,0,4,20,LOA,Length overall,6,COASTAL
24,"IRN    ",IRAN ISLAMIC REP.,IRAN RÉP. ISLAMIQUE,2012,ART,Artisanal Fishing,Pêcheries artisanales,4,GILL,Gillnet,Filet maillant,Gillnet,Filet maillant,0,101,NULL,GRT,Gross Registered Tonnage,329,"ALL    "
24,"IRN    ",IRAN ISLAMIC REP.,IRAN RÉP. ISLAMIQUE,2012,ART,Artisanal Fishing,Pêcheries artisanales,4,GILL,Gillnet,Filet maillant,Gillnet,Filet maillant,0,0,2,GRT,Gross Registered Tonnage,3784,"ALL    "
24,"IRN    ",IRAN ISLAMIC REP.,IRAN RÉP. ISLAMIQUE,2012,ART,Artisanal Fishing,Pêcheries artisanales,4,GILL,Gillnet,Filet maillant,Gillnet,Filet maillant,0,3,20,GRT,Gross Registered Tonnage,282,"ALL    "
24,"IRN    ",IRAN ISLAMIC REP.,IRAN RÉP. ISLAMIQUE,2012,ART,Artisanal Fishing,Pêcheries artisanales,4,GILL,Gillnet,Filet maillant,Gillnet,Filet maillant,0,21,50,GRT,Gross Registered Tonnage,1021,"ALL    "
24,"IRN    ",IRAN ISLAMIC REP.,IRAN RÉP. ISLAMIQUE,2012,ART,Artisanal Fishing,Pêcheries artisanales,4,GILL,Gillnet,Filet maillant,Gillnet,Filet maillant,0,51,100,GRT,Gross Registered Tonnage,527,"ALL    "
37,"OMN    ",OMAN,OMAN,2012,ART,Artisanal Fishing,Pêcheries artisanales,4,GILL,Gillnet,Filet maillant,Gillnet,Filet maillant,0,10,24,LOA,Length overall,698,COASTAL
38,"PAK    ",PAKISTAN,PAKISTAN,2012,ART,Artisanal Fishing,Pêcheries artisanales,4,GILL,Gillnet,Filet maillant,Gillnet,Filet maillant,0,35,50,GRT,Gross Registered Tonnage,2632,"ALL    "
49,"THA    ",THAILAND,THAÏLANDE,2012,ART,Artisanal Fishing,Pêcheries artisanales,4,GILL,Gillnet,Filet maillant,Gillnet,Filet maillant,0,14,25,LOA,Length overall,54,COASTAL
1,"AUS    ",AUSTRALIA,AUSTRALIE,2012,ART,Artisanal Fishing,Pêcheries artisanales,6,HAND,Hand line,Ligne à main,Line,Lignes,0,4,20,LOA,Length overall,19,COASTAL
33,"MDV    ",MALDIVES,MALDIVES,2012,ART,Artisanal Fishing,Pêcheries artisanales,6,HAND,Hand line,Ligne à main,Line,Lignes,0,4,6,LOA,Length overall,25,PELAGIC
44,"ZAF    ",SOUTH AFRICA,AFRIQUE DU SUD,2012,ART,Artisanal Fishing,Pêcheries artisanales,6,HAND,Hand line,Ligne à main,Line,Lignes,0,50,200,GRT,Gross Registered Tonnage,18,COASTAL
50,"GBRT   ",UK.TERRITORIES,RU.TERRITOIRES,2012,ART,Artisanal Fishing,Pêcheries artisanales,6,HAND,Hand line,Ligne à main,Line,Lignes,0,6,10,LOA,Length overall,43,PELAGIC
50,"GBRT   ",UK.TERRITORIES,RU.TERRITOIRES,2012,ART,Artisanal Fishing,Pêcheries artisanales,6,HAND,Hand line,Ligne à main,Line,Lignes,0,10,25,LOA,Length overall,4,PELAGIC
15,"EUREU  ",EU.FRANCE.REUNION,UE.FRANCE.RÉUNION,2012,ART,Artisanal Fishing,Pêcheries artisanales,6,HATR,Hand line and Troll line,Ligne à main et Ligne de traîne,Line,Lignes,1,5,14,LOA,Length overall,141,PELAGIC
4,"BLZ    ",BELIZE,BELIZE,2012,IND,Industrial Fishing,Pêcheries industrielles,5,LL,Longline,Palangre dérivante au-dessus de 1800 hameçons,Longline,Palangre,0,40,60,LOA,Length overall,8,PELAGIC
5,"CHN    ",CHINA,CHINE,2012,IND,Industrial Fishing,Pêcheries industrielles,5,LL,Longline,Palangre dérivante au-dessus de 1800 hameçons,Longline,Palangre,0,24,40,LOA,Length overall,9,PELAGIC
5,"CHN    ",CHINA,CHINE,2012,IND,Industrial Fishing,Pêcheries industrielles,5,LL,Longline,Palangre dérivante au-dessus de 1800 hameçons,Longline,Palangre,0,40,60,LOA,Length overall,23,PELAGIC
6,"TWN    ","TAIWAN,CHINA","TAIWAN,CHINE",2012,IND,Industrial Fishing,Pêcheries industrielles,5,LL,Longline,Palangre dérivante au-dessus de 1800 hameçons,Longline,Palangre,0,24,40,LOA,Length overall,10,PELAGIC
6,"TWN    ","TAIWAN,CHINA","TAIWAN,CHINE",2012,IND,Industrial Fishing,Pêcheries industrielles,5,LL,Longline,Palangre dérivante au-dessus de 1800 hameçons,Longline,Palangre,0,40,60,LOA,Length overall,128,PELAGIC
22,"IND    ",INDIA,INDE,2012,IND,Industrial Fishing,Pêcheries industrielles,5,LL,Longline,Palangre dérivante au-dessus de 1800 hameçons,Longline,Palangre,0,40,60,LOA,Length overall,2,PELAGIC
23,"IDN    ",INDONESIA,INDONÉSIE,2012,IND,Industrial Fishing,Pêcheries industrielles,5,LL,Longline,Palangre dérivante au-dessus de 1800 hameçons,Longline,Palangre,0,24,40,LOA,Length overall,5,PELAGIC
23,"IDN    ",INDONESIA,INDONÉSIE,2012,IND,Industrial Fishing,Pêcheries industrielles,5,LL,Longline,Palangre dérivante au-dessus de 1800 hameçons,Longline,Palangre,0,40,60,LOA,Length overall,31,PELAGIC
26,"JPN    ",JAPAN,JAPON,2012,IND,Industrial Fishing,Pêcheries industrielles,5,LL,Longline,Palangre dérivante au-dessus de 1800 hameçons,Longline,Palangre,0,40,60,LOA,Length overall,98,PELAGIC
29,"KOR    ",KOREA REP.,CORÉE RÉP.,2012,IND,Industrial Fishing,Pêcheries industrielles,5,LL,Longline,Palangre dérivante au-dessus de 1800 hameçons,Longline,Palangre,0,40,60,LOA,Length overall,7,PELAGIC
37,"OMN    ",OMAN,OMAN,2012,IND,Industrial Fishing,Pêcheries industrielles,5,LL,Longline,Palangre dérivante au-dessus de 1800 hameçons,Longline,Palangre,0,40,60,LOA,Length overall,7,PELAGIC
39,"PHL    ",PHILIPPINES,PHILIPPINES,2012,IND,Industrial Fishing,Pêcheries industrielles,5,LL,Longline,Palangre dérivante au-dessus de 1800 hameçons,Longline,Palangre,0,40,60,LOA,Length overall,14,PELAGIC
43,"SYC    ",SEYCHELLES,SEYCHELLES,2012,IND,Industrial Fishing,Pêcheries industrielles,5,LL,Longline,Palangre dérivante au-dessus de 1800 hameçons,Longline,Palangre,0,40,60,LOA,Length overall,28,PELAGIC
48,"TZA    ",TANZANIA,TANZANIE,2012,IND,Industrial Fishing,Pêcheries industrielles,5,LL,Longline,Palangre dérivante au-dessus de 1800 hameçons,Longline,Palangre,0,40,60,LOA,Length overall,5,PELAGIC
49,"THA    ",THAILAND,THAÏLANDE,2012,IND,Industrial Fishing,Pêcheries industrielles,5,LL,Longline,Palangre dérivante au-dessus de 1800 hameçons,Longline,Palangre,0,40,60,LOA,Length overall,2,PELAGIC
57,"NEIFR  ",NEI.FROZEN,NCA.CONGELÉ,2012,IND,Industrial Fishing,Pêcheries industrielles,5,LL,Longline,Palangre dérivante au-dessus de 1800 hameçons,Longline,Palangre,0,24,40,LOA,Length overall,2,PELAGIC
57,"NEIFR  ",NEI.FROZEN,NCA.CONGELÉ,2012,IND,Industrial Fishing,Pêcheries industrielles,5,LL,Longline,Palangre dérivante au-dessus de 1800 hameçons,Longline,Palangre,0,40,60,LOA,Length overall,5,PELAGIC
57,"NEIFR  ",NEI.FROZEN,NCA.CONGELÉ,2012,IND,Industrial Fishing,Pêcheries industrielles,5,LL,Longline,Palangre dérivante au-dessus de 1800 hameçons,Longline,Palangre,0,60,80,LOA,Length overall,3,PELAGIC
57,"NEIFR  ",NEI.FROZEN,NCA.CONGELÉ,2012,IND,Industrial Fishing,Pêcheries industrielles,5,LL,Longline,Palangre dérivante au-dessus de 1800 hameçons,Longline,Palangre,0,80,100,LOA,Length overall,1,PELAGIC
22,"IND    ",INDIA,INDE,2012,IND,Industrial Fishing,Pêcheries industrielles,5,LLEX,Exploratory longline,Palangre de prospection,Longline,Palangre,0,24,40,LOA,Length overall,4,PELAGIC
1,"AUS    ",AUSTRALIA,AUSTRALIE,2012,IND,Industrial Fishing,Pêcheries industrielles,1,PS,Purse seine,Senne tournante aux thons,Purse Seine,Senne tournante,0,24,40,LOA,Length overall,4,PELAGIC
1,"AUS    ",AUSTRALIA,AUSTRALIE,2012,IND,Industrial Fishing,Pêcheries industrielles,1,PS,Purse seine,Senne tournante aux thons,Purse Seine,Senne tournante,0,40,60,LOA,Length overall,1,PELAGIC
13,"EUFRA  ",EU.FRANCE,UE.FRANCE,2012,IND,Industrial Fishing,Pêcheries industrielles,1,PS,Purse seine,Senne tournante aux thons,Purse Seine,Senne tournante,0,60,80,LOA,Length overall,6,PELAGIC
13,"EUFRA  ",EU.FRANCE,UE.FRANCE,2012,IND,Industrial Fishing,Pêcheries industrielles,1,PS,Purse seine,Senne tournante aux thons,Purse Seine,Senne tournante,0,80,100,LOA,Length overall,4,PELAGIC
14,"EUMYT  ",EU.FRANCE.MAYOTTE,UE.FRANCE.MAYOTTE,2012,IND,Industrial Fishing,Pêcheries industrielles,1,PS,Purse seine,Senne tournante aux thons,Purse Seine,Senne tournante,0,80,100,LOA,Length overall,5,PELAGIC
19,"EUESP  ",EU.SPAIN,UE.ESPAGNE,2012,IND,Industrial Fishing,Pêcheries industrielles,1,PS,Purse seine,Senne tournante aux thons,Purse Seine,Senne tournante,0,60,80,LOA,Length overall,5,PELAGIC
19,"EUESP  ",EU.SPAIN,UE.ESPAGNE,2012,IND,Industrial Fishing,Pêcheries industrielles,1,PS,Purse seine,Senne tournante aux thons,Purse Seine,Senne tournante,0,80,100,LOA,Length overall,4,PELAGIC
19,"EUESP  ",EU.SPAIN,UE.ESPAGNE,2012,IND,Industrial Fishing,Pêcheries industrielles,1,PS,Purse seine,Senne tournante aux thons,Purse Seine,Senne tournante,0,100,120,LOA,Length overall,6,PELAGIC
23,"IDN    ",INDONESIA,INDONÉSIE,2012,IND,Industrial Fishing,Pêcheries industrielles,1,PS,Purse seine,Senne tournante aux thons,Purse Seine,Senne tournante,0,15,24,LOA,Length overall,3,PELAGIC
23,"IDN    ",INDONESIA,INDONÉSIE,2012,IND,Industrial Fishing,Pêcheries industrielles,1,PS,Purse seine,Senne tournante aux thons,Purse Seine,Senne tournante,0,24,40,LOA,Length overall,13,PELAGIC
23,"IDN    ",INDONESIA,INDONÉSIE,2012,IND,Industrial Fishing,Pêcheries industrielles,1,PS,Purse seine,Senne tournante aux thons,Purse Seine,Senne tournante,0,40,60,LOA,Length overall,3,PELAGIC
24,"IRN    ",IRAN ISLAMIC REP.,IRAN RÉP. ISLAMIQUE,2012,IND,Industrial Fishing,Pêcheries industrielles,1,PS,Purse seine,Senne tournante aux thons,Purse Seine,Senne tournante,0,40,60,LOA,Length overall,3,PELAGIC
24,"IRN    ",IRAN ISLAMIC REP.,IRAN RÉP. ISLAMIQUE,2012,IND,Industrial Fishing,Pêcheries industrielles,1,PS,Purse seine,Senne tournante aux thons,Purse Seine,Senne tournante,0,60,80,LOA,Length overall,6,PELAGIC
24,"IRN    ",IRAN ISLAMIC REP.,IRAN RÉP. ISLAMIQUE,2012,IND,Industrial Fishing,Pêcheries industrielles,1,PS,Purse seine,Senne tournante aux thons,Purse Seine,Senne tournante,0,80,100,LOA,Length overall,1,PELAGIC
26,"JPN    ",JAPAN,JAPON,2012,IND,Industrial Fishing,Pêcheries industrielles,1,PS,Purse seine,Senne tournante aux thons,Purse Seine,Senne tournante,0,60,80,LOA,Length overall,1,PELAGIC
29,"KOR    ",KOREA REP.,CORÉE RÉP.,2012,IND,Industrial Fishing,Pêcheries industrielles,1,PS,Purse seine,Senne tournante aux thons,Purse Seine,Senne tournante,0,60,80,LOA,Length overall,3,PELAGIC
43,"SYC    ",SEYCHELLES,SEYCHELLES,2012,IND,Industrial Fishing,Pêcheries industrielles,1,PS,Purse seine,Senne tournante aux thons,Purse Seine,Senne tournante,0,60,80,LOA,Length overall,4,PELAGIC
43,"SYC    ",SEYCHELLES,SEYCHELLES,2012,IND,Industrial Fishing,Pêcheries industrielles,1,PS,Purse seine,Senne tournante aux thons,Purse Seine,Senne tournante,0,80,100,LOA,Length overall,1,PELAGIC
43,"SYC    ",SEYCHELLES,SEYCHELLES,2012,IND,Industrial Fishing,Pêcheries industrielles,1,PS,Purse seine,Senne tournante aux thons,Purse Seine,Senne tournante,0,100,120,LOA,Length overall,2,PELAGIC
49,"THA    ",THAILAND,THAÏLANDE,2012,ART,Artisanal Fishing,Pêcheries artisanales,1,PSS,Small purse seine,Senneur côtier,Purse Seine,Senne tournante,0,14,25,LOA,Length overall,402,"ALL    "
58,"NEIPS  ",NEI.OTHER,NCA.AUTRE,2012,IND,Industrial Fishing,Pêcheries industrielles,1,SUPP,Supply vessel,Bateau auxiliaire,Purse Seine,Senne tournante,0,24,40,LOA,Length overall,6,PELAGIC
58,"NEIPS  ",NEI.OTHER,NCA.AUTRE,2012,IND,Industrial Fishing,Pêcheries industrielles,1,SUPP,Supply vessel,Bateau auxiliaire,Purse Seine,Senne tournante,0,40,60,LOA,Length overall,1,PELAGIC
49,"THA    ",THAILAND,THAÏLANDE,2012,ART,Artisanal Fishing,Pêcheries artisanales,9,TRAW,Trawl,Chaluts,Other,Autres,0,14,25,LOA,Length overall,599,COASTAL
1,"AUS    ",AUSTRALIA,AUSTRALIE,2012,ART,Artisanal Fishing,Pêcheries artisanales,6,TROL,Troll line,Ligne de traîne,Line,Lignes,0,4,20,LOA,Length overall,21,PELAGIC
24,"IRN    ",IRAN ISLAMIC REP.,IRAN RÉP. ISLAMIQUE,2012,ART,Artisanal Fishing,Pêcheries artisanales,6,TROL,Troll line,Ligne de traîne,Line,Lignes,0,0,2,GRT,Gross Registered Tonnage,810,COASTAL
33,"MDV    ",MALDIVES,MALDIVES,2012,ART,Artisanal Fishing,Pêcheries artisanales,6,TROL,Troll line,Ligne de traîne,Line,Lignes,0,5,10,LOA,Length overall,27,PELAGIC
46,"LKA    ",SRI LANKA,SRI LANKA,2012,ART,Artisanal Fishing,Pêcheries artisanales,9,UNCL,Unclassified,Non classé,Other,Autres,1,1,8,LOA,Length overall,45960,"ALL    "
46,"LKA    ",SRI LANKA,SRI LANKA,2012,ART,Artisanal Fishing,Pêcheries artisanales,9,UNCL,Unclassified,Non classé,Other,Autres,1,8,9,LOA,Length overall,3230,"ALL    "
33,"MDV    ",MALDIVES,MALDIVES,2013,ART,Artisanal Fishing,Pêcheries artisanales,3,BB,Baitboat,Canne,Baitboat,Canne,0,10,15,LOA,Length overall,769,PELAGIC
1,"AUS    ",AUSTRALIA,AUSTRALIE,2013,IND,Industrial Fishing,Pêcheries industrielles,5,ELL,Longline targeting swordfish,Palangre à espadon,Longline,Palangre,0,15,24,LOA,Length overall,1,PELAGIC
1,"AUS    ",AUSTRALIA,AUSTRALIE,2013,IND,Industrial Fishing,Pêcheries industrielles,5,ELL,Longline targeting swordfish,Palangre à espadon,Longline,Palangre,0,24,40,LOA,Length overall,2,PELAGIC
1,"AUS    ",AUSTRALIA,AUSTRALIE,2013,IND,Industrial Fishing,Pêcheries industrielles,5,ELL,Longline targeting swordfish,Palangre à espadon,Longline,Palangre,0,40,60,LOA,Length overall,1,PELAGIC
14,"EUMYT  ",EU.FRANCE.MAYOTTE,UE.FRANCE.MAYOTTE,2013,IND,Industrial Fishing,Pêcheries industrielles,5,ELL,Longline targeting swordfish,Palangre à espadon,Longline,Palangre,0,0,15,LOA,Length overall,4,PELAGIC
15,"EUREU  ",EU.FRANCE.REUNION,UE.FRANCE.RÉUNION,2013,IND,Industrial Fishing,Pêcheries industrielles,5,ELL,Longline targeting swordfish,Palangre à espadon,Longline,Palangre,0,15,24,LOA,Length overall,21,PELAGIC
18,"EUPRT  ",EU.PORTUGAL,UE.PORTUGAL,2013,IND,Industrial Fishing,Pêcheries industrielles,5,ELL,Longline targeting swordfish,Palangre à espadon,Longline,Palangre,0,24,40,LOA,Length overall,2,PELAGIC
18,"EUPRT  ",EU.PORTUGAL,UE.PORTUGAL,2013,IND,Industrial Fishing,Pêcheries industrielles,5,ELL,Longline targeting swordfish,Palangre à espadon,Longline,Palangre,0,40,60,LOA,Length overall,6,PELAGIC
19,"EUESP  ",EU.SPAIN,UE.ESPAGNE,2013,IND,Industrial Fishing,Pêcheries industrielles,5,ELL,Longline targeting swordfish,Palangre à espadon,Longline,Palangre,0,24,40,LOA,Length overall,17,PELAGIC
19,"EUESP  ",EU.SPAIN,UE.ESPAGNE,2013,IND,Industrial Fishing,Pêcheries industrielles,5,ELL,Longline targeting swordfish,Palangre à espadon,Longline,Palangre,0,40,60,LOA,Length overall,5,PELAGIC
20,GBR,UNITED KINGDOM,ROYAUME-UNI,2013,IND,Industrial Fishing,Pêcheries industrielles,5,ELL,Longline targeting swordfish,Palangre à espadon,Longline,Palangre,0,40,60,LOA,Length overall,2,PELAGIC
31,"MDG    ",MADAGASCAR,MADAGASCAR,2013,IND,Industrial Fishing,Pêcheries industrielles,5,ELL,Longline targeting swordfish,Palangre à espadon,Longline,Palangre,0,0,15,LOA,Length overall,4,PELAGIC
31,"MDG    ",MADAGASCAR,MADAGASCAR,2013,IND,Industrial Fishing,Pêcheries industrielles,5,ELL,Longline targeting swordfish,Palangre à espadon,Longline,Palangre,0,15,24,LOA,Length overall,4,PELAGIC
34,"MUS    ",MAURITIUS,MAURICE,2013,IND,Industrial Fishing,Pêcheries industrielles,5,ELL,Longline targeting swordfish,Palangre à espadon,Longline,Palangre,0,0,15,LOA,Length overall,1,PELAGIC
34,"MUS    ",MAURITIUS,MAURICE,2013,IND,Industrial Fishing,Pêcheries industrielles,5,ELL,Longline targeting swordfish,Palangre à espadon,Longline,Palangre,0,15,24,LOA,Length overall,2,PELAGIC
43,"SYC    ",SEYCHELLES,SEYCHELLES,2013,IND,Industrial Fishing,Pêcheries industrielles,5,ELL,Longline targeting swordfish,Palangre à espadon,Longline,Palangre,0,0,15,LOA,Length overall,1,PELAGIC
43,"SYC    ",SEYCHELLES,SEYCHELLES,2013,IND,Industrial Fishing,Pêcheries industrielles,5,ELL,Longline targeting swordfish,Palangre à espadon,Longline,Palangre,0,15,24,LOA,Length overall,7,PELAGIC
44,"ZAF    ",SOUTH AFRICA,AFRIQUE DU SUD,2013,IND,Industrial Fishing,Pêcheries industrielles,5,ELL,Longline targeting swordfish,Palangre à espadon,Longline,Palangre,0,15,24,LOA,Length overall,10,PELAGIC
44,"ZAF    ",SOUTH AFRICA,AFRIQUE DU SUD,2013,IND,Industrial Fishing,Pêcheries industrielles,5,ELL,Longline targeting swordfish,Palangre à espadon,Longline,Palangre,0,24,40,LOA,Length overall,11,PELAGIC
4,"BLZ    ",BELIZE,BELIZE,2013,IND,Industrial Fishing,Pêcheries industrielles,5,FLL,Longline Fresh,Palangre Frais,Longline,Palangre,0,24,40,LOA,Length overall,2,PELAGIC
5,"CHN    ",CHINA,CHINE,2013,IND,Industrial Fishing,Pêcheries industrielles,5,FLL,Longline Fresh,Palangre Frais,Longline,Palangre,0,24,40,LOA,Length overall,4,PELAGIC
6,"TWN    ","TAIWAN,CHINA","TAIWAN,CHINE",2013,IND,Industrial Fishing,Pêcheries industrielles,5,FLL,Longline Fresh,Palangre Frais,Longline,Palangre,0,15,24,LOA,Length overall,194,PELAGIC
6,"TWN    ","TAIWAN,CHINA","TAIWAN,CHINE",2013,IND,Industrial Fishing,Pêcheries industrielles,5,FLL,Longline Fresh,Palangre Frais,Longline,Palangre,0,24,40,LOA,Length overall,113,PELAGIC
22,"IND    ",INDIA,INDE,2013,IND,Industrial Fishing,Pêcheries industrielles,5,FLL,Longline Fresh,Palangre Frais,Longline,Palangre,0,15,24,LOA,Length overall,18,PELAGIC
23,"IDN    ",INDONESIA,INDONÉSIE,2013,IND,Industrial Fishing,Pêcheries industrielles,5,FLL,Longline Fresh,Palangre Frais,Longline,Palangre,0,0,15,LOA,Length overall,61,PELAGIC
23,"IDN    ",INDONESIA,INDONÉSIE,2013,IND,Industrial Fishing,Pêcheries industrielles,5,FLL,Longline Fresh,Palangre Frais,Longline,Palangre,0,15,24,LOA,Length overall,967,PELAGIC
23,"IDN    ",INDONESIA,INDONÉSIE,2013,IND,Industrial Fishing,Pêcheries industrielles,5,FLL,Longline Fresh,Palangre Frais,Longline,Palangre,0,24,40,LOA,Length overall,181,PELAGIC
32,"MYS    ",MALAYSIA,MALAISIE,2013,IND,Industrial Fishing,Pêcheries industrielles,5,FLL,Longline Fresh,Palangre Frais,Longline,Palangre,0,24,40,LOA,Length overall,5,PELAGIC
33,"MDV    ",MALDIVES,MALDIVES,2013,IND,Industrial Fishing,Pêcheries industrielles,5,FLL,Longline Fresh,Palangre Frais,Longline,Palangre,0,24,40,LOA,Length overall,1,PELAGIC
33,"MDV    ",MALDIVES,MALDIVES,2013,IND,Industrial Fishing,Pêcheries industrielles,5,FLL,Longline Fresh,Palangre Frais,Longline,Palangre,0,40,60,LOA,Length overall,6,PELAGIC
37,"OMN    ",OMAN,OMAN,2013,IND,Industrial Fishing,Pêcheries industrielles,5,FLL,Longline Fresh,Palangre Frais,Longline,Palangre,0,0,15,LOA,Length overall,1,PELAGIC
37,"OMN    ",OMAN,OMAN,2013,IND,Industrial Fishing,Pêcheries industrielles,5,FLL,Longline Fresh,Palangre Frais,Longline,Palangre,0,15,24,LOA,Length overall,17,PELAGIC
37,"OMN    ",OMAN,OMAN,2013,IND,Industrial Fishing,Pêcheries industrielles,5,FLL,Longline Fresh,Palangre Frais,Longline,Palangre,0,24,40,LOA,Length overall,15,PELAGIC
46,"LKA    ",SRI LANKA,SRI LANKA,2013,IND,Industrial Fishing,Pêcheries industrielles,5,FLL,Longline Fresh,Palangre Frais,Longline,Palangre,0,15,24,LOA,Length overall,81,PELAGIC
46,"LKA    ",SRI LANKA,SRI LANKA,2013,IND,Industrial Fishing,Pêcheries industrielles,5,FLL,Longline Fresh,Palangre Frais,Longline,Palangre,0,24,40,LOA,Length overall,1,PELAGIC
48,"TZA    ",TANZANIA,TANZANIE,2013,IND,Industrial Fishing,Pêcheries industrielles,5,FLL,Longline Fresh,Palangre Frais,Longline,Palangre,0,15,24,LOA,Length overall,4,PELAGIC
55,"NEICE  ",NEI.FRESH,NCA.FRAIS,2013,IND,Industrial Fishing,Pêcheries industrielles,5,FLL,Longline Fresh,Palangre Frais,Longline,Palangre,0,15,24,LOA,Length overall,17,PELAGIC
55,"NEICE  ",NEI.FRESH,NCA.FRAIS,2013,IND,Industrial Fishing,Pêcheries industrielles,5,FLL,Longline Fresh,Palangre Frais,Longline,Palangre,0,24,40,LOA,Length overall,17,PELAGIC
46,"LKA    ",SRI LANKA,SRI LANKA,2013,ART,Artisanal Fishing,Pêcheries artisanales,4,G/L,Gillnet and Longline combination,Filet maillant et Palangre,Gillnet,Filet maillant,1,9,18,LOA,Length overall,4111,PELAGIC
37,"OMN    ",OMAN,OMAN,2013,ART,Artisanal Fishing,Pêcheries artisanales,4,GIHA,Gillnet and hand line,Filet maillant et Ligne à main,Gillnet,Filet maillant,1,1,10,LOA,Length overall,20631,COASTAL
1,"AUS    ",AUSTRALIA,AUSTRALIE,2013,ART,Artisanal Fishing,Pêcheries artisanales,4,GILL,Gillnet,Filet maillant,Gillnet,Filet maillant,0,4,20,LOA,Length overall,6,COASTAL
24,"IRN    ",IRAN ISLAMIC REP.,IRAN RÉP. ISLAMIQUE,2013,ART,Artisanal Fishing,Pêcheries artisanales,4,GILL,Gillnet,Filet maillant,Gillnet,Filet maillant,0,101,NULL,GRT,Gross Registered Tonnage,338,"ALL    "
24,"IRN    ",IRAN ISLAMIC REP.,IRAN RÉP. ISLAMIQUE,2013,ART,Artisanal Fishing,Pêcheries artisanales,4,GILL,Gillnet,Filet maillant,Gillnet,Filet maillant,0,0,2,GRT,Gross Registered Tonnage,3741,"ALL    "
24,"IRN    ",IRAN ISLAMIC REP.,IRAN RÉP. ISLAMIQUE,2013,ART,Artisanal Fishing,Pêcheries artisanales,4,GILL,Gillnet,Filet maillant,Gillnet,Filet maillant,0,3,20,GRT,Gross Registered Tonnage,270,"ALL    "
24,"IRN    ",IRAN ISLAMIC REP.,IRAN RÉP. ISLAMIQUE,2013,ART,Artisanal Fishing,Pêcheries artisanales,4,GILL,Gillnet,Filet maillant,Gillnet,Filet maillant,0,21,50,GRT,Gross Registered Tonnage,1060,"ALL    "
24,"IRN    ",IRAN ISLAMIC REP.,IRAN RÉP. ISLAMIQUE,2013,ART,Artisanal Fishing,Pêcheries artisanales,4,GILL,Gillnet,Filet maillant,Gillnet,Filet maillant,0,51,100,GRT,Gross Registered Tonnage,534,"ALL    "
32,"MYS    ",MALAYSIA,MALAISIE,2013,ART,Artisanal Fishing,Pêcheries artisanales,4,GILL,Gillnet,Filet maillant,Gillnet,Filet maillant,0,1,10,GRT,Gross Registered Tonnage,16598,COASTAL
37,"OMN    ",OMAN,OMAN,2013,ART,Artisanal Fishing,Pêcheries artisanales,4,GILL,Gillnet,Filet maillant,Gillnet,Filet maillant,0,10,24,LOA,Length overall,807,COASTAL
38,"PAK    ",PAKISTAN,PAKISTAN,2013,ART,Artisanal Fishing,Pêcheries artisanales,4,GILL,Gillnet,Filet maillant,Gillnet,Filet maillant,0,35,50,GRT,Gross Registered Tonnage,2841,"ALL    "
49,"THA    ",THAILAND,THAÏLANDE,2013,ART,Artisanal Fishing,Pêcheries artisanales,4,GILL,Gillnet,Filet maillant,Gillnet,Filet maillant,0,14,25,LOA,Length overall,47,COASTAL
1,"AUS    ",AUSTRALIA,AUSTRALIE,2013,ART,Artisanal Fishing,Pêcheries artisanales,6,HAND,Hand line,Ligne à main,Line,Lignes,0,4,20,LOA,Length overall,15,COASTAL
33,"MDV    ",MALDIVES,MALDIVES,2013,ART,Artisanal Fishing,Pêcheries artisanales,6,HAND,Hand line,Ligne à main,Line,Lignes,0,4,6,LOA,Length overall,13,PELAGIC
50,"GBRT   ",UK.TERRITORIES,RU.TERRITOIRES,2013,ART,Artisanal Fishing,Pêcheries artisanales,6,HAND,Hand line,Ligne à main,Line,Lignes,0,6,10,LOA,Length overall,43,PELAGIC
50,"GBRT   ",UK.TERRITORIES,RU.TERRITOIRES,2013,ART,Artisanal Fishing,Pêcheries artisanales,6,HAND,Hand line,Ligne à main,Line,Lignes,0,10,25,LOA,Length overall,4,PELAGIC
15,"EUREU  ",EU.FRANCE.REUNION,UE.FRANCE.RÉUNION,2013,ART,Artisanal Fishing,Pêcheries artisanales,6,HATR,Hand line and Troll line,Ligne à main et Ligne de traîne,Line,Lignes,1,5,14,LOA,Length overall,138,PELAGIC
4,"BLZ    ",BELIZE,BELIZE,2013,IND,Industrial Fishing,Pêcheries industrielles,5,LL,Longline,Palangre dérivante au-dessus de 1800 hameçons,Longline,Palangre,0,40,60,LOA,Length overall,1,PELAGIC
5,"CHN    ",CHINA,CHINE,2013,IND,Industrial Fishing,Pêcheries industrielles,5,LL,Longline,Palangre dérivante au-dessus de 1800 hameçons,Longline,Palangre,0,24,40,LOA,Length overall,9,PELAGIC
5,"CHN    ",CHINA,CHINE,2013,IND,Industrial Fishing,Pêcheries industrielles,5,LL,Longline,Palangre dérivante au-dessus de 1800 hameçons,Longline,Palangre,0,40,60,LOA,Length overall,23,PELAGIC
6,"TWN    ","TAIWAN,CHINA","TAIWAN,CHINE",2013,IND,Industrial Fishing,Pêcheries industrielles,5,LL,Longline,Palangre dérivante au-dessus de 1800 hameçons,Longline,Palangre,0,24,40,LOA,Length overall,18,PELAGIC
6,"TWN    ","TAIWAN,CHINA","TAIWAN,CHINE",2013,IND,Industrial Fishing,Pêcheries industrielles,5,LL,Longline,Palangre dérivante au-dessus de 1800 hameçons,Longline,Palangre,0,40,60,LOA,Length overall,130,PELAGIC
22,"IND    ",INDIA,INDE,2013,IND,Industrial Fishing,Pêcheries industrielles,5,LL,Longline,Palangre dérivante au-dessus de 1800 hameçons,Longline,Palangre,0,40,60,LOA,Length overall,2,PELAGIC
23,"IDN    ",INDONESIA,INDONÉSIE,2013,IND,Industrial Fishing,Pêcheries industrielles,5,LL,Longline,Palangre dérivante au-dessus de 1800 hameçons,Longline,Palangre,0,24,40,LOA,Length overall,4,PELAGIC
23,"IDN    ",INDONESIA,INDONÉSIE,2013,IND,Industrial Fishing,Pêcheries industrielles,5,LL,Longline,Palangre dérivante au-dessus de 1800 hameçons,Longline,Palangre,0,40,60,LOA,Length overall,24,PELAGIC
26,"JPN    ",JAPAN,JAPON,2013,IND,Industrial Fishing,Pêcheries industrielles,5,LL,Longline,Palangre dérivante au-dessus de 1800 hameçons,Longline,Palangre,0,40,60,LOA,Length overall,57,PELAGIC
29,"KOR    ",KOREA REP.,CORÉE RÉP.,2013,IND,Industrial Fishing,Pêcheries industrielles,5,LL,Longline,Palangre dérivante au-dessus de 1800 hameçons,Longline,Palangre,0,40,60,LOA,Length overall,9,PELAGIC
37,"OMN    ",OMAN,OMAN,2013,IND,Industrial Fishing,Pêcheries industrielles,5,LL,Longline,Palangre dérivante au-dessus de 1800 hameçons,Longline,Palangre,0,40,60,LOA,Length overall,7,PELAGIC
39,"PHL    ",PHILIPPINES,PHILIPPINES,2013,IND,Industrial Fishing,Pêcheries industrielles,5,LL,Longline,Palangre dérivante au-dessus de 1800 hameçons,Longline,Palangre,0,40,60,LOA,Length overall,9,PELAGIC
43,"SYC    ",SEYCHELLES,SEYCHELLES,2013,IND,Industrial Fishing,Pêcheries industrielles,5,LL,Longline,Palangre dérivante au-dessus de 1800 hameçons,Longline,Palangre,0,40,60,LOA,Length overall,31,PELAGIC
48,"TZA    ",TANZANIA,TANZANIE,2013,IND,Industrial Fishing,Pêcheries industrielles,5,LL,Longline,Palangre dérivante au-dessus de 1800 hameçons,Longline,Palangre,0,40,60,LOA,Length overall,5,PELAGIC
49,"THA    ",THAILAND,THAÏLANDE,2013,IND,Industrial Fishing,Pêcheries industrielles,5,LL,Longline,Palangre dérivante au-dessus de 1800 hameçons,Longline,Palangre,0,40,60,LOA,Length overall,2,PELAGIC
57,"NEIFR  ",NEI.FROZEN,NCA.CONGELÉ,2013,IND,Industrial Fishing,Pêcheries industrielles,5,LL,Longline,Palangre dérivante au-dessus de 1800 hameçons,Longline,Palangre,0,40,60,LOA,Length overall,7,PELAGIC
57,"NEIFR  ",NEI.FROZEN,NCA.CONGELÉ,2013,IND,Industrial Fishing,Pêcheries industrielles,5,LL,Longline,Palangre dérivante au-dessus de 1800 hameçons,Longline,Palangre,0,60,80,LOA,Length overall,1,PELAGIC
57,"NEIFR  ",NEI.FROZEN,NCA.CONGELÉ,2013,IND,Industrial Fishing,Pêcheries industrielles,5,LL,Longline,Palangre dérivante au-dessus de 1800 hameçons,Longline,Palangre,0,80,100,LOA,Length overall,1,PELAGIC
15,"EUREU  ",EU.FRANCE.REUNION,UE.FRANCE.RÉUNION,2013,ART,Artisanal Fishing,Pêcheries artisanales,6,LLCO,Coastal longline,Petite palangre,Line,Lignes,0,0,15,LOA,Length overall,11,PELAGIC
22,"IND    ",INDIA,INDE,2013,IND,Industrial Fishing,Pêcheries industrielles,5,LLEX,Exploratory longline,Palangre de prospection,Longline,Palangre,0,24,40,LOA,Length overall,4,PELAGIC
1,"AUS    ",AUSTRALIA,AUSTRALIE,2013,IND,Industrial Fishing,Pêcheries industrielles,1,PS,Purse seine,Senne tournante aux thons,Purse Seine,Senne tournante,0,24,40,LOA,Length overall,3,PELAGIC
1,"AUS    ",AUSTRALIA,AUSTRALIE,2013,IND,Industrial Fishing,Pêcheries industrielles,1,PS,Purse seine,Senne tournante aux thons,Purse Seine,Senne tournante,0,40,60,LOA,Length overall,3,PELAGIC
13,"EUFRA  ",EU.FRANCE,UE.FRANCE,2013,IND,Industrial Fishing,Pêcheries industrielles,1,PS,Purse seine,Senne tournante aux thons,Purse Seine,Senne tournante,0,60,80,LOA,Length overall,5,PELAGIC
13,"EUFRA  ",EU.FRANCE,UE.FRANCE,2013,IND,Industrial Fishing,Pêcheries industrielles,1,PS,Purse seine,Senne tournante aux thons,Purse Seine,Senne tournante,0,80,100,LOA,Length overall,3,PELAGIC
14,"EUMYT  ",EU.FRANCE.MAYOTTE,UE.FRANCE.MAYOTTE,2013,IND,Industrial Fishing,Pêcheries industrielles,1,PS,Purse seine,Senne tournante aux thons,Purse Seine,Senne tournante,0,80,100,LOA,Length overall,5,PELAGIC
19,"EUESP  ",EU.SPAIN,UE.ESPAGNE,2013,IND,Industrial Fishing,Pêcheries industrielles,1,PS,Purse seine,Senne tournante aux thons,Purse Seine,Senne tournante,0,60,80,LOA,Length overall,2,PELAGIC
19,"EUESP  ",EU.SPAIN,UE.ESPAGNE,2013,IND,Industrial Fishing,Pêcheries industrielles,1,PS,Purse seine,Senne tournante aux thons,Purse Seine,Senne tournante,0,80,100,LOA,Length overall,6,PELAGIC
19,"EUESP  ",EU.SPAIN,UE.ESPAGNE,2013,IND,Industrial Fishing,Pêcheries industrielles,1,PS,Purse seine,Senne tournante aux thons,Purse Seine,Senne tournante,0,100,120,LOA,Length overall,5,PELAGIC
23,"IDN    ",INDONESIA,INDONÉSIE,2013,IND,Industrial Fishing,Pêcheries industrielles,1,PS,Purse seine,Senne tournante aux thons,Purse Seine,Senne tournante,0,15,24,LOA,Length overall,3,PELAGIC
23,"IDN    ",INDONESIA,INDONÉSIE,2013,IND,Industrial Fishing,Pêcheries industrielles,1,PS,Purse seine,Senne tournante aux thons,Purse Seine,Senne tournante,0,24,40,LOA,Length overall,13,PELAGIC
23,"IDN    ",INDONESIA,INDONÉSIE,2013,IND,Industrial Fishing,Pêcheries industrielles,1,PS,Purse seine,Senne tournante aux thons,Purse Seine,Senne tournante,0,40,60,LOA,Length overall,3,PELAGIC
24,"IRN    ",IRAN ISLAMIC REP.,IRAN RÉP. ISLAMIQUE,2013,IND,Industrial Fishing,Pêcheries industrielles,1,PS,Purse seine,Senne tournante aux thons,Purse Seine,Senne tournante,0,40,60,LOA,Length overall,3,PELAGIC
24,"IRN    ",IRAN ISLAMIC REP.,IRAN RÉP. ISLAMIQUE,2013,IND,Industrial Fishing,Pêcheries industrielles,1,PS,Purse seine,Senne tournante aux thons,Purse Seine,Senne tournante,0,60,80,LOA,Length overall,3,PELAGIC
24,"IRN    ",IRAN ISLAMIC REP.,IRAN RÉP. ISLAMIQUE,2013,IND,Industrial Fishing,Pêcheries industrielles,1,PS,Purse seine,Senne tournante aux thons,Purse Seine,Senne tournante,0,80,100,LOA,Length overall,1,PELAGIC
26,"JPN    ",JAPAN,JAPON,2013,IND,Industrial Fishing,Pêcheries industrielles,1,PS,Purse seine,Senne tournante aux thons,Purse Seine,Senne tournante,0,60,80,LOA,Length overall,1,PELAGIC
29,"KOR    ",KOREA REP.,CORÉE RÉP.,2013,IND,Industrial Fishing,Pêcheries industrielles,1,PS,Purse seine,Senne tournante aux thons,Purse Seine,Senne tournante,0,60,80,LOA,Length overall,4,PELAGIC
34,"MUS    ",MAURITIUS,MAURICE,2013,IND,Industrial Fishing,Pêcheries industrielles,1,PS,Purse seine,Senne tournante aux thons,Purse Seine,Senne tournante,0,80,100,LOA,Length overall,2,PELAGIC
43,"SYC    ",SEYCHELLES,SEYCHELLES,2013,IND,Industrial Fishing,Pêcheries industrielles,1,PS,Purse seine,Senne tournante aux thons,Purse Seine,Senne tournante,0,60,80,LOA,Length overall,4,PELAGIC
43,"SYC    ",SEYCHELLES,SEYCHELLES,2013,IND,Industrial Fishing,Pêcheries industrielles,1,PS,Purse seine,Senne tournante aux thons,Purse Seine,Senne tournante,0,80,100,LOA,Length overall,2,PELAGIC
43,"SYC    ",SEYCHELLES,SEYCHELLES,2013,IND,Industrial Fishing,Pêcheries industrielles,1,PS,Purse seine,Senne tournante aux thons,Purse Seine,Senne tournante,0,100,120,LOA,Length overall,1,PELAGIC
46,"LKA    ",SRI LANKA,SRI LANKA,2013,IND,Industrial Fishing,Pêcheries industrielles,1,PS,Purse seine,Senne tournante aux thons,Purse Seine,Senne tournante,0,40,60,LOA,Length overall,8,PELAGIC
32,"MYS    ",MALAYSIA,MALAISIE,2013,ART,Artisanal Fishing,Pêcheries artisanales,1,PSS,Small purse seine,Senneur côtier,Purse Seine,Senne tournante,0,10,70,GRT,Gross Registered Tonnage,299,COASTAL
49,"THA    ",THAILAND,THAÏLANDE,2013,ART,Artisanal Fishing,Pêcheries artisanales,1,PSS,Small purse seine,Senneur côtier,Purse Seine,Senne tournante,0,14,25,LOA,Length overall,282,"ALL    "
58,"NEIPS  ",NEI.OTHER,NCA.AUTRE,2013,IND,Industrial Fishing,Pêcheries industrielles,1,SUPP,Supply vessel,Bateau auxiliaire,Purse Seine,Senne tournante,0,24,40,LOA,Length overall,9,PELAGIC
58,"NEIPS  ",NEI.OTHER,NCA.AUTRE,2013,IND,Industrial Fishing,Pêcheries industrielles,1,SUPP,Supply vessel,Bateau auxiliaire,Purse Seine,Senne tournante,0,40,60,LOA,Length overall,1,PELAGIC
32,"MYS    ",MALAYSIA,MALAISIE,2013,ART,Artisanal Fishing,Pêcheries artisanales,9,TRAW,Trawl,Chaluts,Other,Autres,0,10,70,GRT,Gross Registered Tonnage,2800,COASTAL
49,"THA    ",THAILAND,THAÏLANDE,2013,ART,Artisanal Fishing,Pêcheries artisanales,9,TRAW,Trawl,Chaluts,Other,Autres,0,14,25,LOA,Length overall,503,COASTAL
1,"AUS    ",AUSTRALIA,AUSTRALIE,2013,ART,Artisanal Fishing,Pêcheries artisanales,6,TROL,Troll line,Ligne de traîne,Line,Lignes,0,4,20,LOA,Length overall,24,PELAGIC
24,"IRN    ",IRAN ISLAMIC REP.,IRAN RÉP. ISLAMIQUE,2013,ART,Artisanal Fishing,Pêcheries artisanales,6,TROL,Troll line,Ligne de traîne,Line,Lignes,0,0,2,GRT,Gross Registered Tonnage,805,COASTAL
32,"MYS    ",MALAYSIA,MALAISIE,2013,ART,Artisanal Fishing,Pêcheries artisanales,6,TROL,Troll line,Ligne de traîne,Line,Lignes,0,1,10,GRT,Gross Registered Tonnage,1269,COASTAL
33,"MDV    ",MALDIVES,MALDIVES,2013,ART,Artisanal Fishing,Pêcheries artisanales,6,TROL,Troll line,Ligne de traîne,Line,Lignes,0,5,10,LOA,Length overall,24,PELAGIC
46,"LKA    ",SRI LANKA,SRI LANKA,2013,ART,Artisanal Fishing,Pêcheries artisanales,9,UNCL,Unclassified,Non classé,Other,Autres,1,1,8,LOA,Length overall,44874,"ALL    "
46,"LKA    ",SRI LANKA,SRI LANKA,2013,ART,Artisanal Fishing,Pêcheries artisanales,9,UNCL,Unclassified,Non classé,Other,Autres,1,8,9,LOA,Length overall,3316,"ALL    "
33,"MDV    ",MALDIVES,MALDIVES,2014,ART,Artisanal Fishing,Pêcheries artisanales,3,BB,Baitboat,Canne,Baitboat,Canne,0,10,15,LOA,Length overall,970,PELAGIC
1,"AUS    ",AUSTRALIA,AUSTRALIE,2014,IND,Industrial Fishing,Pêcheries industrielles,5,ELL,Longline targeting swordfish,Palangre à espadon,Longline,Palangre,0,15,24,LOA,Length overall,2,PELAGIC
1,"AUS    ",AUSTRALIA,AUSTRALIE,2014,IND,Industrial Fishing,Pêcheries industrielles,5,ELL,Longline targeting swordfish,Palangre à espadon,Longline,Palangre,0,24,40,LOA,Length overall,2,PELAGIC
14,"EUMYT  ",EU.FRANCE.MAYOTTE,UE.FRANCE.MAYOTTE,2014,IND,Industrial Fishing,Pêcheries industrielles,5,ELL,Longline targeting swordfish,Palangre à espadon,Longline,Palangre,0,0,15,LOA,Length overall,12,PELAGIC
15,"EUREU  ",EU.FRANCE.REUNION,UE.FRANCE.RÉUNION,2014,IND,Industrial Fishing,Pêcheries industrielles,5,ELL,Longline targeting swordfish,Palangre à espadon,Longline,Palangre,0,15,24,LOA,Length overall,22,PELAGIC
18,"EUPRT  ",EU.PORTUGAL,UE.PORTUGAL,2014,IND,Industrial Fishing,Pêcheries industrielles,5,ELL,Longline targeting swordfish,Palangre à espadon,Longline,Palangre,0,24,40,LOA,Length overall,4,PELAGIC
18,"EUPRT  ",EU.PORTUGAL,UE.PORTUGAL,2014,IND,Industrial Fishing,Pêcheries industrielles,5,ELL,Longline targeting swordfish,Palangre à espadon,Longline,Palangre,0,40,60,LOA,Length overall,2,PELAGIC
19,"EUESP  ",EU.SPAIN,UE.ESPAGNE,2014,IND,Industrial Fishing,Pêcheries industrielles,5,ELL,Longline targeting swordfish,Palangre à espadon,Longline,Palangre,0,24,40,LOA,Length overall,17,PELAGIC
19,"EUESP  ",EU.SPAIN,UE.ESPAGNE,2014,IND,Industrial Fishing,Pêcheries industrielles,5,ELL,Longline targeting swordfish,Palangre à espadon,Longline,Palangre,0,40,60,LOA,Length overall,5,PELAGIC
20,GBR,UNITED KINGDOM,ROYAUME-UNI,2014,IND,Industrial Fishing,Pêcheries industrielles,5,ELL,Longline targeting swordfish,Palangre à espadon,Longline,Palangre,0,40,60,LOA,Length overall,2,PELAGIC
31,"MDG    ",MADAGASCAR,MADAGASCAR,2014,IND,Industrial Fishing,Pêcheries industrielles,5,ELL,Longline targeting swordfish,Palangre à espadon,Longline,Palangre,0,0,15,LOA,Length overall,4,PELAGIC
31,"MDG    ",MADAGASCAR,MADAGASCAR,2014,IND,Industrial Fishing,Pêcheries industrielles,5,ELL,Longline targeting swordfish,Palangre à espadon,Longline,Palangre,0,15,24,LOA,Length overall,3,PELAGIC
34,"MUS    ",MAURITIUS,MAURICE,2014,IND,Industrial Fishing,Pêcheries industrielles,5,ELL,Longline targeting swordfish,Palangre à espadon,Longline,Palangre,0,0,15,LOA,Length overall,1,PELAGIC
34,"MUS    ",MAURITIUS,MAURICE,2014,IND,Industrial Fishing,Pêcheries industrielles,5,ELL,Longline targeting swordfish,Palangre à espadon,Longline,Palangre,0,15,24,LOA,Length overall,2,PELAGIC
35,"MOZ    ",MOZAMBIQUE,MOZAMBIQUE,2014,IND,Industrial Fishing,Pêcheries industrielles,5,ELL,Longline targeting swordfish,Palangre à espadon,Longline,Palangre,0,15,24,LOA,Length overall,2,PELAGIC
43,"SYC    ",SEYCHELLES,SEYCHELLES,2014,IND,Industrial Fishing,Pêcheries industrielles,5,ELL,Longline targeting swordfish,Palangre à espadon,Longline,Palangre,0,15,24,LOA,Length overall,9,PELAGIC
44,"ZAF    ",SOUTH AFRICA,AFRIQUE DU SUD,2014,IND,Industrial Fishing,Pêcheries industrielles,5,ELL,Longline targeting swordfish,Palangre à espadon,Longline,Palangre,0,24,40,LOA,Length overall,13,PELAGIC
4,"BLZ    ",BELIZE,BELIZE,2014,IND,Industrial Fishing,Pêcheries industrielles,5,FLL,Longline Fresh,Palangre Frais,Longline,Palangre,0,24,40,LOA,Length overall,4,PELAGIC
5,"CHN    ",CHINA,CHINE,2014,IND,Industrial Fishing,Pêcheries industrielles,5,FLL,Longline Fresh,Palangre Frais,Longline,Palangre,0,24,40,LOA,Length overall,8,PELAGIC
6,"TWN    ","TAIWAN,CHINA","TAIWAN,CHINE",2014,IND,Industrial Fishing,Pêcheries industrielles,5,FLL,Longline Fresh,Palangre Frais,Longline,Palangre,0,15,24,LOA,Length overall,173,PELAGIC
6,"TWN    ","TAIWAN,CHINA","TAIWAN,CHINE",2014,IND,Industrial Fishing,Pêcheries industrielles,5,FLL,Longline Fresh,Palangre Frais,Longline,Palangre,0,24,40,LOA,Length overall,115,PELAGIC
22,"IND    ",INDIA,INDE,2014,IND,Industrial Fishing,Pêcheries industrielles,5,FLL,Longline Fresh,Palangre Frais,Longline,Palangre,0,15,24,LOA,Length overall,21,PELAGIC
23,"IDN    ",INDONESIA,INDONÉSIE,2014,IND,Industrial Fishing,Pêcheries industrielles,5,FLL,Longline Fresh,Palangre Frais,Longline,Palangre,0,0,15,LOA,Length overall,9,PELAGIC
23,"IDN    ",INDONESIA,INDONÉSIE,2014,IND,Industrial Fishing,Pêcheries industrielles,5,FLL,Longline Fresh,Palangre Frais,Longline,Palangre,0,15,24,LOA,Length overall,273,PELAGIC
23,"IDN    ",INDONESIA,INDONÉSIE,2014,IND,Industrial Fishing,Pêcheries industrielles,5,FLL,Longline Fresh,Palangre Frais,Longline,Palangre,0,24,40,LOA,Length overall,48,PELAGIC
32,"MYS    ",MALAYSIA,MALAISIE,2014,IND,Industrial Fishing,Pêcheries industrielles,5,FLL,Longline Fresh,Palangre Frais,Longline,Palangre,0,24,40,LOA,Length overall,5,PELAGIC
33,"MDV    ",MALDIVES,MALDIVES,2014,IND,Industrial Fishing,Pêcheries industrielles,5,FLL,Longline Fresh,Palangre Frais,Longline,Palangre,0,40,60,LOA,Length overall,9,PELAGIC
37,"OMN    ",OMAN,OMAN,2014,IND,Industrial Fishing,Pêcheries industrielles,5,FLL,Longline Fresh,Palangre Frais,Longline,Palangre,0,0,15,LOA,Length overall,1,PELAGIC
37,"OMN    ",OMAN,OMAN,2014,IND,Industrial Fishing,Pêcheries industrielles,5,FLL,Longline Fresh,Palangre Frais,Longline,Palangre,0,15,24,LOA,Length overall,17,PELAGIC
37,"OMN    ",OMAN,OMAN,2014,IND,Industrial Fishing,Pêcheries industrielles,5,FLL,Longline Fresh,Palangre Frais,Longline,Palangre,0,24,40,LOA,Length overall,15,PELAGIC
46,"LKA    ",SRI LANKA,SRI LANKA,2014,IND,Industrial Fishing,Pêcheries industrielles,5,FLL,Longline Fresh,Palangre Frais,Longline,Palangre,0,15,24,LOA,Length overall,6,PELAGIC
48,"TZA    ",TANZANIA,TANZANIE,2014,IND,Industrial Fishing,Pêcheries industrielles,5,FLL,Longline Fresh,Palangre Frais,Longline,Palangre,0,15,24,LOA,Length overall,4,PELAGIC
55,"NEICE  ",NEI.FRESH,NCA.FRAIS,2014,IND,Industrial Fishing,Pêcheries industrielles,5,FLL,Longline Fresh,Palangre Frais,Longline,Palangre,0,15,24,LOA,Length overall,7,PELAGIC
55,"NEICE  ",NEI.FRESH,NCA.FRAIS,2014,IND,Industrial Fishing,Pêcheries industrielles,5,FLL,Longline Fresh,Palangre Frais,Longline,Palangre,0,24,40,LOA,Length overall,20,PELAGIC
37,"OMN    ",OMAN,OMAN,2014,ART,Artisanal Fishing,Pêcheries artisanales,4,GIHA,Gillnet and hand line,Filet maillant et Ligne à main,Gillnet,Filet maillant,1,1,10,LOA,Length overall,21616,COASTAL
1,"AUS    ",AUSTRALIA,AUSTRALIE,2014,ART,Artisanal Fishing,Pêcheries artisanales,4,GILL,Gillnet,Filet maillant,Gillnet,Filet maillant,0,4,20,LOA,Length overall,6,COASTAL
24,"IRN    ",IRAN ISLAMIC REP.,IRAN RÉP. ISLAMIQUE,2014,ART,Artisanal Fishing,Pêcheries artisanales,4,GILL,Gillnet,Filet maillant,Gillnet,Filet maillant,0,101,NULL,GRT,Gross Registered Tonnage,275,"ALL    "
24,"IRN    ",IRAN ISLAMIC REP.,IRAN RÉP. ISLAMIQUE,2014,ART,Artisanal Fishing,Pêcheries artisanales,4,GILL,Gillnet,Filet maillant,Gillnet,Filet maillant,0,0,2,GRT,Gross Registered Tonnage,3155,"ALL    "
24,"IRN    ",IRAN ISLAMIC REP.,IRAN RÉP. ISLAMIQUE,2014,ART,Artisanal Fishing,Pêcheries artisanales,4,GILL,Gillnet,Filet maillant,Gillnet,Filet maillant,0,3,20,GRT,Gross Registered Tonnage,271,"ALL    "
24,"IRN    ",IRAN ISLAMIC REP.,IRAN RÉP. ISLAMIQUE,2014,ART,Artisanal Fishing,Pêcheries artisanales,4,GILL,Gillnet,Filet maillant,Gillnet,Filet maillant,0,21,50,GRT,Gross Registered Tonnage,825,"ALL    "
24,"IRN    ",IRAN ISLAMIC REP.,IRAN RÉP. ISLAMIQUE,2014,ART,Artisanal Fishing,Pêcheries artisanales,4,GILL,Gillnet,Filet maillant,Gillnet,Filet maillant,0,51,100,GRT,Gross Registered Tonnage,480,"ALL    "
32,"MYS    ",MALAYSIA,MALAISIE,2014,ART,Artisanal Fishing,Pêcheries artisanales,4,GILL,Gillnet,Filet maillant,Gillnet,Filet maillant,0,1,10,GRT,Gross Registered Tonnage,5074,COASTAL
37,"OMN    ",OMAN,OMAN,2014,ART,Artisanal Fishing,Pêcheries artisanales,4,GILL,Gillnet,Filet maillant,Gillnet,Filet maillant,0,10,24,LOA,Length overall,787,COASTAL
38,"PAK    ",PAKISTAN,PAKISTAN,2014,ART,Artisanal Fishing,Pêcheries artisanales,4,GILL,Gillnet,Filet maillant,Gillnet,Filet maillant,0,35,50,GRT,Gross Registered Tonnage,2922,"ALL    "
46,"LKA    ",SRI LANKA,SRI LANKA,2014,ART,Artisanal Fishing,Pêcheries artisanales,4,GILL,Gillnet,Filet maillant,Gillnet,Filet maillant,0,10,15,LOA,Length overall,2055,COASTAL
46,"LKA    ",SRI LANKA,SRI LANKA,2014,ART,Artisanal Fishing,Pêcheries artisanales,4,GILL,Gillnet,Filet maillant,Gillnet,Filet maillant,0,15,24,LOA,Length overall,8,COASTAL
49,"THA    ",THAILAND,THAÏLANDE,2014,ART,Artisanal Fishing,Pêcheries artisanales,4,GILL,Gillnet,Filet maillant,Gillnet,Filet maillant,0,14,25,LOA,Length overall,55,COASTAL
1,"AUS    ",AUSTRALIA,AUSTRALIE,2014,ART,Artisanal Fishing,Pêcheries artisanales,6,HAND,Hand line,Ligne à main,Line,Lignes,0,4,20,LOA,Length overall,23,COASTAL
33,"MDV    ",MALDIVES,MALDIVES,2014,ART,Artisanal Fishing,Pêcheries artisanales,6,HAND,Hand line,Ligne à main,Line,Lignes,0,4,6,LOA,Length overall,12,PELAGIC
46,"LKA    ",SRI LANKA,SRI LANKA,2014,ART,Artisanal Fishing,Pêcheries artisanales,6,HAND,Hand line,Ligne à main,Line,Lignes,0,10,15,LOA,Length overall,266,COASTAL
50,"GBRT   ",UK.TERRITORIES,RU.TERRITOIRES,2014,ART,Artisanal Fishing,Pêcheries artisanales,6,HAND,Hand line,Ligne à main,Line,Lignes,0,6,10,LOA,Length overall,43,PELAGIC
50,"GBRT   ",UK.TERRITORIES,RU.TERRITOIRES,2014,ART,Artisanal Fishing,Pêcheries artisanales,6,HAND,Hand line,Ligne à main,Line,Lignes,0,10,25,LOA,Length overall,4,PELAGIC
14,"EUMYT  ",EU.FRANCE.MAYOTTE,UE.FRANCE.MAYOTTE,2014,ART,Artisanal Fishing,Pêcheries artisanales,6,HATR,Hand line and Troll line,Ligne à main et Ligne de traîne,Line,Lignes,1,0,15,LOA,Length overall,120,COASTAL
14,"EUMYT  ",EU.FRANCE.MAYOTTE,UE.FRANCE.MAYOTTE,2014,ART,Artisanal Fishing,Pêcheries artisanales,6,HATR,Hand line and Troll line,Ligne à main et Ligne de traîne,Line,Lignes,1,0,15,LOA,Length overall,120,PELAGIC
15,"EUREU  ",EU.FRANCE.REUNION,UE.FRANCE.RÉUNION,2014,ART,Artisanal Fishing,Pêcheries artisanales,6,HATR,Hand line and Troll line,Ligne à main et Ligne de traîne,Line,Lignes,1,5,14,LOA,Length overall,138,PELAGIC
5,"CHN    ",CHINA,CHINE,2014,IND,Industrial Fishing,Pêcheries industrielles,5,LL,Longline,Palangre dérivante au-dessus de 1800 hameçons,Longline,Palangre,0,24,40,LOA,Length overall,19,PELAGIC
5,"CHN    ",CHINA,CHINE,2014,IND,Industrial Fishing,Pêcheries industrielles,5,LL,Longline,Palangre dérivante au-dessus de 1800 hameçons,Longline,Palangre,0,40,60,LOA,Length overall,20,PELAGIC
6,"TWN    ","TAIWAN,CHINA","TAIWAN,CHINE",2014,IND,Industrial Fishing,Pêcheries industrielles,5,LL,Longline,Palangre dérivante au-dessus de 1800 hameçons,Longline,Palangre,0,24,40,LOA,Length overall,21,PELAGIC
6,"TWN    ","TAIWAN,CHINA","TAIWAN,CHINE",2014,IND,Industrial Fishing,Pêcheries industrielles,5,LL,Longline,Palangre dérivante au-dessus de 1800 hameçons,Longline,Palangre,0,40,60,LOA,Length overall,101,PELAGIC
22,"IND    ",INDIA,INDE,2014,IND,Industrial Fishing,Pêcheries industrielles,5,LL,Longline,Palangre dérivante au-dessus de 1800 hameçons,Longline,Palangre,0,40,60,LOA,Length overall,2,PELAGIC
23,"IDN    ",INDONESIA,INDONÉSIE,2014,IND,Industrial Fishing,Pêcheries industrielles,5,LL,Longline,Palangre dérivante au-dessus de 1800 hameçons,Longline,Palangre,0,24,40,LOA,Length overall,118,PELAGIC
23,"IDN    ",INDONESIA,INDONÉSIE,2014,IND,Industrial Fishing,Pêcheries industrielles,5,LL,Longline,Palangre dérivante au-dessus de 1800 hameçons,Longline,Palangre,0,40,60,LOA,Length overall,10,PELAGIC
26,"JPN    ",JAPAN,JAPON,2014,IND,Industrial Fishing,Pêcheries industrielles,5,LL,Longline,Palangre dérivante au-dessus de 1800 hameçons,Longline,Palangre,0,40,60,LOA,Length overall,53,PELAGIC
29,"KOR    ",KOREA REP.,CORÉE RÉP.,2014,IND,Industrial Fishing,Pêcheries industrielles,5,LL,Longline,Palangre dérivante au-dessus de 1800 hameçons,Longline,Palangre,0,40,60,LOA,Length overall,10,PELAGIC
37,"OMN    ",OMAN,OMAN,2014,IND,Industrial Fishing,Pêcheries industrielles,5,LL,Longline,Palangre dérivante au-dessus de 1800 hameçons,Longline,Palangre,0,40,60,LOA,Length overall,7,PELAGIC
39,"PHL    ",PHILIPPINES,PHILIPPINES,2014,IND,Industrial Fishing,Pêcheries industrielles,5,LL,Longline,Palangre dérivante au-dessus de 1800 hameçons,Longline,Palangre,0,40,60,LOA,Length overall,4,PELAGIC
43,"SYC    ",SEYCHELLES,SEYCHELLES,2014,IND,Industrial Fishing,Pêcheries industrielles,5,LL,Longline,Palangre dérivante au-dessus de 1800 hameçons,Longline,Palangre,0,40,60,LOA,Length overall,31,PELAGIC
48,"TZA    ",TANZANIA,TANZANIE,2014,IND,Industrial Fishing,Pêcheries industrielles,5,LL,Longline,Palangre dérivante au-dessus de 1800 hameçons,Longline,Palangre,0,40,60,LOA,Length overall,4,PELAGIC
49,"THA    ",THAILAND,THAÏLANDE,2014,IND,Industrial Fishing,Pêcheries industrielles,5,LL,Longline,Palangre dérivante au-dessus de 1800 hameçons,Longline,Palangre,0,40,60,LOA,Length overall,3,PELAGIC
57,"NEIFR  ",NEI.FROZEN,NCA.CONGELÉ,2014,IND,Industrial Fishing,Pêcheries industrielles,5,LL,Longline,Palangre dérivante au-dessus de 1800 hameçons,Longline,Palangre,0,40,60,LOA,Length overall,4,PELAGIC
15,"EUREU  ",EU.FRANCE.REUNION,UE.FRANCE.RÉUNION,2014,ART,Artisanal Fishing,Pêcheries artisanales,6,LLCO,Coastal longline,Petite palangre,Line,Lignes,0,0,15,LOA,Length overall,15,PELAGIC
33,"MDV    ",MALDIVES,MALDIVES,2014,ART,Artisanal Fishing,Pêcheries artisanales,6,LLCO,Coastal longline,Petite palangre,Line,Lignes,0,10,15,LOA,Length overall,1,PELAGIC
33,"MDV    ",MALDIVES,MALDIVES,2014,ART,Artisanal Fishing,Pêcheries artisanales,6,LLCO,Coastal longline,Petite palangre,Line,Lignes,0,15,24,LOA,Length overall,10,PELAGIC
33,"MDV    ",MALDIVES,MALDIVES,2014,ART,Artisanal Fishing,Pêcheries artisanales,6,LLCO,Coastal longline,Petite palangre,Line,Lignes,0,24,40,LOA,Length overall,7,PELAGIC
46,"LKA    ",SRI LANKA,SRI LANKA,2014,ART,Artisanal Fishing,Pêcheries artisanales,6,LLCO,Coastal longline,Petite palangre,Line,Lignes,0,10,15,LOA,Length overall,606,COASTAL
22,"IND    ",INDIA,INDE,2014,IND,Industrial Fishing,Pêcheries industrielles,5,LLEX,Exploratory longline,Palangre de prospection,Longline,Palangre,0,24,40,LOA,Length overall,4,PELAGIC
1,"AUS    ",AUSTRALIA,AUSTRALIE,2014,IND,Industrial Fishing,Pêcheries industrielles,1,PS,Purse seine,Senne tournante aux thons,Purse Seine,Senne tournante,0,24,40,LOA,Length overall,4,PELAGIC
1,"AUS    ",AUSTRALIA,AUSTRALIE,2014,IND,Industrial Fishing,Pêcheries industrielles,1,PS,Purse seine,Senne tournante aux thons,Purse Seine,Senne tournante,0,40,60,LOA,Length overall,2,PELAGIC
13,"EUFRA  ",EU.FRANCE,UE.FRANCE,2014,IND,Industrial Fishing,Pêcheries industrielles,1,PS,Purse seine,Senne tournante aux thons,Purse Seine,Senne tournante,0,60,80,LOA,Length overall,4,PELAGIC
13,"EUFRA  ",EU.FRANCE,UE.FRANCE,2014,IND,Industrial Fishing,Pêcheries industrielles,1,PS,Purse seine,Senne tournante aux thons,Purse Seine,Senne tournante,0,80,100,LOA,Length overall,9,PELAGIC
19,"EUESP  ",EU.SPAIN,UE.ESPAGNE,2014,IND,Industrial Fishing,Pêcheries industrielles,1,PS,Purse seine,Senne tournante aux thons,Purse Seine,Senne tournante,0,60,80,LOA,Length overall,2,PELAGIC
19,"EUESP  ",EU.SPAIN,UE.ESPAGNE,2014,IND,Industrial Fishing,Pêcheries industrielles,1,PS,Purse seine,Senne tournante aux thons,Purse Seine,Senne tournante,0,80,100,LOA,Length overall,7,PELAGIC
19,"EUESP  ",EU.SPAIN,UE.ESPAGNE,2014,IND,Industrial Fishing,Pêcheries industrielles,1,PS,Purse seine,Senne tournante aux thons,Purse Seine,Senne tournante,0,100,120,LOA,Length overall,6,PELAGIC
24,"IRN    ",IRAN ISLAMIC REP.,IRAN RÉP. ISLAMIQUE,2014,IND,Industrial Fishing,Pêcheries industrielles,1,PS,Purse seine,Senne tournante aux thons,Purse Seine,Senne tournante,0,40,60,LOA,Length overall,3,PELAGIC
24,"IRN    ",IRAN ISLAMIC REP.,IRAN RÉP. ISLAMIQUE,2014,IND,Industrial Fishing,Pêcheries industrielles,1,PS,Purse seine,Senne tournante aux thons,Purse Seine,Senne tournante,0,60,80,LOA,Length overall,3,PELAGIC
24,"IRN    ",IRAN ISLAMIC REP.,IRAN RÉP. ISLAMIQUE,2014,IND,Industrial Fishing,Pêcheries industrielles,1,PS,Purse seine,Senne tournante aux thons,Purse Seine,Senne tournante,0,80,100,LOA,Length overall,1,PELAGIC
26,"JPN    ",JAPAN,JAPON,2014,IND,Industrial Fishing,Pêcheries industrielles,1,PS,Purse seine,Senne tournante aux thons,Purse Seine,Senne tournante,0,60,80,LOA,Length overall,1,PELAGIC
29,"KOR    ",KOREA REP.,CORÉE RÉP.,2014,IND,Industrial Fishing,Pêcheries industrielles,1,PS,Purse seine,Senne tournante aux thons,Purse Seine,Senne tournante,0,60,80,LOA,Length overall,4,PELAGIC
34,"MUS    ",MAURITIUS,MAURICE,2014,IND,Industrial Fishing,Pêcheries industrielles,1,PS,Purse seine,Senne tournante aux thons,Purse Seine,Senne tournante,0,40,60,LOA,Length overall,5,PELAGIC
34,"MUS    ",MAURITIUS,MAURICE,2014,IND,Industrial Fishing,Pêcheries industrielles,1,PS,Purse seine,Senne tournante aux thons,Purse Seine,Senne tournante,0,80,100,LOA,Length overall,2,PELAGIC
43,"SYC    ",SEYCHELLES,SEYCHELLES,2014,IND,Industrial Fishing,Pêcheries industrielles,1,PS,Purse seine,Senne tournante aux thons,Purse Seine,Senne tournante,0,60,80,LOA,Length overall,3,PELAGIC
43,"SYC    ",SEYCHELLES,SEYCHELLES,2014,IND,Industrial Fishing,Pêcheries industrielles,1,PS,Purse seine,Senne tournante aux thons,Purse Seine,Senne tournante,0,80,100,LOA,Length overall,4,PELAGIC
43,"SYC    ",SEYCHELLES,SEYCHELLES,2014,IND,Industrial Fishing,Pêcheries industrielles,1,PS,Purse seine,Senne tournante aux thons,Purse Seine,Senne tournante,0,100,120,LOA,Length overall,1,PELAGIC
32,"MYS    ",MALAYSIA,MALAISIE,2014,ART,Artisanal Fishing,Pêcheries artisanales,1,PSS,Small purse seine,Senneur côtier,Purse Seine,Senne tournante,0,10,70,GRT,Gross Registered Tonnage,284,COASTAL
49,"THA    ",THAILAND,THAÏLANDE,2014,ART,Artisanal Fishing,Pêcheries artisanales,1,PSS,Small purse seine,Senneur côtier,Purse Seine,Senne tournante,0,14,25,LOA,Length overall,327,"ALL    "
46,"LKA    ",SRI LANKA,SRI LANKA,2014,ART,Artisanal Fishing,Pêcheries artisanales,1,RIN,Ring net,Lampara,Purse Seine,Senne tournante,0,10,15,LOA,Length overall,901,COASTAL
44,"ZAF    ",SOUTH AFRICA,AFRIQUE DU SUD,2014,ART,Artisanal Fishing,Pêcheries artisanales,6,SPOR,Sport fishing,Pêche sportive,Line,Lignes,0,15,24,LOA,Length overall,1,PELAGIC
58,"NEIPS  ",NEI.OTHER,NCA.AUTRE,2014,IND,Industrial Fishing,Pêcheries industrielles,1,SUPP,Supply vessel,Bateau auxiliaire,Purse Seine,Senne tournante,0,24,40,LOA,Length overall,6,PELAGIC
58,"NEIPS  ",NEI.OTHER,NCA.AUTRE,2014,IND,Industrial Fishing,Pêcheries industrielles,1,SUPP,Supply vessel,Bateau auxiliaire,Purse Seine,Senne tournante,0,40,60,LOA,Length overall,4,PELAGIC
32,"MYS    ",MALAYSIA,MALAISIE,2014,ART,Artisanal Fishing,Pêcheries artisanales,9,TRAW,Trawl,Chaluts,Other,Autres,0,10,70,GRT,Gross Registered Tonnage,2794,COASTAL
49,"THA    ",THAILAND,THAÏLANDE,2014,ART,Artisanal Fishing,Pêcheries artisanales,9,TRAW,Trawl,Chaluts,Other,Autres,0,14,25,LOA,Length overall,507,COASTAL
1,"AUS    ",AUSTRALIA,AUSTRALIE,2014,ART,Artisanal Fishing,Pêcheries artisanales,6,TROL,Troll line,Ligne de traîne,Line,Lignes,0,4,20,LOA,Length overall,27,PELAGIC
24,"IRN    ",IRAN ISLAMIC REP.,IRAN RÉP. ISLAMIQUE,2014,ART,Artisanal Fishing,Pêcheries artisanales,6,TROL,Troll line,Ligne de traîne,Line,Lignes,0,0,2,GRT,Gross Registered Tonnage,1914,COASTAL
32,"MYS    ",MALAYSIA,MALAISIE,2014,ART,Artisanal Fishing,Pêcheries artisanales,6,TROL,Troll line,Ligne de traîne,Line,Lignes,0,1,10,GRT,Gross Registered Tonnage,1070,COASTAL
33,"MDV    ",MALDIVES,MALDIVES,2014,ART,Artisanal Fishing,Pêcheries artisanales,6,TROL,Troll line,Ligne de traîne,Line,Lignes,0,5,10,LOA,Length overall,15,PELAGIC
46,"LKA    ",SRI LANKA,SRI LANKA,2014,ART,Artisanal Fishing,Pêcheries artisanales,6,TROL,Troll line,Ligne de traîne,Line,Lignes,0,10,15,LOA,Length overall,26,COASTAL
46,"LKA    ",SRI LANKA,SRI LANKA,2014,ART,Artisanal Fishing,Pêcheries artisanales,9,UNCL,Unclassified,Non classé,Other,Autres,1,1,8,LOA,Length overall,45945,"ALL    "
46,"LKA    ",SRI LANKA,SRI LANKA,2014,ART,Artisanal Fishing,Pêcheries artisanales,9,UNCL,Unclassified,Non classé,Other,Autres,1,8,9,LOA,Length overall,3596,"ALL    "
33,"MDV    ",MALDIVES,MALDIVES,2015,ART,Artisanal Fishing,Pêcheries artisanales,3,BB,Baitboat,Canne,Baitboat,Canne,0,10,15,LOA,Length overall,513,PELAGIC
46,"LKA    ",SRI LANKA,SRI LANKA,2015,ART,Artisanal Fishing,Pêcheries artisanales,3,BB,Baitboat,Canne,Baitboat,Canne,0,10,15,LOA,Length overall,31,PELAGIC
1,"AUS    ",AUSTRALIA,AUSTRALIE,2015,IND,Industrial Fishing,Pêcheries industrielles,5,ELL,Longline targeting swordfish,Palangre à espadon,Longline,Palangre,0,15,24,LOA,Length overall,5,PELAGIC
1,"AUS    ",AUSTRALIA,AUSTRALIE,2015,IND,Industrial Fishing,Pêcheries industrielles,5,ELL,Longline targeting swordfish,Palangre à espadon,Longline,Palangre,0,24,40,LOA,Length overall,2,PELAGIC
14,"EUMYT  ",EU.FRANCE.MAYOTTE,UE.FRANCE.MAYOTTE,2015,IND,Industrial Fishing,Pêcheries industrielles,5,ELL,Longline targeting swordfish,Palangre à espadon,Longline,Palangre,0,0,15,LOA,Length overall,8,PELAGIC
15,"EUREU  ",EU.FRANCE.REUNION,UE.FRANCE.RÉUNION,2015,IND,Industrial Fishing,Pêcheries industrielles,5,ELL,Longline targeting swordfish,Palangre à espadon,Longline,Palangre,0,15,24,LOA,Length overall,19,PELAGIC
18,"EUPRT  ",EU.PORTUGAL,UE.PORTUGAL,2015,IND,Industrial Fishing,Pêcheries industrielles,5,ELL,Longline targeting swordfish,Palangre à espadon,Longline,Palangre,0,24,40,LOA,Length overall,4,PELAGIC
18,"EUPRT  ",EU.PORTUGAL,UE.PORTUGAL,2015,IND,Industrial Fishing,Pêcheries industrielles,5,ELL,Longline targeting swordfish,Palangre à espadon,Longline,Palangre,0,40,60,LOA,Length overall,2,PELAGIC
19,"EUESP  ",EU.SPAIN,UE.ESPAGNE,2015,IND,Industrial Fishing,Pêcheries industrielles,5,ELL,Longline targeting swordfish,Palangre à espadon,Longline,Palangre,0,24,40,LOA,Length overall,14,PELAGIC
19,"EUESP  ",EU.SPAIN,UE.ESPAGNE,2015,IND,Industrial Fishing,Pêcheries industrielles,5,ELL,Longline targeting swordfish,Palangre à espadon,Longline,Palangre,0,40,60,LOA,Length overall,4,PELAGIC
20,GBR,UNITED KINGDOM,ROYAUME-UNI,2015,IND,Industrial Fishing,Pêcheries industrielles,5,ELL,Longline targeting swordfish,Palangre à espadon,Longline,Palangre,0,40,60,LOA,Length overall,1,PELAGIC
31,"MDG    ",MADAGASCAR,MADAGASCAR,2015,IND,Industrial Fishing,Pêcheries industrielles,5,ELL,Longline targeting swordfish,Palangre à espadon,Longline,Palangre,0,0,15,LOA,Length overall,4,PELAGIC
31,"MDG    ",MADAGASCAR,MADAGASCAR,2015,IND,Industrial Fishing,Pêcheries industrielles,5,ELL,Longline targeting swordfish,Palangre à espadon,Longline,Palangre,0,15,24,LOA,Length overall,3,PELAGIC
34,"MUS    ",MAURITIUS,MAURICE,2015,IND,Industrial Fishing,Pêcheries industrielles,5,ELL,Longline targeting swordfish,Palangre à espadon,Longline,Palangre,0,0,15,LOA,Length overall,2,PELAGIC
34,"MUS    ",MAURITIUS,MAURICE,2015,IND,Industrial Fishing,Pêcheries industrielles,5,ELL,Longline targeting swordfish,Palangre à espadon,Longline,Palangre,0,15,24,LOA,Length overall,3,PELAGIC
35,"MOZ    ",MOZAMBIQUE,MOZAMBIQUE,2015,IND,Industrial Fishing,Pêcheries industrielles,5,ELL,Longline targeting swordfish,Palangre à espadon,Longline,Palangre,0,15,24,LOA,Length overall,9,PELAGIC
43,"SYC    ",SEYCHELLES,SEYCHELLES,2015,IND,Industrial Fishing,Pêcheries industrielles,5,ELL,Longline targeting swordfish,Palangre à espadon,Longline,Palangre,0,15,24,LOA,Length overall,11,PELAGIC
44,"ZAF    ",SOUTH AFRICA,AFRIQUE DU SUD,2015,IND,Industrial Fishing,Pêcheries industrielles,5,ELL,Longline targeting swordfish,Palangre à espadon,Longline,Palangre,0,15,24,LOA,Length overall,9,PELAGIC
44,"ZAF    ",SOUTH AFRICA,AFRIQUE DU SUD,2015,IND,Industrial Fishing,Pêcheries industrielles,5,ELL,Longline targeting swordfish,Palangre à espadon,Longline,Palangre,0,24,40,LOA,Length overall,6,PELAGIC
5,"CHN    ",CHINA,CHINE,2015,IND,Industrial Fishing,Pêcheries industrielles,5,FLL,Longline Fresh,Palangre Frais,Longline,Palangre,0,24,40,LOA,Length overall,4,PELAGIC
6,"TWN    ","TAIWAN,CHINA","TAIWAN,CHINE",2015,IND,Industrial Fishing,Pêcheries industrielles,5,FLL,Longline Fresh,Palangre Frais,Longline,Palangre,0,15,24,LOA,Length overall,134,PELAGIC
6,"TWN    ","TAIWAN,CHINA","TAIWAN,CHINE",2015,IND,Industrial Fishing,Pêcheries industrielles,5,FLL,Longline Fresh,Palangre Frais,Longline,Palangre,0,24,40,LOA,Length overall,114,PELAGIC
22,"IND    ",INDIA,INDE,2015,IND,Industrial Fishing,Pêcheries industrielles,5,FLL,Longline Fresh,Palangre Frais,Longline,Palangre,0,15,24,LOA,Length overall,19,PELAGIC
23,"IDN    ",INDONESIA,INDONÉSIE,2015,IND,Industrial Fishing,Pêcheries industrielles,5,FLL,Longline Fresh,Palangre Frais,Longline,Palangre,0,0,15,LOA,Length overall,6,PELAGIC
23,"IDN    ",INDONESIA,INDONÉSIE,2015,IND,Industrial Fishing,Pêcheries industrielles,5,FLL,Longline Fresh,Palangre Frais,Longline,Palangre,0,15,24,LOA,Length overall,315,PELAGIC
23,"IDN    ",INDONESIA,INDONÉSIE,2015,IND,Industrial Fishing,Pêcheries industrielles,5,FLL,Longline Fresh,Palangre Frais,Longline,Palangre,0,24,40,LOA,Length overall,72,PELAGIC
32,"MYS    ",MALAYSIA,MALAISIE,2015,IND,Industrial Fishing,Pêcheries industrielles,5,FLL,Longline Fresh,Palangre Frais,Longline,Palangre,0,24,40,LOA,Length overall,5,PELAGIC
33,"MDV    ",MALDIVES,MALDIVES,2015,IND,Industrial Fishing,Pêcheries industrielles,5,FLL,Longline Fresh,Palangre Frais,Longline,Palangre,0,40,60,LOA,Length overall,9,PELAGIC
37,"OMN    ",OMAN,OMAN,2015,IND,Industrial Fishing,Pêcheries industrielles,5,FLL,Longline Fresh,Palangre Frais,Longline,Palangre,0,15,24,LOA,Length overall,16,PELAGIC
37,"OMN    ",OMAN,OMAN,2015,IND,Industrial Fishing,Pêcheries industrielles,5,FLL,Longline Fresh,Palangre Frais,Longline,Palangre,0,24,40,LOA,Length overall,13,PELAGIC
46,"LKA    ",SRI LANKA,SRI LANKA,2015,IND,Industrial Fishing,Pêcheries industrielles,5,FLL,Longline Fresh,Palangre Frais,Longline,Palangre,0,15,24,LOA,Length overall,1,PELAGIC
55,"NEICE  ",NEI.FRESH,NCA.FRAIS,2015,IND,Industrial Fishing,Pêcheries industrielles,5,FLL,Longline Fresh,Palangre Frais,Longline,Palangre,0,15,24,LOA,Length overall,1,PELAGIC
55,"NEICE  ",NEI.FRESH,NCA.FRAIS,2015,IND,Industrial Fishing,Pêcheries industrielles,5,FLL,Longline Fresh,Palangre Frais,Longline,Palangre,0,24,40,LOA,Length overall,1,PELAGIC
37,"OMN    ",OMAN,OMAN,2015,ART,Artisanal Fishing,Pêcheries artisanales,4,GIHA,Gillnet and hand line,Filet maillant et Ligne à main,Gillnet,Filet maillant,1,1,10,LOA,Length overall,22237,COASTAL
1,"AUS    ",AUSTRALIA,AUSTRALIE,2015,ART,Artisanal Fishing,Pêcheries artisanales,4,GILL,Gillnet,Filet maillant,Gillnet,Filet maillant,0,4,20,LOA,Length overall,7,COASTAL
24,"IRN    ",IRAN ISLAMIC REP.,IRAN RÉP. ISLAMIQUE,2015,ART,Artisanal Fishing,Pêcheries artisanales,4,GILL,Gillnet,Filet maillant,Gillnet,Filet maillant,0,101,NULL,GRT,Gross Registered Tonnage,293,"ALL    "
24,"IRN    ",IRAN ISLAMIC REP.,IRAN RÉP. ISLAMIQUE,2015,ART,Artisanal Fishing,Pêcheries artisanales,4,GILL,Gillnet,Filet maillant,Gillnet,Filet maillant,0,0,2,GRT,Gross Registered Tonnage,3630.21469608571,"ALL    "
24,"IRN    ",IRAN ISLAMIC REP.,IRAN RÉP. ISLAMIQUE,2015,ART,Artisanal Fishing,Pêcheries artisanales,4,GILL,Gillnet,Filet maillant,Gillnet,Filet maillant,0,3,20,GRT,Gross Registered Tonnage,266.438048193213,"ALL    "
24,"IRN    ",IRAN ISLAMIC REP.,IRAN RÉP. ISLAMIQUE,2015,ART,Artisanal Fishing,Pêcheries artisanales,4,GILL,Gillnet,Filet maillant,Gillnet,Filet maillant,0,21,50,GRT,Gross Registered Tonnage,363.678274676983,"ALL    "
24,"IRN    ",IRAN ISLAMIC REP.,IRAN RÉP. ISLAMIQUE,2015,ART,Artisanal Fishing,Pêcheries artisanales,4,GILL,Gillnet,Filet maillant,Gillnet,Filet maillant,0,51,100,GRT,Gross Registered Tonnage,181.32757750727,"ALL    "
32,"MYS    ",MALAYSIA,MALAISIE,2015,ART,Artisanal Fishing,Pêcheries artisanales,4,GILL,Gillnet,Filet maillant,Gillnet,Filet maillant,0,1,10,GRT,Gross Registered Tonnage,5107,COASTAL
37,"OMN    ",OMAN,OMAN,2015,ART,Artisanal Fishing,Pêcheries artisanales,4,GILL,Gillnet,Filet maillant,Gillnet,Filet maillant,0,10,24,LOA,Length overall,813,COASTAL
38,"PAK    ",PAKISTAN,PAKISTAN,2015,ART,Artisanal Fishing,Pêcheries artisanales,4,GILL,Gillnet,Filet maillant,Gillnet,Filet maillant,0,35,50,GRT,Gross Registered Tonnage,2962,"ALL    "
46,"LKA    ",SRI LANKA,SRI LANKA,2015,ART,Artisanal Fishing,Pêcheries artisanales,4,GILL,Gillnet,Filet maillant,Gillnet,Filet maillant,0,10,15,LOA,Length overall,2544,COASTAL
49,"THA    ",THAILAND,THAÏLANDE,2015,ART,Artisanal Fishing,Pêcheries artisanales,4,GILL,Gillnet,Filet maillant,Gillnet,Filet maillant,0,14,25,LOA,Length overall,55,COASTAL
1,"AUS    ",AUSTRALIA,AUSTRALIE,2015,ART,Artisanal Fishing,Pêcheries artisanales,6,HAND,Hand line,Ligne à main,Line,Lignes,0,4,20,LOA,Length overall,19,COASTAL
33,"MDV    ",MALDIVES,MALDIVES,2015,ART,Artisanal Fishing,Pêcheries artisanales,6,HAND,Hand line,Ligne à main,Line,Lignes,0,4,6,LOA,Length overall,5,PELAGIC
46,"LKA    ",SRI LANKA,SRI LANKA,2015,ART,Artisanal Fishing,Pêcheries artisanales,6,HAND,Hand line,Ligne à main,Line,Lignes,0,10,15,LOA,Length overall,85,COASTAL
50,"GBRT   ",UK.TERRITORIES,RU.TERRITOIRES,2015,ART,Artisanal Fishing,Pêcheries artisanales,6,HAND,Hand line,Ligne à main,Line,Lignes,0,6,10,LOA,Length overall,43,PELAGIC
50,"GBRT   ",UK.TERRITORIES,RU.TERRITOIRES,2015,ART,Artisanal Fishing,Pêcheries artisanales,6,HAND,Hand line,Ligne à main,Line,Lignes,0,10,25,LOA,Length overall,4,PELAGIC
14,"EUMYT  ",EU.FRANCE.MAYOTTE,UE.FRANCE.MAYOTTE,2015,ART,Artisanal Fishing,Pêcheries artisanales,6,HATR,Hand line and Troll line,Ligne à main et Ligne de traîne,Line,Lignes,1,0,15,LOA,Length overall,82,COASTAL
14,"EUMYT  ",EU.FRANCE.MAYOTTE,UE.FRANCE.MAYOTTE,2015,ART,Artisanal Fishing,Pêcheries artisanales,6,HATR,Hand line and Troll line,Ligne à main et Ligne de traîne,Line,Lignes,1,0,15,LOA,Length overall,82,PELAGIC
15,"EUREU  ",EU.FRANCE.REUNION,UE.FRANCE.RÉUNION,2015,ART,Artisanal Fishing,Pêcheries artisanales,6,HATR,Hand line and Troll line,Ligne à main et Ligne de traîne,Line,Lignes,1,5,14,LOA,Length overall,117,PELAGIC
5,"CHN    ",CHINA,CHINE,2015,IND,Industrial Fishing,Pêcheries industrielles,5,LL,Longline,Palangre dérivante au-dessus de 1800 hameçons,Longline,Palangre,0,24,40,LOA,Length overall,20,PELAGIC
5,"CHN    ",CHINA,CHINE,2015,IND,Industrial Fishing,Pêcheries industrielles,5,LL,Longline,Palangre dérivante au-dessus de 1800 hameçons,Longline,Palangre,0,40,60,LOA,Length overall,30,PELAGIC
6,"TWN    ","TAIWAN,CHINA","TAIWAN,CHINE",2015,IND,Industrial Fishing,Pêcheries industrielles,5,LL,Longline,Palangre dérivante au-dessus de 1800 hameçons,Longline,Palangre,0,24,40,LOA,Length overall,28,PELAGIC
6,"TWN    ","TAIWAN,CHINA","TAIWAN,CHINE",2015,IND,Industrial Fishing,Pêcheries industrielles,5,LL,Longline,Palangre dérivante au-dessus de 1800 hameçons,Longline,Palangre,0,40,60,LOA,Length overall,91,PELAGIC
22,"IND    ",INDIA,INDE,2015,IND,Industrial Fishing,Pêcheries industrielles,5,LL,Longline,Palangre dérivante au-dessus de 1800 hameçons,Longline,Palangre,0,40,60,LOA,Length overall,2,PELAGIC
23,"IDN    ",INDONESIA,INDONÉSIE,2015,IND,Industrial Fishing,Pêcheries industrielles,5,LL,Longline,Palangre dérivante au-dessus de 1800 hameçons,Longline,Palangre,0,24,40,LOA,Length overall,167,PELAGIC
23,"IDN    ",INDONESIA,INDONÉSIE,2015,IND,Industrial Fishing,Pêcheries industrielles,5,LL,Longline,Palangre dérivante au-dessus de 1800 hameçons,Longline,Palangre,0,40,60,LOA,Length overall,6,PELAGIC
26,"JPN    ",JAPAN,JAPON,2015,IND,Industrial Fishing,Pêcheries industrielles,5,LL,Longline,Palangre dérivante au-dessus de 1800 hameçons,Longline,Palangre,0,40,60,LOA,Length overall,52,PELAGIC
29,"KOR    ",KOREA REP.,CORÉE RÉP.,2015,IND,Industrial Fishing,Pêcheries industrielles,5,LL,Longline,Palangre dérivante au-dessus de 1800 hameçons,Longline,Palangre,0,24,40,LOA,Length overall,3,PELAGIC
29,"KOR    ",KOREA REP.,CORÉE RÉP.,2015,IND,Industrial Fishing,Pêcheries industrielles,5,LL,Longline,Palangre dérivante au-dessus de 1800 hameçons,Longline,Palangre,0,40,60,LOA,Length overall,11,PELAGIC
37,"OMN    ",OMAN,OMAN,2015,IND,Industrial Fishing,Pêcheries industrielles,5,LL,Longline,Palangre dérivante au-dessus de 1800 hameçons,Longline,Palangre,0,40,60,LOA,Length overall,2,PELAGIC
43,"SYC    ",SEYCHELLES,SEYCHELLES,2015,IND,Industrial Fishing,Pêcheries industrielles,5,LL,Longline,Palangre dérivante au-dessus de 1800 hameçons,Longline,Palangre,0,24,40,LOA,Length overall,5,PELAGIC
43,"SYC    ",SEYCHELLES,SEYCHELLES,2015,IND,Industrial Fishing,Pêcheries industrielles,5,LL,Longline,Palangre dérivante au-dessus de 1800 hameçons,Longline,Palangre,0,40,60,LOA,Length overall,32,PELAGIC
46,"LKA    ",SRI LANKA,SRI LANKA,2015,IND,Industrial Fishing,Pêcheries industrielles,5,LL,Longline,Palangre dérivante au-dessus de 1800 hameçons,Longline,Palangre,0,40,60,LOA,Length overall,1,PELAGIC
48,"TZA    ",TANZANIA,TANZANIE,2015,IND,Industrial Fishing,Pêcheries industrielles,5,LL,Longline,Palangre dérivante au-dessus de 1800 hameçons,Longline,Palangre,0,40,60,LOA,Length overall,3,PELAGIC
49,"THA    ",THAILAND,THAÏLANDE,2015,IND,Industrial Fishing,Pêcheries industrielles,5,LL,Longline,Palangre dérivante au-dessus de 1800 hameçons,Longline,Palangre,0,24,40,LOA,Length overall,3,PELAGIC
49,"THA    ",THAILAND,THAÏLANDE,2015,IND,Industrial Fishing,Pêcheries industrielles,5,LL,Longline,Palangre dérivante au-dessus de 1800 hameçons,Longline,Palangre,0,40,60,LOA,Length overall,3,PELAGIC
57,"NEIFR  ",NEI.FROZEN,NCA.CONGELÉ,2015,IND,Industrial Fishing,Pêcheries industrielles,5,LL,Longline,Palangre dérivante au-dessus de 1800 hameçons,Longline,Palangre,0,40,60,LOA,Length overall,6,PELAGIC
15,"EUREU  ",EU.FRANCE.REUNION,UE.FRANCE.RÉUNION,2015,ART,Artisanal Fishing,Pêcheries artisanales,6,LLCO,Coastal longline,Petite palangre,Line,Lignes,0,0,15,LOA,Length overall,20,PELAGIC
33,"MDV    ",MALDIVES,MALDIVES,2015,ART,Artisanal Fishing,Pêcheries artisanales,6,LLCO,Coastal longline,Petite palangre,Line,Lignes,0,10,15,LOA,Length overall,3,PELAGIC
33,"MDV    ",MALDIVES,MALDIVES,2015,ART,Artisanal Fishing,Pêcheries artisanales,6,LLCO,Coastal longline,Petite palangre,Line,Lignes,0,15,24,LOA,Length overall,23,PELAGIC
33,"MDV    ",MALDIVES,MALDIVES,2015,ART,Artisanal Fishing,Pêcheries artisanales,6,LLCO,Coastal longline,Petite palangre,Line,Lignes,0,24,40,LOA,Length overall,2,PELAGIC
46,"LKA    ",SRI LANKA,SRI LANKA,2015,ART,Artisanal Fishing,Pêcheries artisanales,6,LLCO,Coastal longline,Petite palangre,Line,Lignes,0,10,15,LOA,Length overall,644,COASTAL
22,"IND    ",INDIA,INDE,2015,IND,Industrial Fishing,Pêcheries industrielles,5,LLEX,Exploratory longline,Palangre de prospection,Longline,Palangre,0,24,40,LOA,Length overall,4,PELAGIC
1,"AUS    ",AUSTRALIA,AUSTRALIE,2015,IND,Industrial Fishing,Pêcheries industrielles,1,PS,Purse seine,Senne tournante aux thons,Purse Seine,Senne tournante,0,24,40,LOA,Length overall,4,PELAGIC
1,"AUS    ",AUSTRALIA,AUSTRALIE,2015,IND,Industrial Fishing,Pêcheries industrielles,1,PS,Purse seine,Senne tournante aux thons,Purse Seine,Senne tournante,0,40,60,LOA,Length overall,2,PELAGIC
13,"EUFRA  ",EU.FRANCE,UE.FRANCE,2015,IND,Industrial Fishing,Pêcheries industrielles,1,PS,Purse seine,Senne tournante aux thons,Purse Seine,Senne tournante,0,60,80,LOA,Length overall,4,PELAGIC
13,"EUFRA  ",EU.FRANCE,UE.FRANCE,2015,IND,Industrial Fishing,Pêcheries industrielles,1,PS,Purse seine,Senne tournante aux thons,Purse Seine,Senne tournante,0,80,100,LOA,Length overall,8,PELAGIC
19,"EUESP  ",EU.SPAIN,UE.ESPAGNE,2015,IND,Industrial Fishing,Pêcheries industrielles,1,PS,Purse seine,Senne tournante aux thons,Purse Seine,Senne tournante,0,60,80,LOA,Length overall,3,PELAGIC
19,"EUESP  ",EU.SPAIN,UE.ESPAGNE,2015,IND,Industrial Fishing,Pêcheries industrielles,1,PS,Purse seine,Senne tournante aux thons,Purse Seine,Senne tournante,0,80,100,LOA,Length overall,7,PELAGIC
19,"EUESP  ",EU.SPAIN,UE.ESPAGNE,2015,IND,Industrial Fishing,Pêcheries industrielles,1,PS,Purse seine,Senne tournante aux thons,Purse Seine,Senne tournante,0,100,120,LOA,Length overall,5,PELAGIC
23,"IDN    ",INDONESIA,INDONÉSIE,2015,IND,Industrial Fishing,Pêcheries industrielles,1,PS,Purse seine,Senne tournante aux thons,Purse Seine,Senne tournante,0,15,24,LOA,Length overall,1,PELAGIC
23,"IDN    ",INDONESIA,INDONÉSIE,2015,IND,Industrial Fishing,Pêcheries industrielles,1,PS,Purse seine,Senne tournante aux thons,Purse Seine,Senne tournante,0,24,40,LOA,Length overall,12,PELAGIC
23,"IDN    ",INDONESIA,INDONÉSIE,2015,IND,Industrial Fishing,Pêcheries industrielles,1,PS,Purse seine,Senne tournante aux thons,Purse Seine,Senne tournante,0,40,60,LOA,Length overall,1,PELAGIC
24,"IRN    ",IRAN ISLAMIC REP.,IRAN RÉP. ISLAMIQUE,2015,IND,Industrial Fishing,Pêcheries industrielles,1,PS,Purse seine,Senne tournante aux thons,Purse Seine,Senne tournante,0,40,60,LOA,Length overall,3,PELAGIC
24,"IRN    ",IRAN ISLAMIC REP.,IRAN RÉP. ISLAMIQUE,2015,IND,Industrial Fishing,Pêcheries industrielles,1,PS,Purse seine,Senne tournante aux thons,Purse Seine,Senne tournante,0,60,80,LOA,Length overall,3,PELAGIC
24,"IRN    ",IRAN ISLAMIC REP.,IRAN RÉP. ISLAMIQUE,2015,IND,Industrial Fishing,Pêcheries industrielles,1,PS,Purse seine,Senne tournante aux thons,Purse Seine,Senne tournante,0,80,100,LOA,Length overall,1,PELAGIC
26,"JPN    ",JAPAN,JAPON,2015,IND,Industrial Fishing,Pêcheries industrielles,1,PS,Purse seine,Senne tournante aux thons,Purse Seine,Senne tournante,0,60,80,LOA,Length overall,3,PELAGIC
29,"KOR    ",KOREA REP.,CORÉE RÉP.,2015,IND,Industrial Fishing,Pêcheries industrielles,1,PS,Purse seine,Senne tournante aux thons,Purse Seine,Senne tournante,0,60,80,LOA,Length overall,4,PELAGIC
34,"MUS    ",MAURITIUS,MAURICE,2015,IND,Industrial Fishing,Pêcheries industrielles,1,PS,Purse seine,Senne tournante aux thons,Purse Seine,Senne tournante,0,40,60,LOA,Length overall,5,PELAGIC
34,"MUS    ",MAURITIUS,MAURICE,2015,IND,Industrial Fishing,Pêcheries industrielles,1,PS,Purse seine,Senne tournante aux thons,Purse Seine,Senne tournante,0,80,100,LOA,Length overall,2,PELAGIC
43,"SYC    ",SEYCHELLES,SEYCHELLES,2015,IND,Industrial Fishing,Pêcheries industrielles,1,PS,Purse seine,Senne tournante aux thons,Purse Seine,Senne tournante,0,60,80,LOA,Length overall,3,PELAGIC
43,"SYC    ",SEYCHELLES,SEYCHELLES,2015,IND,Industrial Fishing,Pêcheries industrielles,1,PS,Purse seine,Senne tournante aux thons,Purse Seine,Senne tournante,0,80,100,LOA,Length overall,8,PELAGIC
43,"SYC    ",SEYCHELLES,SEYCHELLES,2015,IND,Industrial Fishing,Pêcheries industrielles,1,PS,Purse seine,Senne tournante aux thons,Purse Seine,Senne tournante,0,100,120,LOA,Length overall,2,PELAGIC
60,"EUITA  ",EU.ITALY,EU.ITALIE,2015,IND,Industrial Fishing,Pêcheries industrielles,1,PS,Purse seine,Senne tournante aux thons,Purse Seine,Senne tournante,0,60,80,LOA,Length overall,1,NULL
60,"EUITA  ",EU.ITALY,EU.ITALIE,2015,IND,Industrial Fishing,Pêcheries industrielles,1,PS,Purse seine,Senne tournante aux thons,Purse Seine,Senne tournante,0,60,80,LOA,Length overall,1,PELAGIC
32,"MYS    ",MALAYSIA,MALAISIE,2015,ART,Artisanal Fishing,Pêcheries artisanales,1,PSS,Small purse seine,Senneur côtier,Purse Seine,Senne tournante,0,10,70,GRT,Gross Registered Tonnage,291,COASTAL
49,"THA    ",THAILAND,THAÏLANDE,2015,ART,Artisanal Fishing,Pêcheries artisanales,1,PSS,Small purse seine,Senneur côtier,Purse Seine,Senne tournante,0,14,25,LOA,Length overall,393,"ALL    "
46,"LKA    ",SRI LANKA,SRI LANKA,2015,ART,Artisanal Fishing,Pêcheries artisanales,1,RIN,Ring net,Lampara,Purse Seine,Senne tournante,0,10,15,LOA,Length overall,415,COASTAL
44,"ZAF    ",SOUTH AFRICA,AFRIQUE DU SUD,2015,ART,Artisanal Fishing,Pêcheries artisanales,6,SPOR,Sport fishing,Pêche sportive,Line,Lignes,0,15,24,LOA,Length overall,3,PELAGIC
29,"KOR    ",KOREA REP.,CORÉE RÉP.,2015,IND,Industrial Fishing,Pêcheries industrielles,1,SUPP,Supply vessel,Bateau auxiliaire,Purse Seine,Senne tournante,0,40,60,LOA,Length overall,1,PELAGIC
43,"SYC    ",SEYCHELLES,SEYCHELLES,2015,IND,Industrial Fishing,Pêcheries industrielles,1,SUPP,Supply vessel,Bateau auxiliaire,Purse Seine,Senne tournante,0,24,40,LOA,Length overall,5,PELAGIC
43,"SYC    ",SEYCHELLES,SEYCHELLES,2015,IND,Industrial Fishing,Pêcheries industrielles,1,SUPP,Supply vessel,Bateau auxiliaire,Purse Seine,Senne tournante,0,40,60,LOA,Length overall,2,PELAGIC
58,"NEIPS  ",NEI.OTHER,NCA.AUTRE,2015,IND,Industrial Fishing,Pêcheries industrielles,1,SUPP,Supply vessel,Bateau auxiliaire,Purse Seine,Senne tournante,0,24,40,LOA,Length overall,5,PELAGIC
58,"NEIPS  ",NEI.OTHER,NCA.AUTRE,2015,IND,Industrial Fishing,Pêcheries industrielles,1,SUPP,Supply vessel,Bateau auxiliaire,Purse Seine,Senne tournante,0,40,60,LOA,Length overall,5,PELAGIC
32,"MYS    ",MALAYSIA,MALAISIE,2015,ART,Artisanal Fishing,Pêcheries artisanales,9,TRAW,Trawl,Chaluts,Other,Autres,0,10,70,GRT,Gross Registered Tonnage,2917,COASTAL
49,"THA    ",THAILAND,THAÏLANDE,2015,ART,Artisanal Fishing,Pêcheries artisanales,9,TRAW,Trawl,Chaluts,Other,Autres,0,14,25,LOA,Length overall,507,COASTAL
1,"AUS    ",AUSTRALIA,AUSTRALIE,2015,ART,Artisanal Fishing,Pêcheries artisanales,6,TROL,Troll line,Ligne de traîne,Line,Lignes,0,4,20,LOA,Length overall,28,PELAGIC
24,"IRN    ",IRAN ISLAMIC REP.,IRAN RÉP. ISLAMIQUE,2015,ART,Artisanal Fishing,Pêcheries artisanales,6,TROL,Troll line,Ligne de traîne,Line,Lignes,0,0,2,GRT,Gross Registered Tonnage,2019,COASTAL
32,"MYS    ",MALAYSIA,MALAISIE,2015,ART,Artisanal Fishing,Pêcheries artisanales,6,TROL,Troll line,Ligne de traîne,Line,Lignes,0,1,10,GRT,Gross Registered Tonnage,1082,COASTAL
33,"MDV    ",MALDIVES,MALDIVES,2015,ART,Artisanal Fishing,Pêcheries artisanales,6,TROL,Troll line,Ligne de traîne,Line,Lignes,0,5,10,LOA,Length overall,9,PELAGIC
46,"LKA    ",SRI LANKA,SRI LANKA,2015,ART,Artisanal Fishing,Pêcheries artisanales,6,TROL,Troll line,Ligne de traîne,Line,Lignes,0,10,15,LOA,Length overall,52,COASTAL
46,"LKA    ",SRI LANKA,SRI LANKA,2015,ART,Artisanal Fishing,Pêcheries artisanales,9,UNCL,Unclassified,Non classé,Other,Autres,1,1,8,LOA,Length overall,43529,"ALL    "
46,"LKA    ",SRI LANKA,SRI LANKA,2015,ART,Artisanal Fishing,Pêcheries artisanales,9,UNCL,Unclassified,Non classé,Other,Autres,1,8,9,LOA,Length overall,2591,"ALL    "
1,"AUS    ",AUSTRALIA,AUSTRALIE,2016,IND,Industrial Fishing,Pêcheries industrielles,3,BB,Baitboat,Canne,Baitboat,Canne,0,15,24,LOA,Length overall,1,PELAGIC
33,"MDV    ",MALDIVES,MALDIVES,2016,ART,Artisanal Fishing,Pêcheries artisanales,3,BB,Baitboat,Canne,Baitboat,Canne,0,10,15,LOA,Length overall,325,PELAGIC
33,"MDV    ",MALDIVES,MALDIVES,2016,ART,Artisanal Fishing,Pêcheries artisanales,3,BB,Baitboat,Canne,Baitboat,Canne,0,24,40,LOA,Length overall,184,PELAGIC
46,"LKA    ",SRI LANKA,SRI LANKA,2016,ART,Artisanal Fishing,Pêcheries artisanales,3,BB,Baitboat,Canne,Baitboat,Canne,0,10,15,LOA,Length overall,31,PELAGIC
1,"AUS    ",AUSTRALIA,AUSTRALIE,2016,IND,Industrial Fishing,Pêcheries industrielles,5,ELL,Longline targeting swordfish,Palangre à espadon,Longline,Palangre,0,15,24,LOA,Length overall,4,PELAGIC
1,"AUS    ",AUSTRALIA,AUSTRALIE,2016,IND,Industrial Fishing,Pêcheries industrielles,5,ELL,Longline targeting swordfish,Palangre à espadon,Longline,Palangre,0,24,40,LOA,Length overall,3,PELAGIC
14,"EUMYT  ",EU.FRANCE.MAYOTTE,UE.FRANCE.MAYOTTE,2016,IND,Industrial Fishing,Pêcheries industrielles,5,ELL,Longline targeting swordfish,Palangre à espadon,Longline,Palangre,0,0,15,LOA,Length overall,6,PELAGIC
15,"EUREU  ",EU.FRANCE.REUNION,UE.FRANCE.RÉUNION,2016,IND,Industrial Fishing,Pêcheries industrielles,5,ELL,Longline targeting swordfish,Palangre à espadon,Longline,Palangre,0,15,24,LOA,Length overall,19,PELAGIC
18,"EUPRT  ",EU.PORTUGAL,UE.PORTUGAL,2016,IND,Industrial Fishing,Pêcheries industrielles,5,ELL,Longline targeting swordfish,Palangre à espadon,Longline,Palangre,0,24,40,LOA,Length overall,5,PELAGIC
18,"EUPRT  ",EU.PORTUGAL,UE.PORTUGAL,2016,IND,Industrial Fishing,Pêcheries industrielles,5,ELL,Longline targeting swordfish,Palangre à espadon,Longline,Palangre,0,40,60,LOA,Length overall,2,PELAGIC
19,"EUESP  ",EU.SPAIN,UE.ESPAGNE,2016,IND,Industrial Fishing,Pêcheries industrielles,5,ELL,Longline targeting swordfish,Palangre à espadon,Longline,Palangre,0,24,40,LOA,Length overall,15,PELAGIC
19,"EUESP  ",EU.SPAIN,UE.ESPAGNE,2016,IND,Industrial Fishing,Pêcheries industrielles,5,ELL,Longline targeting swordfish,Palangre à espadon,Longline,Palangre,0,40,60,LOA,Length overall,4,PELAGIC
20,GBR,UNITED KINGDOM,ROYAUME-UNI,2016,IND,Industrial Fishing,Pêcheries industrielles,5,ELL,Longline targeting swordfish,Palangre à espadon,Longline,Palangre,0,40,60,LOA,Length overall,1,PELAGIC
31,"MDG    ",MADAGASCAR,MADAGASCAR,2016,IND,Industrial Fishing,Pêcheries industrielles,5,ELL,Longline targeting swordfish,Palangre à espadon,Longline,Palangre,0,0,15,LOA,Length overall,4,PELAGIC
31,"MDG    ",MADAGASCAR,MADAGASCAR,2016,IND,Industrial Fishing,Pêcheries industrielles,5,ELL,Longline targeting swordfish,Palangre à espadon,Longline,Palangre,0,15,24,LOA,Length overall,3,PELAGIC
34,"MUS    ",MAURITIUS,MAURICE,2016,IND,Industrial Fishing,Pêcheries industrielles,5,ELL,Longline targeting swordfish,Palangre à espadon,Longline,Palangre,0,0,15,LOA,Length overall,9,PELAGIC
35,"MOZ    ",MOZAMBIQUE,MOZAMBIQUE,2016,IND,Industrial Fishing,Pêcheries industrielles,5,ELL,Longline targeting swordfish,Palangre à espadon,Longline,Palangre,0,15,24,LOA,Length overall,11,PELAGIC
43,"SYC    ",SEYCHELLES,SEYCHELLES,2016,IND,Industrial Fishing,Pêcheries industrielles,5,ELL,Longline targeting swordfish,Palangre à espadon,Longline,Palangre,0,10,15,LOA,Length overall,6,PELAGIC
43,"SYC    ",SEYCHELLES,SEYCHELLES,2016,IND,Industrial Fishing,Pêcheries industrielles,5,ELL,Longline targeting swordfish,Palangre à espadon,Longline,Palangre,0,15,24,LOA,Length overall,18,PELAGIC
44,"ZAF    ",SOUTH AFRICA,AFRIQUE DU SUD,2016,IND,Industrial Fishing,Pêcheries industrielles,5,ELL,Longline targeting swordfish,Palangre à espadon,Longline,Palangre,0,15,24,LOA,Length overall,11,PELAGIC
44,"ZAF    ",SOUTH AFRICA,AFRIQUE DU SUD,2016,IND,Industrial Fishing,Pêcheries industrielles,5,ELL,Longline targeting swordfish,Palangre à espadon,Longline,Palangre,0,24,40,LOA,Length overall,5,PELAGIC
5,"CHN    ",CHINA,CHINE,2016,IND,Industrial Fishing,Pêcheries industrielles,5,FLL,Longline Fresh,Palangre Frais,Longline,Palangre,0,24,40,LOA,Length overall,6,PELAGIC
6,"TWN    ","TAIWAN,CHINA","TAIWAN,CHINE",2016,IND,Industrial Fishing,Pêcheries industrielles,5,FLL,Longline Fresh,Palangre Frais,Longline,Palangre,0,15,24,LOA,Length overall,105,PELAGIC
6,"TWN    ","TAIWAN,CHINA","TAIWAN,CHINE",2016,IND,Industrial Fishing,Pêcheries industrielles,5,FLL,Longline Fresh,Palangre Frais,Longline,Palangre,0,24,40,LOA,Length overall,107,PELAGIC
23,"IDN    ",INDONESIA,INDONÉSIE,2016,IND,Industrial Fishing,Pêcheries industrielles,5,FLL,Longline Fresh,Palangre Frais,Longline,Palangre,0,0,15,LOA,Length overall,3,PELAGIC
23,"IDN    ",INDONESIA,INDONÉSIE,2016,IND,Industrial Fishing,Pêcheries industrielles,5,FLL,Longline Fresh,Palangre Frais,Longline,Palangre,0,15,24,LOA,Length overall,135,PELAGIC
23,"IDN    ",INDONESIA,INDONÉSIE,2016,IND,Industrial Fishing,Pêcheries industrielles,5,FLL,Longline Fresh,Palangre Frais,Longline,Palangre,0,24,40,LOA,Length overall,48,PELAGIC
32,"MYS    ",MALAYSIA,MALAISIE,2016,IND,Industrial Fishing,Pêcheries industrielles,5,FLL,Longline Fresh,Palangre Frais,Longline,Palangre,0,24,40,LOA,Length overall,10,PELAGIC
33,"MDV    ",MALDIVES,MALDIVES,2016,IND,Industrial Fishing,Pêcheries industrielles,5,FLL,Longline Fresh,Palangre Frais,Longline,Palangre,0,40,60,LOA,Length overall,4,PELAGIC
34,"MUS    ",MAURITIUS,MAURICE,2016,IND,Industrial Fishing,Pêcheries industrielles,5,FLL,Longline Fresh,Palangre Frais,Longline,Palangre,0,15,24,LOA,Length overall,2,PELAGIC
37,"OMN    ",OMAN,OMAN,2016,IND,Industrial Fishing,Pêcheries industrielles,5,FLL,Longline Fresh,Palangre Frais,Longline,Palangre,0,15,24,LOA,Length overall,4,PELAGIC
46,"LKA    ",SRI LANKA,SRI LANKA,2016,IND,Industrial Fishing,Pêcheries industrielles,5,FLL,Longline Fresh,Palangre Frais,Longline,Palangre,0,15,24,LOA,Length overall,4,PELAGIC
46,"LKA    ",SRI LANKA,SRI LANKA,2016,ART,Artisanal Fishing,Pêcheries artisanales,4,G/L,Gillnet and Longline combination,Filet maillant et Palangre,Gillnet,Filet maillant,1,15,24,LOA,Length overall,549,PELAGIC
37,"OMN    ",OMAN,OMAN,2016,ART,Artisanal Fishing,Pêcheries artisanales,4,GIHA,Gillnet and hand line,Filet maillant et Ligne à main,Gillnet,Filet maillant,1,1,10,LOA,Length overall,22720,COASTAL
1,"AUS    ",AUSTRALIA,AUSTRALIE,2016,ART,Artisanal Fishing,Pêcheries artisanales,4,GILL,Gillnet,Filet maillant,Gillnet,Filet maillant,0,4,20,LOA,Length overall,7,COASTAL
24,"IRN    ",IRAN ISLAMIC REP.,IRAN RÉP. ISLAMIQUE,2016,ART,Artisanal Fishing,Pêcheries artisanales,4,GILL,Gillnet,Filet maillant,Gillnet,Filet maillant,0,101,NULL,GRT,Gross Registered Tonnage,283,"ALL    "
24,"IRN    ",IRAN ISLAMIC REP.,IRAN RÉP. ISLAMIQUE,2016,ART,Artisanal Fishing,Pêcheries artisanales,4,GILL,Gillnet,Filet maillant,Gillnet,Filet maillant,0,0,2,GRT,Gross Registered Tonnage,3319,"ALL    "
24,"IRN    ",IRAN ISLAMIC REP.,IRAN RÉP. ISLAMIQUE,2016,ART,Artisanal Fishing,Pêcheries artisanales,4,GILL,Gillnet,Filet maillant,Gillnet,Filet maillant,0,3,20,GRT,Gross Registered Tonnage,258,"ALL    "
24,"IRN    ",IRAN ISLAMIC REP.,IRAN RÉP. ISLAMIQUE,2016,ART,Artisanal Fishing,Pêcheries artisanales,4,GILL,Gillnet,Filet maillant,Gillnet,Filet maillant,0,21,50,GRT,Gross Registered Tonnage,391,"ALL    "
24,"IRN    ",IRAN ISLAMIC REP.,IRAN RÉP. ISLAMIQUE,2016,ART,Artisanal Fishing,Pêcheries artisanales,4,GILL,Gillnet,Filet maillant,Gillnet,Filet maillant,0,51,100,GRT,Gross Registered Tonnage,171,"ALL    "
32,"MYS    ",MALAYSIA,MALAISIE,2016,ART,Artisanal Fishing,Pêcheries artisanales,4,GILL,Gillnet,Filet maillant,Gillnet,Filet maillant,0,1,10,GRT,Gross Registered Tonnage,5011,COASTAL
37,"OMN    ",OMAN,OMAN,2016,ART,Artisanal Fishing,Pêcheries artisanales,4,GILL,Gillnet,Filet maillant,Gillnet,Filet maillant,0,10,24,LOA,Length overall,828,COASTAL
46,"LKA    ",SRI LANKA,SRI LANKA,2016,ART,Artisanal Fishing,Pêcheries artisanales,4,GILL,Gillnet,Filet maillant,Gillnet,Filet maillant,0,10,15,LOA,Length overall,1830,COASTAL
1,"AUS    ",AUSTRALIA,AUSTRALIE,2016,ART,Artisanal Fishing,Pêcheries artisanales,6,HAND,Hand line,Ligne à main,Line,Lignes,0,4,20,LOA,Length overall,14,COASTAL
33,"MDV    ",MALDIVES,MALDIVES,2016,ART,Artisanal Fishing,Pêcheries artisanales,6,HAND,Hand line,Ligne à main,Line,Lignes,0,4,6,LOA,Length overall,5,PELAGIC
46,"LKA    ",SRI LANKA,SRI LANKA,2016,ART,Artisanal Fishing,Pêcheries artisanales,6,HAND,Hand line,Ligne à main,Line,Lignes,0,10,15,LOA,Length overall,130,COASTAL
50,"GBRT   ",UK.TERRITORIES,RU.TERRITOIRES,2016,ART,Artisanal Fishing,Pêcheries artisanales,6,HAND,Hand line,Ligne à main,Line,Lignes,0,6,10,LOA,Length overall,43,PELAGIC
50,"GBRT   ",UK.TERRITORIES,RU.TERRITOIRES,2016,ART,Artisanal Fishing,Pêcheries artisanales,6,HAND,Hand line,Ligne à main,Line,Lignes,0,10,25,LOA,Length overall,4,PELAGIC
14,"EUMYT  ",EU.FRANCE.MAYOTTE,UE.FRANCE.MAYOTTE,2016,ART,Artisanal Fishing,Pêcheries artisanales,6,HATR,Hand line and Troll line,Ligne à main et Ligne de traîne,Line,Lignes,1,0,15,LOA,Length overall,119,COASTAL
14,"EUMYT  ",EU.FRANCE.MAYOTTE,UE.FRANCE.MAYOTTE,2016,ART,Artisanal Fishing,Pêcheries artisanales,6,HATR,Hand line and Troll line,Ligne à main et Ligne de traîne,Line,Lignes,1,0,15,LOA,Length overall,119,PELAGIC
15,"EUREU  ",EU.FRANCE.REUNION,UE.FRANCE.RÉUNION,2016,ART,Artisanal Fishing,Pêcheries artisanales,6,HATR,Hand line and Troll line,Ligne à main et Ligne de traîne,Line,Lignes,1,5,14,LOA,Length overall,130,PELAGIC
5,"CHN    ",CHINA,CHINE,2016,IND,Industrial Fishing,Pêcheries industrielles,5,LL,Longline,Palangre dérivante au-dessus de 1800 hameçons,Longline,Palangre,0,24,40,LOA,Length overall,19,PELAGIC
5,"CHN    ",CHINA,CHINE,2016,IND,Industrial Fishing,Pêcheries industrielles,5,LL,Longline,Palangre dérivante au-dessus de 1800 hameçons,Longline,Palangre,0,40,60,LOA,Length overall,42,PELAGIC
6,"TWN    ","TAIWAN,CHINA","TAIWAN,CHINE",2016,IND,Industrial Fishing,Pêcheries industrielles,5,LL,Longline,Palangre dérivante au-dessus de 1800 hameçons,Longline,Palangre,0,24,40,LOA,Length overall,32,PELAGIC
6,"TWN    ","TAIWAN,CHINA","TAIWAN,CHINE",2016,IND,Industrial Fishing,Pêcheries industrielles,5,LL,Longline,Palangre dérivante au-dessus de 1800 hameçons,Longline,Palangre,0,40,60,LOA,Length overall,104,PELAGIC
23,"IDN    ",INDONESIA,INDONÉSIE,2016,IND,Industrial Fishing,Pêcheries industrielles,5,LL,Longline,Palangre dérivante au-dessus de 1800 hameçons,Longline,Palangre,0,24,40,LOA,Length overall,71,PELAGIC
23,"IDN    ",INDONESIA,INDONÉSIE,2016,IND,Industrial Fishing,Pêcheries industrielles,5,LL,Longline,Palangre dérivante au-dessus de 1800 hameçons,Longline,Palangre,0,40,60,LOA,Length overall,2,PELAGIC
26,"JPN    ",JAPAN,JAPON,2016,IND,Industrial Fishing,Pêcheries industrielles,5,LL,Longline,Palangre dérivante au-dessus de 1800 hameçons,Longline,Palangre,0,40,60,LOA,Length overall,45,PELAGIC
29,"KOR    ",KOREA REP.,CORÉE RÉP.,2016,IND,Industrial Fishing,Pêcheries industrielles,5,LL,Longline,Palangre dérivante au-dessus de 1800 hameçons,Longline,Palangre,0,24,40,LOA,Length overall,3,PELAGIC
29,"KOR    ",KOREA REP.,CORÉE RÉP.,2016,IND,Industrial Fishing,Pêcheries industrielles,5,LL,Longline,Palangre dérivante au-dessus de 1800 hameçons,Longline,Palangre,0,40,60,LOA,Length overall,10,PELAGIC
37,"OMN    ",OMAN,OMAN,2016,IND,Industrial Fishing,Pêcheries industrielles,5,LL,Longline,Palangre dérivante au-dessus de 1800 hameçons,Longline,Palangre,0,40,60,LOA,Length overall,1,PELAGIC
43,"SYC    ",SEYCHELLES,SEYCHELLES,2016,IND,Industrial Fishing,Pêcheries industrielles,5,LL,Longline,Palangre dérivante au-dessus de 1800 hameçons,Longline,Palangre,0,24,40,LOA,Length overall,16,PELAGIC
43,"SYC    ",SEYCHELLES,SEYCHELLES,2016,IND,Industrial Fishing,Pêcheries industrielles,5,LL,Longline,Palangre dérivante au-dessus de 1800 hameçons,Longline,Palangre,0,40,60,LOA,Length overall,31,PELAGIC
48,"TZA    ",TANZANIA,TANZANIE,2016,IND,Industrial Fishing,Pêcheries industrielles,5,LL,Longline,Palangre dérivante au-dessus de 1800 hameçons,Longline,Palangre,0,40,60,LOA,Length overall,3,PELAGIC
57,"NEIFR  ",NEI.FROZEN,NCA.CONGELÉ,2016,IND,Industrial Fishing,Pêcheries industrielles,5,LL,Longline,Palangre dérivante au-dessus de 1800 hameçons,Longline,Palangre,0,24,40,LOA,Length overall,4,PELAGIC
15,"EUREU  ",EU.FRANCE.REUNION,UE.FRANCE.RÉUNION,2016,ART,Artisanal Fishing,Pêcheries artisanales,6,LLCO,Coastal longline,Petite palangre,Line,Lignes,0,0,15,LOA,Length overall,22,PELAGIC
24,"IRN    ",IRAN ISLAMIC REP.,IRAN RÉP. ISLAMIQUE,2016,ART,Artisanal Fishing,Pêcheries artisanales,6,LLCO,Coastal longline,Petite palangre,Line,Lignes,0,101,NULL,GRT,Gross Registered Tonnage,14,PELAGIC
24,"IRN    ",IRAN ISLAMIC REP.,IRAN RÉP. ISLAMIQUE,2016,ART,Artisanal Fishing,Pêcheries artisanales,6,LLCO,Coastal longline,Petite palangre,Line,Lignes,0,0,2,GRT,Gross Registered Tonnage,300,PELAGIC
24,"IRN    ",IRAN ISLAMIC REP.,IRAN RÉP. ISLAMIQUE,2016,ART,Artisanal Fishing,Pêcheries artisanales,6,LLCO,Coastal longline,Petite palangre,Line,Lignes,0,21,50,GRT,Gross Registered Tonnage,80,PELAGIC
33,"MDV    ",MALDIVES,MALDIVES,2016,ART,Artisanal Fishing,Pêcheries artisanales,6,LLCO,Coastal longline,Petite palangre,Line,Lignes,0,10,15,LOA,Length overall,7,PELAGIC
33,"MDV    ",MALDIVES,MALDIVES,2016,ART,Artisanal Fishing,Pêcheries artisanales,6,LLCO,Coastal longline,Petite palangre,Line,Lignes,0,15,24,LOA,Length overall,32,PELAGIC
33,"MDV    ",MALDIVES,MALDIVES,2016,ART,Artisanal Fishing,Pêcheries artisanales,6,LLCO,Coastal longline,Petite palangre,Line,Lignes,0,24,40,LOA,Length overall,4,PELAGIC
46,"LKA    ",SRI LANKA,SRI LANKA,2016,ART,Artisanal Fishing,Pêcheries artisanales,6,LLCO,Coastal longline,Petite palangre,Line,Lignes,0,10,15,LOA,Length overall,1109,COASTAL
22,"IND    ",INDIA,INDE,2016,IND,Industrial Fishing,Pêcheries industrielles,5,LLEX,Exploratory longline,Palangre de prospection,Longline,Palangre,0,24,40,LOA,Length overall,4,PELAGIC
1,"AUS    ",AUSTRALIA,AUSTRALIE,2016,IND,Industrial Fishing,Pêcheries industrielles,1,PS,Purse seine,Senne tournante aux thons,Purse Seine,Senne tournante,0,24,40,LOA,Length overall,3,PELAGIC
1,"AUS    ",AUSTRALIA,AUSTRALIE,2016,IND,Industrial Fishing,Pêcheries industrielles,1,PS,Purse seine,Senne tournante aux thons,Purse Seine,Senne tournante,0,40,60,LOA,Length overall,4,PELAGIC
13,"EUFRA  ",EU.FRANCE,UE.FRANCE,2016,IND,Industrial Fishing,Pêcheries industrielles,1,PS,Purse seine,Senne tournante aux thons,Purse Seine,Senne tournante,0,60,80,LOA,Length overall,4,PELAGIC
13,"EUFRA  ",EU.FRANCE,UE.FRANCE,2016,IND,Industrial Fishing,Pêcheries industrielles,1,PS,Purse seine,Senne tournante aux thons,Purse Seine,Senne tournante,0,80,100,LOA,Length overall,8,PELAGIC
19,"EUESP  ",EU.SPAIN,UE.ESPAGNE,2016,IND,Industrial Fishing,Pêcheries industrielles,1,PS,Purse seine,Senne tournante aux thons,Purse Seine,Senne tournante,0,40,60,LOA,Length overall,2,PELAGIC
19,"EUESP  ",EU.SPAIN,UE.ESPAGNE,2016,IND,Industrial Fishing,Pêcheries industrielles,1,PS,Purse seine,Senne tournante aux thons,Purse Seine,Senne tournante,0,60,80,LOA,Length overall,2,PELAGIC
19,"EUESP  ",EU.SPAIN,UE.ESPAGNE,2016,IND,Industrial Fishing,Pêcheries industrielles,1,PS,Purse seine,Senne tournante aux thons,Purse Seine,Senne tournante,0,80,100,LOA,Length overall,7,PELAGIC
19,"EUESP  ",EU.SPAIN,UE.ESPAGNE,2016,IND,Industrial Fishing,Pêcheries industrielles,1,PS,Purse seine,Senne tournante aux thons,Purse Seine,Senne tournante,0,100,120,LOA,Length overall,7,PELAGIC
23,"IDN    ",INDONESIA,INDONÉSIE,2016,IND,Industrial Fishing,Pêcheries industrielles,1,PS,Purse seine,Senne tournante aux thons,Purse Seine,Senne tournante,0,15,24,LOA,Length overall,1,PELAGIC
23,"IDN    ",INDONESIA,INDONÉSIE,2016,IND,Industrial Fishing,Pêcheries industrielles,1,PS,Purse seine,Senne tournante aux thons,Purse Seine,Senne tournante,0,24,40,LOA,Length overall,10,PELAGIC
24,"IRN    ",IRAN ISLAMIC REP.,IRAN RÉP. ISLAMIQUE,2016,IND,Industrial Fishing,Pêcheries industrielles,1,PS,Purse seine,Senne tournante aux thons,Purse Seine,Senne tournante,0,40,60,LOA,Length overall,3,PELAGIC
24,"IRN    ",IRAN ISLAMIC REP.,IRAN RÉP. ISLAMIQUE,2016,IND,Industrial Fishing,Pêcheries industrielles,1,PS,Purse seine,Senne tournante aux thons,Purse Seine,Senne tournante,0,60,80,LOA,Length overall,3,PELAGIC
24,"IRN    ",IRAN ISLAMIC REP.,IRAN RÉP. ISLAMIQUE,2016,IND,Industrial Fishing,Pêcheries industrielles,1,PS,Purse seine,Senne tournante aux thons,Purse Seine,Senne tournante,0,80,100,LOA,Length overall,1,PELAGIC
26,"JPN    ",JAPAN,JAPON,2016,IND,Industrial Fishing,Pêcheries industrielles,1,PS,Purse seine,Senne tournante aux thons,Purse Seine,Senne tournante,0,60,80,LOA,Length overall,3,PELAGIC
29,"KOR    ",KOREA REP.,CORÉE RÉP.,2016,IND,Industrial Fishing,Pêcheries industrielles,1,PS,Purse seine,Senne tournante aux thons,Purse Seine,Senne tournante,0,60,80,LOA,Length overall,5,PELAGIC
34,"MUS    ",MAURITIUS,MAURICE,2016,IND,Industrial Fishing,Pêcheries industrielles,1,PS,Purse seine,Senne tournante aux thons,Purse Seine,Senne tournante,0,80,100,LOA,Length overall,2,PELAGIC
43,"SYC    ",SEYCHELLES,SEYCHELLES,2016,IND,Industrial Fishing,Pêcheries industrielles,1,PS,Purse seine,Senne tournante aux thons,Purse Seine,Senne tournante,0,60,80,LOA,Length overall,3,PELAGIC
43,"SYC    ",SEYCHELLES,SEYCHELLES,2016,IND,Industrial Fishing,Pêcheries industrielles,1,PS,Purse seine,Senne tournante aux thons,Purse Seine,Senne tournante,0,80,100,LOA,Length overall,8,PELAGIC
43,"SYC    ",SEYCHELLES,SEYCHELLES,2016,IND,Industrial Fishing,Pêcheries industrielles,1,PS,Purse seine,Senne tournante aux thons,Purse Seine,Senne tournante,0,100,120,LOA,Length overall,2,PELAGIC
49,"THA    ",THAILAND,THAÏLANDE,2016,IND,Industrial Fishing,Pêcheries industrielles,1,PS,Purse seine,Senne tournante aux thons,Purse Seine,Senne tournante,0,24,40,LOA,Length overall,1,PELAGIC
60,"EUITA  ",EU.ITALY,EU.ITALIE,2016,IND,Industrial Fishing,Pêcheries industrielles,1,PS,Purse seine,Senne tournante aux thons,Purse Seine,Senne tournante,0,60,80,LOA,Length overall,1,NULL
60,"EUITA  ",EU.ITALY,EU.ITALIE,2016,IND,Industrial Fishing,Pêcheries industrielles,1,PS,Purse seine,Senne tournante aux thons,Purse Seine,Senne tournante,0,60,80,LOA,Length overall,1,PELAGIC
32,"MYS    ",MALAYSIA,MALAISIE,2016,ART,Artisanal Fishing,Pêcheries artisanales,1,PSS,Small purse seine,Senneur côtier,Purse Seine,Senne tournante,0,10,70,GRT,Gross Registered Tonnage,305,COASTAL
49,"THA    ",THAILAND,THAÏLANDE,2016,ART,Artisanal Fishing,Pêcheries artisanales,1,PSS,Small purse seine,Senneur côtier,Purse Seine,Senne tournante,0,14,25,LOA,Length overall,329,"ALL    "
46,"LKA    ",SRI LANKA,SRI LANKA,2016,ART,Artisanal Fishing,Pêcheries artisanales,1,RIN,Ring net,Lampara,Purse Seine,Senne tournante,0,10,15,LOA,Length overall,870,COASTAL
1,"AUS    ",AUSTRALIA,AUSTRALIE,2016,ART,Artisanal Fishing,Pêcheries artisanales,3,RRBB,Rod and reel and pole and line,Pêche à la canne avec moulinet,Baitboat,Canne,1,15,24,LOA,Length overall,3,COASTAL
44,"ZAF    ",SOUTH AFRICA,AFRIQUE DU SUD,2016,ART,Artisanal Fishing,Pêcheries artisanales,6,SPOR,Sport fishing,Pêche sportive,Line,Lignes,0,15,24,LOA,Length overall,2,PELAGIC
29,"KOR    ",KOREA REP.,CORÉE RÉP.,2016,IND,Industrial Fishing,Pêcheries industrielles,1,SUPP,Supply vessel,Bateau auxiliaire,Purse Seine,Senne tournante,0,40,60,LOA,Length overall,1,PELAGIC
58,"NEIPS  ",NEI.OTHER,NCA.AUTRE,2016,IND,Industrial Fishing,Pêcheries industrielles,1,SUPP,Supply vessel,Bateau auxiliaire,Purse Seine,Senne tournante,0,24,40,LOA,Length overall,4,PELAGIC
58,"NEIPS  ",NEI.OTHER,NCA.AUTRE,2016,IND,Industrial Fishing,Pêcheries industrielles,1,SUPP,Supply vessel,Bateau auxiliaire,Purse Seine,Senne tournante,0,40,60,LOA,Length overall,5,PELAGIC
32,"MYS    ",MALAYSIA,MALAISIE,2016,ART,Artisanal Fishing,Pêcheries artisanales,9,TRAW,Trawl,Chaluts,Other,Autres,0,10,70,GRT,Gross Registered Tonnage,3072,COASTAL
49,"THA    ",THAILAND,THAÏLANDE,2016,ART,Artisanal Fishing,Pêcheries artisanales,9,TRAW,Trawl,Chaluts,Other,Autres,0,14,25,LOA,Length overall,735,COASTAL
1,"AUS    ",AUSTRALIA,AUSTRALIE,2016,ART,Artisanal Fishing,Pêcheries artisanales,6,TROL,Troll line,Ligne de traîne,Line,Lignes,0,4,20,LOA,Length overall,29,PELAGIC
24,"IRN    ",IRAN ISLAMIC REP.,IRAN RÉP. ISLAMIQUE,2016,ART,Artisanal Fishing,Pêcheries artisanales,6,TROL,Troll line,Ligne de traîne,Line,Lignes,0,0,2,GRT,Gross Registered Tonnage,2190,COASTAL
32,"MYS    ",MALAYSIA,MALAISIE,2016,ART,Artisanal Fishing,Pêcheries artisanales,6,TROL,Troll line,Ligne de traîne,Line,Lignes,0,1,10,GRT,Gross Registered Tonnage,1213,COASTAL
33,"MDV    ",MALDIVES,MALDIVES,2016,ART,Artisanal Fishing,Pêcheries artisanales,6,TROL,Troll line,Ligne de traîne,Line,Lignes,0,5,10,LOA,Length overall,9,PELAGIC
46,"LKA    ",SRI LANKA,SRI LANKA,2016,ART,Artisanal Fishing,Pêcheries artisanales,6,TROL,Troll line,Ligne de traîne,Line,Lignes,0,10,15,LOA,Length overall,19,COASTAL
46,"LKA    ",SRI LANKA,SRI LANKA,2016,ART,Artisanal Fishing,Pêcheries artisanales,9,UNCL,Unclassified,Non classé,Other,Autres,1,1,8,LOA,Length overall,44048,"ALL    "
46,"LKA    ",SRI LANKA,SRI LANKA,2016,ART,Artisanal Fishing,Pêcheries artisanales,9,UNCL,Unclassified,Non classé,Other,Autres,1,8,9,LOA,Length overall,2625,"ALL    "
1,"AUS    ",AUSTRALIA,AUSTRALIE,2017,IND,Industrial Fishing,Pêcheries industrielles,3,BB,Baitboat,Canne,Baitboat,Canne,0,15,24,LOA,Length overall,1,PELAGIC
33,"MDV    ",MALDIVES,MALDIVES,2017,ART,Artisanal Fishing,Pêcheries artisanales,3,BB,Baitboat,Canne,Baitboat,Canne,0,10,15,LOA,Length overall,356,PELAGIC
33,"MDV    ",MALDIVES,MALDIVES,2017,ART,Artisanal Fishing,Pêcheries artisanales,3,BB,Baitboat,Canne,Baitboat,Canne,0,24,40,LOA,Length overall,149,PELAGIC
46,"LKA    ",SRI LANKA,SRI LANKA,2017,ART,Artisanal Fishing,Pêcheries artisanales,1,BS,Beach seine,Senne de plage,Other,Autres,0,0,10,LOA,Length overall,732,COASTAL
1,"AUS    ",AUSTRALIA,AUSTRALIE,2017,ART,Artisanal Fishing,Pêcheries artisanales,0,DL,DL-Dropline (vertical handline),DL-Ligne à main vertical,Line,Lignes,0,15,24,LOA,Length overall,1,COASTAL
1,"AUS    ",AUSTRALIA,AUSTRALIE,2017,IND,Industrial Fishing,Pêcheries industrielles,5,ELL,Longline targeting swordfish,Palangre à espadon,Longline,Palangre,0,15,24,LOA,Length overall,7,PELAGIC
1,"AUS    ",AUSTRALIA,AUSTRALIE,2017,IND,Industrial Fishing,Pêcheries industrielles,5,ELL,Longline targeting swordfish,Palangre à espadon,Longline,Palangre,0,24,40,LOA,Length overall,2,PELAGIC
1,"AUS    ",AUSTRALIA,AUSTRALIE,2017,IND,Industrial Fishing,Pêcheries industrielles,5,ELL,Longline targeting swordfish,Palangre à espadon,Longline,Palangre,0,40,60,LOA,Length overall,2,PELAGIC
15,"EUREU  ",EU.FRANCE.REUNION,UE.FRANCE.RÉUNION,2017,IND,Industrial Fishing,Pêcheries industrielles,5,ELL,Longline targeting swordfish,Palangre à espadon,Longline,Palangre,0,15,24,LOA,Length overall,17,PELAGIC
18,"EUPRT  ",EU.PORTUGAL,UE.PORTUGAL,2017,IND,Industrial Fishing,Pêcheries industrielles,5,ELL,Longline targeting swordfish,Palangre à espadon,Longline,Palangre,0,24,40,LOA,Length overall,2,PELAGIC
18,"EUPRT  ",EU.PORTUGAL,UE.PORTUGAL,2017,IND,Industrial Fishing,Pêcheries industrielles,5,ELL,Longline targeting swordfish,Palangre à espadon,Longline,Palangre,0,40,60,LOA,Length overall,4,PELAGIC
19,"EUESP  ",EU.SPAIN,UE.ESPAGNE,2017,IND,Industrial Fishing,Pêcheries industrielles,5,ELL,Longline targeting swordfish,Palangre à espadon,Longline,Palangre,0,24,40,LOA,Length overall,10,PELAGIC
19,"EUESP  ",EU.SPAIN,UE.ESPAGNE,2017,IND,Industrial Fishing,Pêcheries industrielles,5,ELL,Longline targeting swordfish,Palangre à espadon,Longline,Palangre,0,40,60,LOA,Length overall,3,PELAGIC
20,GBR,UNITED KINGDOM,ROYAUME-UNI,2017,IND,Industrial Fishing,Pêcheries industrielles,5,ELL,Longline targeting swordfish,Palangre à espadon,Longline,Palangre,0,24,40,LOA,Length overall,1,PELAGIC
20,GBR,UNITED KINGDOM,ROYAUME-UNI,2017,IND,Industrial Fishing,Pêcheries industrielles,5,ELL,Longline targeting swordfish,Palangre à espadon,Longline,Palangre,0,40,60,LOA,Length overall,1,PELAGIC
31,"MDG    ",MADAGASCAR,MADAGASCAR,2017,IND,Industrial Fishing,Pêcheries industrielles,5,ELL,Longline targeting swordfish,Palangre à espadon,Longline,Palangre,0,0,15,LOA,Length overall,4,PELAGIC
31,"MDG    ",MADAGASCAR,MADAGASCAR,2017,IND,Industrial Fishing,Pêcheries industrielles,5,ELL,Longline targeting swordfish,Palangre à espadon,Longline,Palangre,0,15,24,LOA,Length overall,3,PELAGIC
34,"MUS    ",MAURITIUS,MAURICE,2017,IND,Industrial Fishing,Pêcheries industrielles,5,ELL,Longline targeting swordfish,Palangre à espadon,Longline,Palangre,0,0,15,LOA,Length overall,9,PELAGIC
35,"MOZ    ",MOZAMBIQUE,MOZAMBIQUE,2017,IND,Industrial Fishing,Pêcheries industrielles,5,ELL,Longline targeting swordfish,Palangre à espadon,Longline,Palangre,0,15,24,LOA,Length overall,2,PELAGIC
43,"SYC    ",SEYCHELLES,SEYCHELLES,2017,IND,Industrial Fishing,Pêcheries industrielles,5,ELL,Longline targeting swordfish,Palangre à espadon,Longline,Palangre,0,10,15,LOA,Length overall,11,PELAGIC
43,"SYC    ",SEYCHELLES,SEYCHELLES,2017,IND,Industrial Fishing,Pêcheries industrielles,5,ELL,Longline targeting swordfish,Palangre à espadon,Longline,Palangre,0,15,24,LOA,Length overall,20,PELAGIC
44,"ZAF    ",SOUTH AFRICA,AFRIQUE DU SUD,2017,IND,Industrial Fishing,Pêcheries industrielles,5,ELL,Longline targeting swordfish,Palangre à espadon,Longline,Palangre,0,15,24,LOA,Length overall,7,PELAGIC
44,"ZAF    ",SOUTH AFRICA,AFRIQUE DU SUD,2017,IND,Industrial Fishing,Pêcheries industrielles,5,ELL,Longline targeting swordfish,Palangre à espadon,Longline,Palangre,0,24,40,LOA,Length overall,7,PELAGIC
5,"CHN    ",CHINA,CHINE,2017,IND,Industrial Fishing,Pêcheries industrielles,5,FLL,Longline Fresh,Palangre Frais,Longline,Palangre,0,24,40,LOA,Length overall,6,PELAGIC
6,"TWN    ","TAIWAN,CHINA","TAIWAN,CHINE",2017,IND,Industrial Fishing,Pêcheries industrielles,5,FLL,Longline Fresh,Palangre Frais,Longline,Palangre,0,15,24,LOA,Length overall,72,PELAGIC
6,"TWN    ","TAIWAN,CHINA","TAIWAN,CHINE",2017,IND,Industrial Fishing,Pêcheries industrielles,5,FLL,Longline Fresh,Palangre Frais,Longline,Palangre,0,24,40,LOA,Length overall,105,PELAGIC
23,"IDN    ",INDONESIA,INDONÉSIE,2017,IND,Industrial Fishing,Pêcheries industrielles,5,FLL,Longline Fresh,Palangre Frais,Longline,Palangre,0,15,24,LOA,Length overall,97,PELAGIC
23,"IDN    ",INDONESIA,INDONÉSIE,2017,IND,Industrial Fishing,Pêcheries industrielles,5,FLL,Longline Fresh,Palangre Frais,Longline,Palangre,0,24,40,LOA,Length overall,46,PELAGIC
32,"MYS    ",MALAYSIA,MALAISIE,2017,IND,Industrial Fishing,Pêcheries industrielles,5,FLL,Longline Fresh,Palangre Frais,Longline,Palangre,0,24,40,LOA,Length overall,19,PELAGIC
33,"MDV    ",MALDIVES,MALDIVES,2017,IND,Industrial Fishing,Pêcheries industrielles,5,FLL,Longline Fresh,Palangre Frais,Longline,Palangre,0,40,60,LOA,Length overall,4,PELAGIC
34,"MUS    ",MAURITIUS,MAURICE,2017,IND,Industrial Fishing,Pêcheries industrielles,5,FLL,Longline Fresh,Palangre Frais,Longline,Palangre,0,15,24,LOA,Length overall,3,PELAGIC
37,"OMN    ",OMAN,OMAN,2017,IND,Industrial Fishing,Pêcheries industrielles,5,FLL,Longline Fresh,Palangre Frais,Longline,Palangre,0,15,24,LOA,Length overall,1,PELAGIC
46,"LKA    ",SRI LANKA,SRI LANKA,2017,IND,Industrial Fishing,Pêcheries industrielles,5,FLL,Longline Fresh,Palangre Frais,Longline,Palangre,0,15,24,LOA,Length overall,2,PELAGIC
46,"LKA    ",SRI LANKA,SRI LANKA,2017,ART,Artisanal Fishing,Pêcheries artisanales,4,G/L,Gillnet and Longline combination,Filet maillant et Palangre,Gillnet,Filet maillant,1,10,15,LOA,Length overall,1044,PELAGIC
46,"LKA    ",SRI LANKA,SRI LANKA,2017,ART,Artisanal Fishing,Pêcheries artisanales,4,G/L,Gillnet and Longline combination,Filet maillant et Palangre,Gillnet,Filet maillant,1,15,24,LOA,Length overall,688,PELAGIC
37,"OMN    ",OMAN,OMAN,2017,ART,Artisanal Fishing,Pêcheries artisanales,4,GIHA,Gillnet and hand line,Filet maillant et Ligne à main,Gillnet,Filet maillant,1,1,10,LOA,Length overall,22956,COASTAL
1,"AUS    ",AUSTRALIA,AUSTRALIE,2017,ART,Artisanal Fishing,Pêcheries artisanales,4,GILL,Gillnet,Filet maillant,Gillnet,Filet maillant,0,4,20,LOA,Length overall,8,COASTAL
24,"IRN    ",IRAN ISLAMIC REP.,IRAN RÉP. ISLAMIQUE,2017,ART,Artisanal Fishing,Pêcheries artisanales,4,GILL,Gillnet,Filet maillant,Gillnet,Filet maillant,0,101,NULL,GRT,Gross Registered Tonnage,326,"ALL    "
24,"IRN    ",IRAN ISLAMIC REP.,IRAN RÉP. ISLAMIQUE,2017,ART,Artisanal Fishing,Pêcheries artisanales,4,GILL,Gillnet,Filet maillant,Gillnet,Filet maillant,0,0,2,GRT,Gross Registered Tonnage,2758,"ALL    "
24,"IRN    ",IRAN ISLAMIC REP.,IRAN RÉP. ISLAMIQUE,2017,ART,Artisanal Fishing,Pêcheries artisanales,4,GILL,Gillnet,Filet maillant,Gillnet,Filet maillant,0,3,20,GRT,Gross Registered Tonnage,239,"ALL    "
24,"IRN    ",IRAN ISLAMIC REP.,IRAN RÉP. ISLAMIQUE,2017,ART,Artisanal Fishing,Pêcheries artisanales,4,GILL,Gillnet,Filet maillant,Gillnet,Filet maillant,0,21,50,GRT,Gross Registered Tonnage,318,"ALL    "
24,"IRN    ",IRAN ISLAMIC REP.,IRAN RÉP. ISLAMIQUE,2017,ART,Artisanal Fishing,Pêcheries artisanales,4,GILL,Gillnet,Filet maillant,Gillnet,Filet maillant,0,51,100,GRT,Gross Registered Tonnage,316,"ALL    "
32,"MYS    ",MALAYSIA,MALAISIE,2017,ART,Artisanal Fishing,Pêcheries artisanales,4,GILL,Gillnet,Filet maillant,Gillnet,Filet maillant,0,1,10,GRT,Gross Registered Tonnage,9003,COASTAL
37,"OMN    ",OMAN,OMAN,2017,ART,Artisanal Fishing,Pêcheries artisanales,4,GILL,Gillnet,Filet maillant,Gillnet,Filet maillant,0,10,24,LOA,Length overall,957,COASTAL
46,"LKA    ",SRI LANKA,SRI LANKA,2017,ART,Artisanal Fishing,Pêcheries artisanales,4,GILL,Gillnet,Filet maillant,Gillnet,Filet maillant,0,0,10,LOA,Length overall,1716,COASTAL
46,"LKA    ",SRI LANKA,SRI LANKA,2017,ART,Artisanal Fishing,Pêcheries artisanales,4,GILL,Gillnet,Filet maillant,Gillnet,Filet maillant,0,10,15,LOA,Length overall,69,COASTAL
1,"AUS    ",AUSTRALIA,AUSTRALIE,2017,ART,Artisanal Fishing,Pêcheries artisanales,6,HAND,Hand line,Ligne à main,Line,Lignes,0,4,20,LOA,Length overall,18,COASTAL
33,"MDV    ",MALDIVES,MALDIVES,2017,ART,Artisanal Fishing,Pêcheries artisanales,6,HAND,Hand line,Ligne à main,Line,Lignes,0,4,6,LOA,Length overall,5,PELAGIC
46,"LKA    ",SRI LANKA,SRI LANKA,2017,ART,Artisanal Fishing,Pêcheries artisanales,6,HAND,Hand line,Ligne à main,Line,Lignes,0,10,15,LOA,Length overall,337,COASTAL
50,"GBRT   ",UK.TERRITORIES,RU.TERRITOIRES,2017,ART,Artisanal Fishing,Pêcheries artisanales,6,HAND,Hand line,Ligne à main,Line,Lignes,0,6,10,LOA,Length overall,43,PELAGIC
50,"GBRT   ",UK.TERRITORIES,RU.TERRITOIRES,2017,ART,Artisanal Fishing,Pêcheries artisanales,6,HAND,Hand line,Ligne à main,Line,Lignes,0,10,25,LOA,Length overall,4,PELAGIC
14,"EUMYT  ",EU.FRANCE.MAYOTTE,UE.FRANCE.MAYOTTE,2017,ART,Artisanal Fishing,Pêcheries artisanales,6,HATR,Hand line and Troll line,Ligne à main et Ligne de traîne,Line,Lignes,1,0,15,LOA,Length overall,120,COASTAL
14,"EUMYT  ",EU.FRANCE.MAYOTTE,UE.FRANCE.MAYOTTE,2017,ART,Artisanal Fishing,Pêcheries artisanales,6,HATR,Hand line and Troll line,Ligne à main et Ligne de traîne,Line,Lignes,1,0,15,LOA,Length overall,120,PELAGIC
15,"EUREU  ",EU.FRANCE.REUNION,UE.FRANCE.RÉUNION,2017,ART,Artisanal Fishing,Pêcheries artisanales,6,HATR,Hand line and Troll line,Ligne à main et Ligne de traîne,Line,Lignes,1,5,14,LOA,Length overall,136,PELAGIC
5,"CHN    ",CHINA,CHINE,2017,IND,Industrial Fishing,Pêcheries industrielles,5,LL,Longline,Palangre dérivante au-dessus de 1800 hameçons,Longline,Palangre,0,24,40,LOA,Length overall,18,PELAGIC
5,"CHN    ",CHINA,CHINE,2017,IND,Industrial Fishing,Pêcheries industrielles,5,LL,Longline,Palangre dérivante au-dessus de 1800 hameçons,Longline,Palangre,0,40,60,LOA,Length overall,57,PELAGIC
6,"TWN    ","TAIWAN,CHINA","TAIWAN,CHINE",2017,IND,Industrial Fishing,Pêcheries industrielles,5,LL,Longline,Palangre dérivante au-dessus de 1800 hameçons,Longline,Palangre,0,24,40,LOA,Length overall,33,PELAGIC
6,"TWN    ","TAIWAN,CHINA","TAIWAN,CHINE",2017,IND,Industrial Fishing,Pêcheries industrielles,5,LL,Longline,Palangre dérivante au-dessus de 1800 hameçons,Longline,Palangre,0,40,60,LOA,Length overall,104,PELAGIC
23,"IDN    ",INDONESIA,INDONÉSIE,2017,IND,Industrial Fishing,Pêcheries industrielles,5,LL,Longline,Palangre dérivante au-dessus de 1800 hameçons,Longline,Palangre,0,24,40,LOA,Length overall,69,PELAGIC
23,"IDN    ",INDONESIA,INDONÉSIE,2017,IND,Industrial Fishing,Pêcheries industrielles,5,LL,Longline,Palangre dérivante au-dessus de 1800 hameçons,Longline,Palangre,0,40,60,LOA,Length overall,3,PELAGIC
26,"JPN    ",JAPAN,JAPON,2017,IND,Industrial Fishing,Pêcheries industrielles,5,LL,Longline,Palangre dérivante au-dessus de 1800 hameçons,Longline,Palangre,0,40,60,LOA,Length overall,41,PELAGIC
29,"KOR    ",KOREA REP.,CORÉE RÉP.,2017,IND,Industrial Fishing,Pêcheries industrielles,5,LL,Longline,Palangre dérivante au-dessus de 1800 hameçons,Longline,Palangre,0,24,40,LOA,Length overall,3,PELAGIC
29,"KOR    ",KOREA REP.,CORÉE RÉP.,2017,IND,Industrial Fishing,Pêcheries industrielles,5,LL,Longline,Palangre dérivante au-dessus de 1800 hameçons,Longline,Palangre,0,40,60,LOA,Length overall,10,PELAGIC
37,"OMN    ",OMAN,OMAN,2017,IND,Industrial Fishing,Pêcheries industrielles,5,LL,Longline,Palangre dérivante au-dessus de 1800 hameçons,Longline,Palangre,0,40,60,LOA,Length overall,1,PELAGIC
43,"SYC    ",SEYCHELLES,SEYCHELLES,2017,IND,Industrial Fishing,Pêcheries industrielles,5,LL,Longline,Palangre dérivante au-dessus de 1800 hameçons,Longline,Palangre,0,24,40,LOA,Length overall,18,PELAGIC
43,"SYC    ",SEYCHELLES,SEYCHELLES,2017,IND,Industrial Fishing,Pêcheries industrielles,5,LL,Longline,Palangre dérivante au-dessus de 1800 hameçons,Longline,Palangre,0,40,60,LOA,Length overall,34,PELAGIC
15,"EUREU  ",EU.FRANCE.REUNION,UE.FRANCE.RÉUNION,2017,ART,Artisanal Fishing,Pêcheries artisanales,6,LLCO,Coastal longline,Petite palangre,Line,Lignes,0,0,15,LOA,Length overall,24,PELAGIC
24,"IRN    ",IRAN ISLAMIC REP.,IRAN RÉP. ISLAMIQUE,2017,ART,Artisanal Fishing,Pêcheries artisanales,6,LLCO,Coastal longline,Petite palangre,Line,Lignes,0,101,NULL,GRT,Gross Registered Tonnage,14,PELAGIC
24,"IRN    ",IRAN ISLAMIC REP.,IRAN RÉP. ISLAMIQUE,2017,ART,Artisanal Fishing,Pêcheries artisanales,6,LLCO,Coastal longline,Petite palangre,Line,Lignes,0,0,2,GRT,Gross Registered Tonnage,324,PELAGIC
24,"IRN    ",IRAN ISLAMIC REP.,IRAN RÉP. ISLAMIQUE,2017,ART,Artisanal Fishing,Pêcheries artisanales,6,LLCO,Coastal longline,Petite palangre,Line,Lignes,0,21,50,GRT,Gross Registered Tonnage,165,PELAGIC
33,"MDV    ",MALDIVES,MALDIVES,2017,ART,Artisanal Fishing,Pêcheries artisanales,6,LLCO,Coastal longline,Petite palangre,Line,Lignes,0,10,15,LOA,Length overall,4,PELAGIC
33,"MDV    ",MALDIVES,MALDIVES,2017,ART,Artisanal Fishing,Pêcheries artisanales,6,LLCO,Coastal longline,Petite palangre,Line,Lignes,0,15,24,LOA,Length overall,33,PELAGIC
33,"MDV    ",MALDIVES,MALDIVES,2017,ART,Artisanal Fishing,Pêcheries artisanales,6,LLCO,Coastal longline,Petite palangre,Line,Lignes,0,24,40,LOA,Length overall,3,PELAGIC
46,"LKA    ",SRI LANKA,SRI LANKA,2017,ART,Artisanal Fishing,Pêcheries artisanales,6,LLCO,Coastal longline,Petite palangre,Line,Lignes,0,0,10,LOA,Length overall,854,COASTAL
46,"LKA    ",SRI LANKA,SRI LANKA,2017,ART,Artisanal Fishing,Pêcheries artisanales,6,LLCO,Coastal longline,Petite palangre,Line,Lignes,0,10,15,LOA,Length overall,598,COASTAL
46,"LKA    ",SRI LANKA,SRI LANKA,2017,ART,Artisanal Fishing,Pêcheries artisanales,6,LLCO,Coastal longline,Petite palangre,Line,Lignes,0,15,24,LOA,Length overall,15,COASTAL
22,"IND    ",INDIA,INDE,2017,IND,Industrial Fishing,Pêcheries industrielles,5,LLEX,Exploratory longline,Palangre de prospection,Longline,Palangre,0,24,40,LOA,Length overall,4,PELAGIC
1,"AUS    ",AUSTRALIA,AUSTRALIE,2017,IND,Industrial Fishing,Pêcheries industrielles,1,PS,Purse seine,Senne tournante aux thons,Purse Seine,Senne tournante,0,24,40,LOA,Length overall,3,PELAGIC
1,"AUS    ",AUSTRALIA,AUSTRALIE,2017,IND,Industrial Fishing,Pêcheries industrielles,1,PS,Purse seine,Senne tournante aux thons,Purse Seine,Senne tournante,0,40,60,LOA,Length overall,3,PELAGIC
13,"EUFRA  ",EU.FRANCE,UE.FRANCE,2017,IND,Industrial Fishing,Pêcheries industrielles,1,PS,Purse seine,Senne tournante aux thons,Purse Seine,Senne tournante,0,60,80,LOA,Length overall,4,PELAGIC
13,"EUFRA  ",EU.FRANCE,UE.FRANCE,2017,IND,Industrial Fishing,Pêcheries industrielles,1,PS,Purse seine,Senne tournante aux thons,Purse Seine,Senne tournante,0,80,100,LOA,Length overall,8,PELAGIC
19,"EUESP  ",EU.SPAIN,UE.ESPAGNE,2017,IND,Industrial Fishing,Pêcheries industrielles,1,PS,Purse seine,Senne tournante aux thons,Purse Seine,Senne tournante,0,80,100,LOA,Length overall,7,PELAGIC
19,"EUESP  ",EU.SPAIN,UE.ESPAGNE,2017,IND,Industrial Fishing,Pêcheries industrielles,1,PS,Purse seine,Senne tournante aux thons,Purse Seine,Senne tournante,0,100,120,LOA,Length overall,7,PELAGIC
23,"IDN    ",INDONESIA,INDONÉSIE,2017,IND,Industrial Fishing,Pêcheries industrielles,1,PS,Purse seine,Senne tournante aux thons,Purse Seine,Senne tournante,0,24,40,LOA,Length overall,30,PELAGIC
23,"IDN    ",INDONESIA,INDONÉSIE,2017,IND,Industrial Fishing,Pêcheries industrielles,1,PS,Purse seine,Senne tournante aux thons,Purse Seine,Senne tournante,0,40,60,LOA,Length overall,1,PELAGIC
24,"IRN    ",IRAN ISLAMIC REP.,IRAN RÉP. ISLAMIQUE,2017,IND,Industrial Fishing,Pêcheries industrielles,1,PS,Purse seine,Senne tournante aux thons,Purse Seine,Senne tournante,0,40,60,LOA,Length overall,3,PELAGIC
24,"IRN    ",IRAN ISLAMIC REP.,IRAN RÉP. ISLAMIQUE,2017,IND,Industrial Fishing,Pêcheries industrielles,1,PS,Purse seine,Senne tournante aux thons,Purse Seine,Senne tournante,0,60,80,LOA,Length overall,3,PELAGIC
24,"IRN    ",IRAN ISLAMIC REP.,IRAN RÉP. ISLAMIQUE,2017,IND,Industrial Fishing,Pêcheries industrielles,1,PS,Purse seine,Senne tournante aux thons,Purse Seine,Senne tournante,0,80,100,LOA,Length overall,1,PELAGIC
26,"JPN    ",JAPAN,JAPON,2017,IND,Industrial Fishing,Pêcheries industrielles,1,PS,Purse seine,Senne tournante aux thons,Purse Seine,Senne tournante,0,60,80,LOA,Length overall,3,PELAGIC
29,"KOR    ",KOREA REP.,CORÉE RÉP.,2017,IND,Industrial Fishing,Pêcheries industrielles,1,PS,Purse seine,Senne tournante aux thons,Purse Seine,Senne tournante,0,60,80,LOA,Length overall,3,PELAGIC
34,"MUS    ",MAURITIUS,MAURICE,2017,IND,Industrial Fishing,Pêcheries industrielles,1,PS,Purse seine,Senne tournante aux thons,Purse Seine,Senne tournante,0,80,100,LOA,Length overall,3,PELAGIC
39,"PHL    ",PHILIPPINES,PHILIPPINES,2017,IND,Industrial Fishing,Pêcheries industrielles,1,PS,Purse seine,Senne tournante aux thons,Purse Seine,Senne tournante,0,60,80,LOA,Length overall,1,PELAGIC
43,"SYC    ",SEYCHELLES,SEYCHELLES,2017,IND,Industrial Fishing,Pêcheries industrielles,1,PS,Purse seine,Senne tournante aux thons,Purse Seine,Senne tournante,0,60,80,LOA,Length overall,3,PELAGIC
43,"SYC    ",SEYCHELLES,SEYCHELLES,2017,IND,Industrial Fishing,Pêcheries industrielles,1,PS,Purse seine,Senne tournante aux thons,Purse Seine,Senne tournante,0,80,100,LOA,Length overall,8,PELAGIC
43,"SYC    ",SEYCHELLES,SEYCHELLES,2017,IND,Industrial Fishing,Pêcheries industrielles,1,PS,Purse seine,Senne tournante aux thons,Purse Seine,Senne tournante,0,100,120,LOA,Length overall,2,PELAGIC
49,"THA    ",THAILAND,THAÏLANDE,2017,IND,Industrial Fishing,Pêcheries industrielles,1,PS,Purse seine,Senne tournante aux thons,Purse Seine,Senne tournante,0,24,40,LOA,Length overall,1,PELAGIC
60,"EUITA  ",EU.ITALY,EU.ITALIE,2017,IND,Industrial Fishing,Pêcheries industrielles,1,PS,Purse seine,Senne tournante aux thons,Purse Seine,Senne tournante,0,60,80,LOA,Length overall,1,NULL
60,"EUITA  ",EU.ITALY,EU.ITALIE,2017,IND,Industrial Fishing,Pêcheries industrielles,1,PS,Purse seine,Senne tournante aux thons,Purse Seine,Senne tournante,0,60,80,LOA,Length overall,1,PELAGIC
32,"MYS    ",MALAYSIA,MALAISIE,2017,ART,Artisanal Fishing,Pêcheries artisanales,1,PSS,Small purse seine,Senneur côtier,Purse Seine,Senne tournante,0,10,70,GRT,Gross Registered Tonnage,330,COASTAL
49,"THA    ",THAILAND,THAÏLANDE,2017,ART,Artisanal Fishing,Pêcheries artisanales,1,PSS,Small purse seine,Senneur côtier,Purse Seine,Senne tournante,0,14,25,LOA,Length overall,286,"ALL    "
46,"LKA    ",SRI LANKA,SRI LANKA,2017,ART,Artisanal Fishing,Pêcheries artisanales,1,RIN,Ring net,Lampara,Purse Seine,Senne tournante,0,0,10,LOA,Length overall,10,COASTAL
46,"LKA    ",SRI LANKA,SRI LANKA,2017,ART,Artisanal Fishing,Pêcheries artisanales,1,RIN,Ring net,Lampara,Purse Seine,Senne tournante,0,10,15,LOA,Length overall,933,COASTAL
44,"ZAF    ",SOUTH AFRICA,AFRIQUE DU SUD,2017,ART,Artisanal Fishing,Pêcheries artisanales,6,SPOR,Sport fishing,Pêche sportive,Line,Lignes,0,15,24,LOA,Length overall,3,PELAGIC
13,"EUFRA  ",EU.FRANCE,UE.FRANCE,2017,IND,Industrial Fishing,Pêcheries industrielles,1,SUPP,Supply vessel,Bateau auxiliaire,Purse Seine,Senne tournante,0,24,40,LOA,Length overall,1,PELAGIC
29,"KOR    ",KOREA REP.,CORÉE RÉP.,2017,IND,Industrial Fishing,Pêcheries industrielles,1,SUPP,Supply vessel,Bateau auxiliaire,Purse Seine,Senne tournante,0,40,60,LOA,Length overall,1,PELAGIC
43,"SYC    ",SEYCHELLES,SEYCHELLES,2017,IND,Industrial Fishing,Pêcheries industrielles,1,SUPP,Supply vessel,Bateau auxiliaire,Purse Seine,Senne tournante,0,24,40,LOA,Length overall,5,PELAGIC
43,"SYC    ",SEYCHELLES,SEYCHELLES,2017,IND,Industrial Fishing,Pêcheries industrielles,1,SUPP,Supply vessel,Bateau auxiliaire,Purse Seine,Senne tournante,0,40,60,LOA,Length overall,3,PELAGIC
58,"NEIPS  ",NEI.OTHER,NCA.AUTRE,2017,IND,Industrial Fishing,Pêcheries industrielles,1,SUPP,Supply vessel,Bateau auxiliaire,Purse Seine,Senne tournante,0,24,40,LOA,Length overall,4,PELAGIC
58,"NEIPS  ",NEI.OTHER,NCA.AUTRE,2017,IND,Industrial Fishing,Pêcheries industrielles,1,SUPP,Supply vessel,Bateau auxiliaire,Purse Seine,Senne tournante,0,40,60,LOA,Length overall,6,PELAGIC
1,"AUS    ",AUSTRALIA,AUSTRALIE,2017,IND,Industrial Fishing,Pêcheries industrielles,9,TRAW,Trawl,Chaluts,Other,Autres,0,4,20,LOA,Length overall,2,COASTAL
32,"MYS    ",MALAYSIA,MALAISIE,2017,ART,Artisanal Fishing,Pêcheries artisanales,9,TRAW,Trawl,Chaluts,Other,Autres,0,10,70,GRT,Gross Registered Tonnage,3072,COASTAL
49,"THA    ",THAILAND,THAÏLANDE,2017,ART,Artisanal Fishing,Pêcheries artisanales,9,TRAW,Trawl,Chaluts,Other,Autres,0,14,25,LOA,Length overall,707,COASTAL
1,"AUS    ",AUSTRALIA,AUSTRALIE,2017,ART,Artisanal Fishing,Pêcheries artisanales,6,TROL,Troll line,Ligne de traîne,Line,Lignes,0,4,20,LOA,Length overall,23,PELAGIC
24,"IRN    ",IRAN ISLAMIC REP.,IRAN RÉP. ISLAMIQUE,2017,ART,Artisanal Fishing,Pêcheries artisanales,6,TROL,Troll line,Ligne de traîne,Line,Lignes,0,0,2,GRT,Gross Registered Tonnage,1820,COASTAL
32,"MYS    ",MALAYSIA,MALAISIE,2017,ART,Artisanal Fishing,Pêcheries artisanales,6,TROL,Troll line,Ligne de traîne,Line,Lignes,0,1,10,GRT,Gross Registered Tonnage,100,COASTAL
33,"MDV    ",MALDIVES,MALDIVES,2017,ART,Artisanal Fishing,Pêcheries artisanales,6,TROL,Troll line,Ligne de traîne,Line,Lignes,0,5,10,LOA,Length overall,9,PELAGIC
46,"LKA    ",SRI LANKA,SRI LANKA,2017,ART,Artisanal Fishing,Pêcheries artisanales,6,TROL,Troll line,Ligne de traîne,Line,Lignes,0,10,15,LOA,Length overall,24,COASTAL
46,"LKA    ",SRI LANKA,SRI LANKA,2017,ART,Artisanal Fishing,Pêcheries artisanales,9,UNCL,Unclassified,Non classé,Other,Autres,1,1,8,LOA,Length overall,39641,"ALL    "
46,"LKA    ",SRI LANKA,SRI LANKA,2017,ART,Artisanal Fishing,Pêcheries artisanales,9,UNCL,Unclassified,Non classé,Other,Autres,1,8,9,LOA,Length overall,3053,"ALL    "
1,"AUS    ",AUSTRALIA,AUSTRALIE,2018,IND,Industrial Fishing,Pêcheries industrielles,3,BB,Baitboat,Canne,Baitboat,Canne,0,24,40,LOA,Length overall,2,PELAGIC
33,"MDV    ",MALDIVES,MALDIVES,2018,ART,Artisanal Fishing,Pêcheries artisanales,3,BB,Baitboat,Canne,Baitboat,Canne,0,10,15,LOA,Length overall,358,PELAGIC
33,"MDV    ",MALDIVES,MALDIVES,2018,ART,Artisanal Fishing,Pêcheries artisanales,3,BB,Baitboat,Canne,Baitboat,Canne,0,24,40,LOA,Length overall,147,PELAGIC
46,"LKA    ",SRI LANKA,SRI LANKA,2018,ART,Artisanal Fishing,Pêcheries artisanales,1,BS,Beach seine,Senne de plage,Other,Autres,0,0,10,LOA,Length overall,860,COASTAL
1,"AUS    ",AUSTRALIA,AUSTRALIE,2018,IND,Industrial Fishing,Pêcheries industrielles,5,ELL,Longline targeting swordfish,Palangre à espadon,Longline,Palangre,0,15,24,LOA,Length overall,1,PELAGIC
1,"AUS    ",AUSTRALIA,AUSTRALIE,2018,IND,Industrial Fishing,Pêcheries industrielles,5,ELL,Longline targeting swordfish,Palangre à espadon,Longline,Palangre,0,24,40,LOA,Length overall,2,PELAGIC
1,"AUS    ",AUSTRALIA,AUSTRALIE,2018,IND,Industrial Fishing,Pêcheries industrielles,5,ELL,Longline targeting swordfish,Palangre à espadon,Longline,Palangre,0,40,60,LOA,Length overall,2,PELAGIC
14,"EUMYT  ",EU.FRANCE.MAYOTTE,UE.FRANCE.MAYOTTE,2018,IND,Industrial Fishing,Pêcheries industrielles,5,ELL,Longline targeting swordfish,Palangre à espadon,Longline,Palangre,0,0,15,LOA,Length overall,4,PELAGIC
15,"EUREU  ",EU.FRANCE.REUNION,UE.FRANCE.RÉUNION,2018,IND,Industrial Fishing,Pêcheries industrielles,5,ELL,Longline targeting swordfish,Palangre à espadon,Longline,Palangre,0,15,24,LOA,Length overall,19,PELAGIC
18,"EUPRT  ",EU.PORTUGAL,UE.PORTUGAL,2018,IND,Industrial Fishing,Pêcheries industrielles,5,ELL,Longline targeting swordfish,Palangre à espadon,Longline,Palangre,0,24,40,LOA,Length overall,2,PELAGIC
18,"EUPRT  ",EU.PORTUGAL,UE.PORTUGAL,2018,IND,Industrial Fishing,Pêcheries industrielles,5,ELL,Longline targeting swordfish,Palangre à espadon,Longline,Palangre,0,40,60,LOA,Length overall,1,PELAGIC
19,"EUESP  ",EU.SPAIN,UE.ESPAGNE,2018,IND,Industrial Fishing,Pêcheries industrielles,5,ELL,Longline targeting swordfish,Palangre à espadon,Longline,Palangre,0,24,40,LOA,Length overall,11,PELAGIC
19,"EUESP  ",EU.SPAIN,UE.ESPAGNE,2018,IND,Industrial Fishing,Pêcheries industrielles,5,ELL,Longline targeting swordfish,Palangre à espadon,Longline,Palangre,0,40,60,LOA,Length overall,3,PELAGIC
20,GBR,UNITED KINGDOM,ROYAUME-UNI,2018,IND,Industrial Fishing,Pêcheries industrielles,5,ELL,Longline targeting swordfish,Palangre à espadon,Longline,Palangre,0,24,40,LOA,Length overall,1,PELAGIC
20,GBR,UNITED KINGDOM,ROYAUME-UNI,2018,IND,Industrial Fishing,Pêcheries industrielles,5,ELL,Longline targeting swordfish,Palangre à espadon,Longline,Palangre,0,40,60,LOA,Length overall,1,PELAGIC
28,"KEN    ",KENYA,KENYA,2018,IND,Industrial Fishing,Pêcheries industrielles,5,ELL,Longline targeting swordfish,Palangre à espadon,Longline,Palangre,0,24,40,LOA,Length overall,2,PELAGIC
28,"KEN    ",KENYA,KENYA,2018,IND,Industrial Fishing,Pêcheries industrielles,5,ELL,Longline targeting swordfish,Palangre à espadon,Longline,Palangre,0,40,60,LOA,Length overall,1,PELAGIC
31,"MDG    ",MADAGASCAR,MADAGASCAR,2018,IND,Industrial Fishing,Pêcheries industrielles,5,ELL,Longline targeting swordfish,Palangre à espadon,Longline,Palangre,0,0,15,LOA,Length overall,3,PELAGIC
31,"MDG    ",MADAGASCAR,MADAGASCAR,2018,IND,Industrial Fishing,Pêcheries industrielles,5,ELL,Longline targeting swordfish,Palangre à espadon,Longline,Palangre,0,15,24,LOA,Length overall,2,PELAGIC
34,"MUS    ",MAURITIUS,MAURICE,2018,IND,Industrial Fishing,Pêcheries industrielles,5,ELL,Longline targeting swordfish,Palangre à espadon,Longline,Palangre,0,0,15,LOA,Length overall,5,PELAGIC
35,"MOZ    ",MOZAMBIQUE,MOZAMBIQUE,2018,IND,Industrial Fishing,Pêcheries industrielles,5,ELL,Longline targeting swordfish,Palangre à espadon,Longline,Palangre,0,15,24,LOA,Length overall,2,PELAGIC
43,"SYC    ",SEYCHELLES,SEYCHELLES,2018,IND,Industrial Fishing,Pêcheries industrielles,5,ELL,Longline targeting swordfish,Palangre à espadon,Longline,Palangre,0,10,15,LOA,Length overall,5,PELAGIC
43,"SYC    ",SEYCHELLES,SEYCHELLES,2018,IND,Industrial Fishing,Pêcheries industrielles,5,ELL,Longline targeting swordfish,Palangre à espadon,Longline,Palangre,0,15,24,LOA,Length overall,11,PELAGIC
44,"ZAF    ",SOUTH AFRICA,AFRIQUE DU SUD,2018,IND,Industrial Fishing,Pêcheries industrielles,5,ELL,Longline targeting swordfish,Palangre à espadon,Longline,Palangre,0,15,24,LOA,Length overall,8,PELAGIC
44,"ZAF    ",SOUTH AFRICA,AFRIQUE DU SUD,2018,IND,Industrial Fishing,Pêcheries industrielles,5,ELL,Longline targeting swordfish,Palangre à espadon,Longline,Palangre,0,24,40,LOA,Length overall,12,PELAGIC
5,"CHN    ",CHINA,CHINE,2018,IND,Industrial Fishing,Pêcheries industrielles,5,FLL,Longline Fresh,Palangre Frais,Longline,Palangre,0,24,40,LOA,Length overall,6,PELAGIC
6,"TWN    ","TAIWAN,CHINA","TAIWAN,CHINE",2018,IND,Industrial Fishing,Pêcheries industrielles,5,FLL,Longline Fresh,Palangre Frais,Longline,Palangre,0,15,24,LOA,Length overall,51,PELAGIC
6,"TWN    ","TAIWAN,CHINA","TAIWAN,CHINE",2018,IND,Industrial Fishing,Pêcheries industrielles,5,FLL,Longline Fresh,Palangre Frais,Longline,Palangre,0,24,40,LOA,Length overall,102,PELAGIC
23,"IDN    ",INDONESIA,INDONÉSIE,2018,IND,Industrial Fishing,Pêcheries industrielles,5,FLL,Longline Fresh,Palangre Frais,Longline,Palangre,0,15,24,LOA,Length overall,117,PELAGIC
23,"IDN    ",INDONESIA,INDONÉSIE,2018,IND,Industrial Fishing,Pêcheries industrielles,5,FLL,Longline Fresh,Palangre Frais,Longline,Palangre,0,24,40,LOA,Length overall,141,PELAGIC
32,"MYS    ",MALAYSIA,MALAISIE,2018,IND,Industrial Fishing,Pêcheries industrielles,5,FLL,Longline Fresh,Palangre Frais,Longline,Palangre,0,24,40,LOA,Length overall,19,PELAGIC
33,"MDV    ",MALDIVES,MALDIVES,2018,IND,Industrial Fishing,Pêcheries industrielles,5,FLL,Longline Fresh,Palangre Frais,Longline,Palangre,0,24,40,LOA,Length overall,3,PELAGIC
34,"MUS    ",MAURITIUS,MAURICE,2018,IND,Industrial Fishing,Pêcheries industrielles,5,FLL,Longline Fresh,Palangre Frais,Longline,Palangre,0,15,24,LOA,Length overall,8,PELAGIC
37,"OMN    ",OMAN,OMAN,2018,IND,Industrial Fishing,Pêcheries industrielles,5,FLL,Longline Fresh,Palangre Frais,Longline,Palangre,0,15,24,LOA,Length overall,1,PELAGIC
46,"LKA    ",SRI LANKA,SRI LANKA,2018,IND,Industrial Fishing,Pêcheries industrielles,5,FLL,Longline Fresh,Palangre Frais,Longline,Palangre,0,24,40,LOA,Length overall,20,PELAGIC
46,"LKA    ",SRI LANKA,SRI LANKA,2018,ART,Artisanal Fishing,Pêcheries artisanales,4,G/L,Gillnet and Longline combination,Filet maillant et Palangre,Gillnet,Filet maillant,1,10,15,LOA,Length overall,755,PELAGIC
46,"LKA    ",SRI LANKA,SRI LANKA,2018,ART,Artisanal Fishing,Pêcheries artisanales,4,G/L,Gillnet and Longline combination,Filet maillant et Palangre,Gillnet,Filet maillant,1,15,24,LOA,Length overall,527,PELAGIC
37,"OMN    ",OMAN,OMAN,2018,ART,Artisanal Fishing,Pêcheries artisanales,4,GIHA,Gillnet and hand line,Filet maillant et Ligne à main,Gillnet,Filet maillant,1,1,10,LOA,Length overall,23726,COASTAL
1,"AUS    ",AUSTRALIA,AUSTRALIE,2018,ART,Artisanal Fishing,Pêcheries artisanales,4,GILL,Gillnet,Filet maillant,Gillnet,Filet maillant,0,4,20,LOA,Length overall,7,COASTAL
24,"IRN    ",IRAN ISLAMIC REP.,IRAN RÉP. ISLAMIQUE,2018,ART,Artisanal Fishing,Pêcheries artisanales,4,GILL,Gillnet,Filet maillant,Gillnet,Filet maillant,0,101,NULL,GRT,Gross Registered Tonnage,377,"ALL    "
24,"IRN    ",IRAN ISLAMIC REP.,IRAN RÉP. ISLAMIQUE,2018,ART,Artisanal Fishing,Pêcheries artisanales,4,GILL,Gillnet,Filet maillant,Gillnet,Filet maillant,0,0,2,GRT,Gross Registered Tonnage,3168,"ALL    "
24,"IRN    ",IRAN ISLAMIC REP.,IRAN RÉP. ISLAMIQUE,2018,ART,Artisanal Fishing,Pêcheries artisanales,4,GILL,Gillnet,Filet maillant,Gillnet,Filet maillant,0,3,20,GRT,Gross Registered Tonnage,226,"ALL    "
24,"IRN    ",IRAN ISLAMIC REP.,IRAN RÉP. ISLAMIQUE,2018,ART,Artisanal Fishing,Pêcheries artisanales,4,GILL,Gillnet,Filet maillant,Gillnet,Filet maillant,0,21,50,GRT,Gross Registered Tonnage,271,"ALL    "
24,"IRN    ",IRAN ISLAMIC REP.,IRAN RÉP. ISLAMIQUE,2018,ART,Artisanal Fishing,Pêcheries artisanales,4,GILL,Gillnet,Filet maillant,Gillnet,Filet maillant,0,51,100,GRT,Gross Registered Tonnage,297,"ALL    "
32,"MYS    ",MALAYSIA,MALAISIE,2018,ART,Artisanal Fishing,Pêcheries artisanales,4,GILL,Gillnet,Filet maillant,Gillnet,Filet maillant,0,1,10,GRT,Gross Registered Tonnage,9000,COASTAL
37,"OMN    ",OMAN,OMAN,2018,ART,Artisanal Fishing,Pêcheries artisanales,4,GILL,Gillnet,Filet maillant,Gillnet,Filet maillant,0,10,24,LOA,Length overall,688,COASTAL
46,"LKA    ",SRI LANKA,SRI LANKA,2018,ART,Artisanal Fishing,Pêcheries artisanales,4,GILL,Gillnet,Filet maillant,Gillnet,Filet maillant,0,0,10,LOA,Length overall,1603,COASTAL
46,"LKA    ",SRI LANKA,SRI LANKA,2018,ART,Artisanal Fishing,Pêcheries artisanales,4,GILL,Gillnet,Filet maillant,Gillnet,Filet maillant,0,10,15,LOA,Length overall,471,COASTAL
1,"AUS    ",AUSTRALIA,AUSTRALIE,2018,ART,Artisanal Fishing,Pêcheries artisanales,6,HAND,Hand line,Ligne à main,Line,Lignes,0,4,20,LOA,Length overall,14,COASTAL
33,"MDV    ",MALDIVES,MALDIVES,2018,ART,Artisanal Fishing,Pêcheries artisanales,6,HAND,Hand line,Ligne à main,Line,Lignes,0,4,6,LOA,Length overall,5,PELAGIC
46,"LKA    ",SRI LANKA,SRI LANKA,2018,ART,Artisanal Fishing,Pêcheries artisanales,6,HAND,Hand line,Ligne à main,Line,Lignes,0,0,10,LOA,Length overall,274,COASTAL
46,"LKA    ",SRI LANKA,SRI LANKA,2018,ART,Artisanal Fishing,Pêcheries artisanales,6,HAND,Hand line,Ligne à main,Line,Lignes,0,10,15,LOA,Length overall,177,COASTAL
50,"GBRT   ",UK.TERRITORIES,RU.TERRITOIRES,2018,ART,Artisanal Fishing,Pêcheries artisanales,6,HAND,Hand line,Ligne à main,Line,Lignes,0,6,10,LOA,Length overall,43,PELAGIC
50,"GBRT   ",UK.TERRITORIES,RU.TERRITOIRES,2018,ART,Artisanal Fishing,Pêcheries artisanales,6,HAND,Hand line,Ligne à main,Line,Lignes,0,10,25,LOA,Length overall,4,PELAGIC
14,"EUMYT  ",EU.FRANCE.MAYOTTE,UE.FRANCE.MAYOTTE,2018,ART,Artisanal Fishing,Pêcheries artisanales,6,HATR,Hand line and Troll line,Ligne à main et Ligne de traîne,Line,Lignes,1,0,15,LOA,Length overall,112,COASTAL
14,"EUMYT  ",EU.FRANCE.MAYOTTE,UE.FRANCE.MAYOTTE,2018,ART,Artisanal Fishing,Pêcheries artisanales,6,HATR,Hand line and Troll line,Ligne à main et Ligne de traîne,Line,Lignes,1,0,15,LOA,Length overall,112,PELAGIC
15,"EUREU  ",EU.FRANCE.REUNION,UE.FRANCE.RÉUNION,2018,ART,Artisanal Fishing,Pêcheries artisanales,6,HATR,Hand line and Troll line,Ligne à main et Ligne de traîne,Line,Lignes,1,5,14,LOA,Length overall,131,PELAGIC
5,"CHN    ",CHINA,CHINE,2018,IND,Industrial Fishing,Pêcheries industrielles,5,LL,Longline,Palangre dérivante au-dessus de 1800 hameçons,Longline,Palangre,0,24,40,LOA,Length overall,18,PELAGIC
5,"CHN    ",CHINA,CHINE,2018,IND,Industrial Fishing,Pêcheries industrielles,5,LL,Longline,Palangre dérivante au-dessus de 1800 hameçons,Longline,Palangre,0,40,60,LOA,Length overall,61,PELAGIC
6,"TWN    ","TAIWAN,CHINA","TAIWAN,CHINE",2018,IND,Industrial Fishing,Pêcheries industrielles,5,LL,Longline,Palangre dérivante au-dessus de 1800 hameçons,Longline,Palangre,0,24,40,LOA,Length overall,33,PELAGIC
6,"TWN    ","TAIWAN,CHINA","TAIWAN,CHINE",2018,IND,Industrial Fishing,Pêcheries industrielles,5,LL,Longline,Palangre dérivante au-dessus de 1800 hameçons,Longline,Palangre,0,40,60,LOA,Length overall,100,PELAGIC
26,"JPN    ",JAPAN,JAPON,2018,IND,Industrial Fishing,Pêcheries industrielles,5,LL,Longline,Palangre dérivante au-dessus de 1800 hameçons,Longline,Palangre,0,40,60,LOA,Length overall,46,PELAGIC
29,"KOR    ",KOREA REP.,CORÉE RÉP.,2018,IND,Industrial Fishing,Pêcheries industrielles,5,LL,Longline,Palangre dérivante au-dessus de 1800 hameçons,Longline,Palangre,0,24,40,LOA,Length overall,2,PELAGIC
29,"KOR    ",KOREA REP.,CORÉE RÉP.,2018,IND,Industrial Fishing,Pêcheries industrielles,5,LL,Longline,Palangre dérivante au-dessus de 1800 hameçons,Longline,Palangre,0,40,60,LOA,Length overall,9,PELAGIC
43,"SYC    ",SEYCHELLES,SEYCHELLES,2018,IND,Industrial Fishing,Pêcheries industrielles,5,LL,Longline,Palangre dérivante au-dessus de 1800 hameçons,Longline,Palangre,0,24,40,LOA,Length overall,18,PELAGIC
43,"SYC    ",SEYCHELLES,SEYCHELLES,2018,IND,Industrial Fishing,Pêcheries industrielles,5,LL,Longline,Palangre dérivante au-dessus de 1800 hameçons,Longline,Palangre,0,40,60,LOA,Length overall,36,PELAGIC
15,"EUREU  ",EU.FRANCE.REUNION,UE.FRANCE.RÉUNION,2018,ART,Artisanal Fishing,Pêcheries artisanales,6,LLCO,Coastal longline,Petite palangre,Line,Lignes,0,0,15,LOA,Length overall,21,PELAGIC
24,"IRN    ",IRAN ISLAMIC REP.,IRAN RÉP. ISLAMIQUE,2018,ART,Artisanal Fishing,Pêcheries artisanales,6,LLCO,Coastal longline,Petite palangre,Line,Lignes,0,101,NULL,GRT,Gross Registered Tonnage,14,PELAGIC
24,"IRN    ",IRAN ISLAMIC REP.,IRAN RÉP. ISLAMIQUE,2018,ART,Artisanal Fishing,Pêcheries artisanales,6,LLCO,Coastal longline,Petite palangre,Line,Lignes,0,0,2,GRT,Gross Registered Tonnage,324,PELAGIC
24,"IRN    ",IRAN ISLAMIC REP.,IRAN RÉP. ISLAMIQUE,2018,ART,Artisanal Fishing,Pêcheries artisanales,6,LLCO,Coastal longline,Petite palangre,Line,Lignes,0,21,50,GRT,Gross Registered Tonnage,165,PELAGIC
33,"MDV    ",MALDIVES,MALDIVES,2018,ART,Artisanal Fishing,Pêcheries artisanales,6,LLCO,Coastal longline,Petite palangre,Line,Lignes,0,10,15,LOA,Length overall,2,PELAGIC
33,"MDV    ",MALDIVES,MALDIVES,2018,ART,Artisanal Fishing,Pêcheries artisanales,6,LLCO,Coastal longline,Petite palangre,Line,Lignes,0,15,24,LOA,Length overall,28,PELAGIC
46,"LKA    ",SRI LANKA,SRI LANKA,2018,ART,Artisanal Fishing,Pêcheries artisanales,6,LLCO,Coastal longline,Petite palangre,Line,Lignes,0,0,10,LOA,Length overall,378,COASTAL
46,"LKA    ",SRI LANKA,SRI LANKA,2018,ART,Artisanal Fishing,Pêcheries artisanales,6,LLCO,Coastal longline,Petite palangre,Line,Lignes,0,10,15,LOA,Length overall,1116,COASTAL
46,"LKA    ",SRI LANKA,SRI LANKA,2018,ART,Artisanal Fishing,Pêcheries artisanales,6,LLCO,Coastal longline,Petite palangre,Line,Lignes,0,15,24,LOA,Length overall,459,COASTAL
22,"IND    ",INDIA,INDE,2018,IND,Industrial Fishing,Pêcheries industrielles,5,LLEX,Exploratory longline,Palangre de prospection,Longline,Palangre,0,24,40,LOA,Length overall,4,PELAGIC
1,"AUS    ",AUSTRALIA,AUSTRALIE,2018,IND,Industrial Fishing,Pêcheries industrielles,1,PS,Purse seine,Senne tournante aux thons,Purse Seine,Senne tournante,0,24,40,LOA,Length overall,3,PELAGIC
1,"AUS    ",AUSTRALIA,AUSTRALIE,2018,IND,Industrial Fishing,Pêcheries industrielles,1,PS,Purse seine,Senne tournante aux thons,Purse Seine,Senne tournante,0,40,60,LOA,Length overall,4,PELAGIC
13,"EUFRA  ",EU.FRANCE,UE.FRANCE,2018,IND,Industrial Fishing,Pêcheries industrielles,1,PS,Purse seine,Senne tournante aux thons,Purse Seine,Senne tournante,0,60,80,LOA,Length overall,4,PELAGIC
13,"EUFRA  ",EU.FRANCE,UE.FRANCE,2018,IND,Industrial Fishing,Pêcheries industrielles,1,PS,Purse seine,Senne tournante aux thons,Purse Seine,Senne tournante,0,80,100,LOA,Length overall,8,PELAGIC
19,"EUESP  ",EU.SPAIN,UE.ESPAGNE,2018,IND,Industrial Fishing,Pêcheries industrielles,1,PS,Purse seine,Senne tournante aux thons,Purse Seine,Senne tournante,0,80,100,LOA,Length overall,7,PELAGIC
19,"EUESP  ",EU.SPAIN,UE.ESPAGNE,2018,IND,Industrial Fishing,Pêcheries industrielles,1,PS,Purse seine,Senne tournante aux thons,Purse Seine,Senne tournante,0,100,120,LOA,Length overall,7,PELAGIC
23,"IDN    ",INDONESIA,INDONÉSIE,2018,IND,Industrial Fishing,Pêcheries industrielles,1,PS,Purse seine,Senne tournante aux thons,Purse Seine,Senne tournante,0,24,40,LOA,Length overall,64,PELAGIC
23,"IDN    ",INDONESIA,INDONÉSIE,2018,IND,Industrial Fishing,Pêcheries industrielles,1,PS,Purse seine,Senne tournante aux thons,Purse Seine,Senne tournante,0,40,60,LOA,Length overall,1,PELAGIC
24,"IRN    ",IRAN ISLAMIC REP.,IRAN RÉP. ISLAMIQUE,2018,IND,Industrial Fishing,Pêcheries industrielles,1,PS,Purse seine,Senne tournante aux thons,Purse Seine,Senne tournante,0,40,60,LOA,Length overall,3,PELAGIC
24,"IRN    ",IRAN ISLAMIC REP.,IRAN RÉP. ISLAMIQUE,2018,IND,Industrial Fishing,Pêcheries industrielles,1,PS,Purse seine,Senne tournante aux thons,Purse Seine,Senne tournante,0,60,80,LOA,Length overall,3,PELAGIC
24,"IRN    ",IRAN ISLAMIC REP.,IRAN RÉP. ISLAMIQUE,2018,IND,Industrial Fishing,Pêcheries industrielles,1,PS,Purse seine,Senne tournante aux thons,Purse Seine,Senne tournante,0,80,100,LOA,Length overall,1,PELAGIC
26,"JPN    ",JAPAN,JAPON,2018,IND,Industrial Fishing,Pêcheries industrielles,1,PS,Purse seine,Senne tournante aux thons,Purse Seine,Senne tournante,0,60,80,LOA,Length overall,3,PELAGIC
29,"KOR    ",KOREA REP.,CORÉE RÉP.,2018,IND,Industrial Fishing,Pêcheries industrielles,1,PS,Purse seine,Senne tournante aux thons,Purse Seine,Senne tournante,0,60,80,LOA,Length overall,2,PELAGIC
34,"MUS    ",MAURITIUS,MAURICE,2018,IND,Industrial Fishing,Pêcheries industrielles,1,PS,Purse seine,Senne tournante aux thons,Purse Seine,Senne tournante,0,80,100,LOA,Length overall,2,PELAGIC
43,"SYC    ",SEYCHELLES,SEYCHELLES,2018,IND,Industrial Fishing,Pêcheries industrielles,1,PS,Purse seine,Senne tournante aux thons,Purse Seine,Senne tournante,0,60,80,LOA,Length overall,3,PELAGIC
43,"SYC    ",SEYCHELLES,SEYCHELLES,2018,IND,Industrial Fishing,Pêcheries industrielles,1,PS,Purse seine,Senne tournante aux thons,Purse Seine,Senne tournante,0,80,100,LOA,Length overall,9,PELAGIC
43,"SYC    ",SEYCHELLES,SEYCHELLES,2018,IND,Industrial Fishing,Pêcheries industrielles,1,PS,Purse seine,Senne tournante aux thons,Purse Seine,Senne tournante,0,100,120,LOA,Length overall,1,PELAGIC
60,"EUITA  ",EU.ITALY,EU.ITALIE,2018,IND,Industrial Fishing,Pêcheries industrielles,1,PS,Purse seine,Senne tournante aux thons,Purse Seine,Senne tournante,0,60,80,LOA,Length overall,1,NULL
60,"EUITA  ",EU.ITALY,EU.ITALIE,2018,IND,Industrial Fishing,Pêcheries industrielles,1,PS,Purse seine,Senne tournante aux thons,Purse Seine,Senne tournante,0,60,80,LOA,Length overall,1,PELAGIC
32,"MYS    ",MALAYSIA,MALAISIE,2018,ART,Artisanal Fishing,Pêcheries artisanales,1,PSS,Small purse seine,Senneur côtier,Purse Seine,Senne tournante,0,10,70,GRT,Gross Registered Tonnage,330,COASTAL
49,"THA    ",THAILAND,THAÏLANDE,2018,ART,Artisanal Fishing,Pêcheries artisanales,1,PSS,Small purse seine,Senneur côtier,Purse Seine,Senne tournante,0,14,25,LOA,Length overall,238,"ALL    "
46,"LKA    ",SRI LANKA,SRI LANKA,2018,ART,Artisanal Fishing,Pêcheries artisanales,1,RIN,Ring net,Lampara,Purse Seine,Senne tournante,0,0,10,LOA,Length overall,685,COASTAL
46,"LKA    ",SRI LANKA,SRI LANKA,2018,ART,Artisanal Fishing,Pêcheries artisanales,1,RIN,Ring net,Lampara,Purse Seine,Senne tournante,0,10,15,LOA,Length overall,472,COASTAL
46,"LKA    ",SRI LANKA,SRI LANKA,2018,IND,Industrial Fishing,Pêcheries industrielles,1,RNOF,Ring net (offshore),Lampara (hauturière),Purse Seine,Senne tournante,0,10,15,LOA,Length overall,191,PELAGIC
44,"ZAF    ",SOUTH AFRICA,AFRIQUE DU SUD,2018,ART,Artisanal Fishing,Pêcheries artisanales,6,SPOR,Sport fishing,Pêche sportive,Line,Lignes,0,15,24,LOA,Length overall,4,PELAGIC
13,"EUFRA  ",EU.FRANCE,UE.FRANCE,2018,IND,Industrial Fishing,Pêcheries industrielles,1,SUPP,Supply vessel,Bateau auxiliaire,Purse Seine,Senne tournante,0,24,40,LOA,Length overall,2,PELAGIC
26,"JPN    ",JAPAN,JAPON,2018,IND,Industrial Fishing,Pêcheries industrielles,1,SUPP,Supply vessel,Bateau auxiliaire,Purse Seine,Senne tournante,0,100,120,LOA,Length overall,1,PELAGIC
29,"KOR    ",KOREA REP.,CORÉE RÉP.,2018,IND,Industrial Fishing,Pêcheries industrielles,1,SUPP,Supply vessel,Bateau auxiliaire,Purse Seine,Senne tournante,0,40,60,LOA,Length overall,1,PELAGIC
34,"MUS    ",MAURITIUS,MAURICE,2018,IND,Industrial Fishing,Pêcheries industrielles,1,SUPP,Supply vessel,Bateau auxiliaire,Purse Seine,Senne tournante,0,24,40,LOA,Length overall,1,PELAGIC
43,"SYC    ",SEYCHELLES,SEYCHELLES,2018,IND,Industrial Fishing,Pêcheries industrielles,1,SUPP,Supply vessel,Bateau auxiliaire,Purse Seine,Senne tournante,0,24,40,LOA,Length overall,3,PELAGIC
43,"SYC    ",SEYCHELLES,SEYCHELLES,2018,IND,Industrial Fishing,Pêcheries industrielles,1,SUPP,Supply vessel,Bateau auxiliaire,Purse Seine,Senne tournante,0,40,60,LOA,Length overall,2,PELAGIC
58,"NEIPS  ",NEI.OTHER,NCA.AUTRE,2018,IND,Industrial Fishing,Pêcheries industrielles,1,SUPP,Supply vessel,Bateau auxiliaire,Purse Seine,Senne tournante,0,24,40,LOA,Length overall,3,PELAGIC
58,"NEIPS  ",NEI.OTHER,NCA.AUTRE,2018,IND,Industrial Fishing,Pêcheries industrielles,1,SUPP,Supply vessel,Bateau auxiliaire,Purse Seine,Senne tournante,0,40,60,LOA,Length overall,3,PELAGIC
1,"AUS    ",AUSTRALIA,AUSTRALIE,2018,IND,Industrial Fishing,Pêcheries industrielles,9,TRAW,Trawl,Chaluts,Other,Autres,0,4,20,LOA,Length overall,3,COASTAL
32,"MYS    ",MALAYSIA,MALAISIE,2018,ART,Artisanal Fishing,Pêcheries artisanales,9,TRAW,Trawl,Chaluts,Other,Autres,0,10,70,GRT,Gross Registered Tonnage,3000,COASTAL
1,"AUS    ",AUSTRALIA,AUSTRALIE,2018,ART,Artisanal Fishing,Pêcheries artisanales,6,TROL,Troll line,Ligne de traîne,Line,Lignes,0,4,20,LOA,Length overall,17,PELAGIC
24,"IRN    ",IRAN ISLAMIC REP.,IRAN RÉP. ISLAMIQUE,2018,ART,Artisanal Fishing,Pêcheries artisanales,6,TROL,Troll line,Ligne de traîne,Line,Lignes,0,0,2,GRT,Gross Registered Tonnage,1645,COASTAL
32,"MYS    ",MALAYSIA,MALAISIE,2018,ART,Artisanal Fishing,Pêcheries artisanales,6,TROL,Troll line,Ligne de traîne,Line,Lignes,0,1,10,GRT,Gross Registered Tonnage,100,COASTAL
33,"MDV    ",MALDIVES,MALDIVES,2018,ART,Artisanal Fishing,Pêcheries artisanales,6,TROL,Troll line,Ligne de traîne,Line,Lignes,0,5,10,LOA,Length overall,9,PELAGIC
46,"LKA    ",SRI LANKA,SRI LANKA,2018,ART,Artisanal Fishing,Pêcheries artisanales,6,TROL,Troll line,Ligne de traîne,Line,Lignes,0,10,15,LOA,Length overall,308,COASTAL
23,"IDN    ",INDONESIA,INDONÉSIE,2018,ART,Artisanal Fishing,Pêcheries artisanales,9,UNCL,Unclassified,Non classé,Other,Autres,1,24,40,LOA,Length overall,1,COASTAL
46,"LKA    ",SRI LANKA,SRI LANKA,2018,ART,Artisanal Fishing,Pêcheries artisanales,9,UNCL,Unclassified,Non classé,Other,Autres,1,1,8,LOA,Length overall,42886,"ALL    "
46,"LKA    ",SRI LANKA,SRI LANKA,2018,ART,Artisanal Fishing,Pêcheries artisanales,9,UNCL,Unclassified,Non classé,Other,Autres,1,8,9,LOA,Length overall,3124,"ALL    "
1,"AUS    ",AUSTRALIA,AUSTRALIE,2019,IND,Industrial Fishing,Pêcheries industrielles,3,BB,Baitboat,Canne,Baitboat,Canne,0,24,40,LOA,Length overall,2,PELAGIC
23,"IDN    ",INDONESIA,INDONÉSIE,2019,ART,Artisanal Fishing,Pêcheries artisanales,3,BB,Baitboat,Canne,Baitboat,Canne,0,NULL,5,GT,Gross Tonnage,7196,PELAGIC
23,"IDN    ",INDONESIA,INDONÉSIE,2019,ART,Artisanal Fishing,Pêcheries artisanales,3,BB,Baitboat,Canne,Baitboat,Canne,0,5,10,GT,Gross Tonnage,456,PELAGIC
23,"IDN    ",INDONESIA,INDONÉSIE,2019,ART,Artisanal Fishing,Pêcheries artisanales,3,BB,Baitboat,Canne,Baitboat,Canne,0,10,20,GT,Gross Tonnage,122,PELAGIC
23,"IDN    ",INDONESIA,INDONÉSIE,2019,ART,Artisanal Fishing,Pêcheries artisanales,3,BB,Baitboat,Canne,Baitboat,Canne,0,20,30,GT,Gross Tonnage,257,PELAGIC
23,"IDN    ",INDONESIA,INDONÉSIE,2019,ART,Artisanal Fishing,Pêcheries artisanales,3,BB,Baitboat,Canne,Baitboat,Canne,0,30,50,GT,Gross Tonnage,14,PELAGIC
23,"IDN    ",INDONESIA,INDONÉSIE,2019,ART,Artisanal Fishing,Pêcheries artisanales,3,BB,Baitboat,Canne,Baitboat,Canne,0,NULL,NULL,UNCL,Unclassified,5901,PELAGIC
33,"MDV    ",MALDIVES,MALDIVES,2019,ART,Artisanal Fishing,Pêcheries artisanales,3,BB,Baitboat,Canne,Baitboat,Canne,0,24,40,LOA,Length overall,365,PELAGIC
46,"LKA    ",SRI LANKA,SRI LANKA,2019,ART,Artisanal Fishing,Pêcheries artisanales,1,BS,Beach seine,Senne de plage,Other,Autres,0,0,10,LOA,Length overall,878,COASTAL
23,"IDN    ",INDONESIA,INDONÉSIE,2019,ART,Artisanal Fishing,Pêcheries artisanales,9,DSEI,Danish Seine,Senne danoise,Other,Autres,0,NULL,5,GT,Gross Tonnage,11620,COASTAL
23,"IDN    ",INDONESIA,INDONÉSIE,2019,ART,Artisanal Fishing,Pêcheries artisanales,9,DSEI,Danish Seine,Senne danoise,Other,Autres,0,5,10,GT,Gross Tonnage,2011,COASTAL
23,"IDN    ",INDONESIA,INDONÉSIE,2019,ART,Artisanal Fishing,Pêcheries artisanales,9,DSEI,Danish Seine,Senne danoise,Other,Autres,0,10,20,GT,Gross Tonnage,1489,COASTAL
23,"IDN    ",INDONESIA,INDONÉSIE,2019,ART,Artisanal Fishing,Pêcheries artisanales,9,DSEI,Danish Seine,Senne danoise,Other,Autres,0,20,30,GT,Gross Tonnage,127,COASTAL
23,"IDN    ",INDONESIA,INDONÉSIE,2019,ART,Artisanal Fishing,Pêcheries artisanales,9,DSEI,Danish Seine,Senne danoise,Other,Autres,0,30,50,GT,Gross Tonnage,248,COASTAL
23,"IDN    ",INDONESIA,INDONÉSIE,2019,ART,Artisanal Fishing,Pêcheries artisanales,9,DSEI,Danish Seine,Senne danoise,Other,Autres,0,NULL,NULL,UNCL,Unclassified,1549,COASTAL
1,"AUS    ",AUSTRALIA,AUSTRALIE,2019,IND,Industrial Fishing,Pêcheries industrielles,5,ELL,Longline targeting swordfish,Palangre à espadon,Longline,Palangre,0,24,40,LOA,Length overall,2,PELAGIC
1,"AUS    ",AUSTRALIA,AUSTRALIE,2019,IND,Industrial Fishing,Pêcheries industrielles,5,ELL,Longline targeting swordfish,Palangre à espadon,Longline,Palangre,0,40,60,LOA,Length overall,2,PELAGIC
15,"EUREU  ",EU.FRANCE.REUNION,UE.FRANCE.RÉUNION,2019,IND,Industrial Fishing,Pêcheries industrielles,5,ELL,Longline targeting swordfish,Palangre à espadon,Longline,Palangre,0,15,24,LOA,Length overall,19,PELAGIC
18,"EUPRT  ",EU.PORTUGAL,UE.PORTUGAL,2019,IND,Industrial Fishing,Pêcheries industrielles,5,ELL,Longline targeting swordfish,Palangre à espadon,Longline,Palangre,0,24,40,LOA,Length overall,2,PELAGIC
18,"EUPRT  ",EU.PORTUGAL,UE.PORTUGAL,2019,IND,Industrial Fishing,Pêcheries industrielles,5,ELL,Longline targeting swordfish,Palangre à espadon,Longline,Palangre,0,40,60,LOA,Length overall,1,PELAGIC
19,"EUESP  ",EU.SPAIN,UE.ESPAGNE,2019,IND,Industrial Fishing,Pêcheries industrielles,5,ELL,Longline targeting swordfish,Palangre à espadon,Longline,Palangre,0,24,40,LOA,Length overall,10,PELAGIC
19,"EUESP  ",EU.SPAIN,UE.ESPAGNE,2019,IND,Industrial Fishing,Pêcheries industrielles,5,ELL,Longline targeting swordfish,Palangre à espadon,Longline,Palangre,0,40,60,LOA,Length overall,1,PELAGIC
20,GBR,UNITED KINGDOM,ROYAUME-UNI,2019,IND,Industrial Fishing,Pêcheries industrielles,5,ELL,Longline targeting swordfish,Palangre à espadon,Longline,Palangre,0,24,40,LOA,Length overall,1,PELAGIC
20,GBR,UNITED KINGDOM,ROYAUME-UNI,2019,IND,Industrial Fishing,Pêcheries industrielles,5,ELL,Longline targeting swordfish,Palangre à espadon,Longline,Palangre,0,40,60,LOA,Length overall,1,PELAGIC
31,"MDG    ",MADAGASCAR,MADAGASCAR,2019,IND,Industrial Fishing,Pêcheries industrielles,5,ELL,Longline targeting swordfish,Palangre à espadon,Longline,Palangre,0,0,15,LOA,Length overall,3,PELAGIC
31,"MDG    ",MADAGASCAR,MADAGASCAR,2019,IND,Industrial Fishing,Pêcheries industrielles,5,ELL,Longline targeting swordfish,Palangre à espadon,Longline,Palangre,0,15,24,LOA,Length overall,2,PELAGIC
34,"MUS    ",MAURITIUS,MAURICE,2019,IND,Industrial Fishing,Pêcheries industrielles,5,ELL,Longline targeting swordfish,Palangre à espadon,Longline,Palangre,0,0,15,LOA,Length overall,5,PELAGIC
35,"MOZ    ",MOZAMBIQUE,MOZAMBIQUE,2019,IND,Industrial Fishing,Pêcheries industrielles,5,ELL,Longline targeting swordfish,Palangre à espadon,Longline,Palangre,0,15,24,LOA,Length overall,2,PELAGIC
43,"SYC    ",SEYCHELLES,SEYCHELLES,2019,IND,Industrial Fishing,Pêcheries industrielles,5,ELL,Longline targeting swordfish,Palangre à espadon,Longline,Palangre,0,10,15,LOA,Length overall,7,PELAGIC
43,"SYC    ",SEYCHELLES,SEYCHELLES,2019,IND,Industrial Fishing,Pêcheries industrielles,5,ELL,Longline targeting swordfish,Palangre à espadon,Longline,Palangre,0,15,24,LOA,Length overall,14,PELAGIC
44,"ZAF    ",SOUTH AFRICA,AFRIQUE DU SUD,2019,IND,Industrial Fishing,Pêcheries industrielles,5,ELL,Longline targeting swordfish,Palangre à espadon,Longline,Palangre,0,15,24,LOA,Length overall,8,PELAGIC
44,"ZAF    ",SOUTH AFRICA,AFRIQUE DU SUD,2019,IND,Industrial Fishing,Pêcheries industrielles,5,ELL,Longline targeting swordfish,Palangre à espadon,Longline,Palangre,0,24,40,LOA,Length overall,8,PELAGIC
5,"CHN    ",CHINA,CHINE,2019,IND,Industrial Fishing,Pêcheries industrielles,5,FLL,Longline Fresh,Palangre Frais,Longline,Palangre,0,24,40,LOA,Length overall,6,PELAGIC
6,"TWN    ","TAIWAN,CHINA","TAIWAN,CHINE",2019,IND,Industrial Fishing,Pêcheries industrielles,5,FLL,Longline Fresh,Palangre Frais,Longline,Palangre,0,15,24,LOA,Length overall,39,PELAGIC
6,"TWN    ","TAIWAN,CHINA","TAIWAN,CHINE",2019,IND,Industrial Fishing,Pêcheries industrielles,5,FLL,Longline Fresh,Palangre Frais,Longline,Palangre,0,24,40,LOA,Length overall,96,PELAGIC
23,"IDN    ",INDONESIA,INDONÉSIE,2019,IND,Industrial Fishing,Pêcheries industrielles,5,FLL,Longline Fresh,Palangre Frais,Longline,Palangre,0,85,200,GT,Gross Tonnage,59,PELAGIC
32,"MYS    ",MALAYSIA,MALAISIE,2019,IND,Industrial Fishing,Pêcheries industrielles,5,FLL,Longline Fresh,Palangre Frais,Longline,Palangre,0,24,40,LOA,Length overall,17,PELAGIC
33,"MDV    ",MALDIVES,MALDIVES,2019,IND,Industrial Fishing,Pêcheries industrielles,5,FLL,Longline Fresh,Palangre Frais,Longline,Palangre,0,24,40,LOA,Length overall,1,PELAGIC
34,"MUS    ",MAURITIUS,MAURICE,2019,IND,Industrial Fishing,Pêcheries industrielles,5,FLL,Longline Fresh,Palangre Frais,Longline,Palangre,0,15,24,LOA,Length overall,8,PELAGIC
37,"OMN    ",OMAN,OMAN,2019,IND,Industrial Fishing,Pêcheries industrielles,5,FLL,Longline Fresh,Palangre Frais,Longline,Palangre,0,15,24,LOA,Length overall,1,PELAGIC
46,"LKA    ",SRI LANKA,SRI LANKA,2019,IND,Industrial Fishing,Pêcheries industrielles,5,FLL,Longline Fresh,Palangre Frais,Longline,Palangre,0,24,40,LOA,Length overall,23,PELAGIC
46,"LKA    ",SRI LANKA,SRI LANKA,2019,ART,Artisanal Fishing,Pêcheries artisanales,4,G/L,Gillnet and Longline combination,Filet maillant et Palangre,Gillnet,Filet maillant,1,10,15,LOA,Length overall,874,PELAGIC
37,"OMN    ",OMAN,OMAN,2019,ART,Artisanal Fishing,Pêcheries artisanales,4,GIHA,Gillnet and hand line,Filet maillant et Ligne à main,Gillnet,Filet maillant,1,1,10,LOA,Length overall,24336,COASTAL
1,"AUS    ",AUSTRALIA,AUSTRALIE,2019,ART,Artisanal Fishing,Pêcheries artisanales,4,GILL,Gillnet,Filet maillant,Gillnet,Filet maillant,0,4,20,LOA,Length overall,4,COASTAL
23,"IDN    ",INDONESIA,INDONÉSIE,2019,ART,Artisanal Fishing,Pêcheries artisanales,4,GILL,Gillnet,Filet maillant,Gillnet,Filet maillant,0,NULL,5,GT,Gross Tonnage,95169,"ALL    "
23,"IDN    ",INDONESIA,INDONÉSIE,2019,ART,Artisanal Fishing,Pêcheries artisanales,4,GILL,Gillnet,Filet maillant,Gillnet,Filet maillant,0,5,10,GT,Gross Tonnage,13542,"ALL    "
23,"IDN    ",INDONESIA,INDONÉSIE,2019,ART,Artisanal Fishing,Pêcheries artisanales,4,GILL,Gillnet,Filet maillant,Gillnet,Filet maillant,0,10,20,GT,Gross Tonnage,2656,"ALL    "
23,"IDN    ",INDONESIA,INDONÉSIE,2019,ART,Artisanal Fishing,Pêcheries artisanales,4,GILL,Gillnet,Filet maillant,Gillnet,Filet maillant,0,20,30,GT,Gross Tonnage,1138,"ALL    "
23,"IDN    ",INDONESIA,INDONÉSIE,2019,ART,Artisanal Fishing,Pêcheries artisanales,4,GILL,Gillnet,Filet maillant,Gillnet,Filet maillant,0,30,50,GT,Gross Tonnage,271,"ALL    "
23,"IDN    ",INDONESIA,INDONÉSIE,2019,ART,Artisanal Fishing,Pêcheries artisanales,4,GILL,Gillnet,Filet maillant,Gillnet,Filet maillant,0,50,85,GT,Gross Tonnage,1,"ALL    "
23,"IDN    ",INDONESIA,INDONÉSIE,2019,ART,Artisanal Fishing,Pêcheries artisanales,4,GILL,Gillnet,Filet maillant,Gillnet,Filet maillant,0,NULL,NULL,UNCL,Unclassified,18241,"ALL    "
24,"IRN    ",IRAN ISLAMIC REP.,IRAN RÉP. ISLAMIQUE,2019,ART,Artisanal Fishing,Pêcheries artisanales,4,GILL,Gillnet,Filet maillant,Gillnet,Filet maillant,0,101,NULL,GRT,Gross Registered Tonnage,283,"ALL    "
24,"IRN    ",IRAN ISLAMIC REP.,IRAN RÉP. ISLAMIQUE,2019,ART,Artisanal Fishing,Pêcheries artisanales,4,GILL,Gillnet,Filet maillant,Gillnet,Filet maillant,0,0,2,GRT,Gross Registered Tonnage,3319,"ALL    "
24,"IRN    ",IRAN ISLAMIC REP.,IRAN RÉP. ISLAMIQUE,2019,ART,Artisanal Fishing,Pêcheries artisanales,4,GILL,Gillnet,Filet maillant,Gillnet,Filet maillant,0,3,20,GRT,Gross Registered Tonnage,258,"ALL    "
24,"IRN    ",IRAN ISLAMIC REP.,IRAN RÉP. ISLAMIQUE,2019,ART,Artisanal Fishing,Pêcheries artisanales,4,GILL,Gillnet,Filet maillant,Gillnet,Filet maillant,0,21,50,GRT,Gross Registered Tonnage,391,"ALL    "
24,"IRN    ",IRAN ISLAMIC REP.,IRAN RÉP. ISLAMIQUE,2019,ART,Artisanal Fishing,Pêcheries artisanales,4,GILL,Gillnet,Filet maillant,Gillnet,Filet maillant,0,51,100,GRT,Gross Registered Tonnage,171,"ALL    "
32,"MYS    ",MALAYSIA,MALAISIE,2019,ART,Artisanal Fishing,Pêcheries artisanales,4,GILL,Gillnet,Filet maillant,Gillnet,Filet maillant,0,1,10,GRT,Gross Registered Tonnage,11419,COASTAL
37,"OMN    ",OMAN,OMAN,2019,ART,Artisanal Fishing,Pêcheries artisanales,4,GILL,Gillnet,Filet maillant,Gillnet,Filet maillant,0,10,24,LOA,Length overall,694,COASTAL
46,"LKA    ",SRI LANKA,SRI LANKA,2019,ART,Artisanal Fishing,Pêcheries artisanales,4,GILL,Gillnet,Filet maillant,Gillnet,Filet maillant,0,0,10,LOA,Length overall,1620,COASTAL
46,"LKA    ",SRI LANKA,SRI LANKA,2019,ART,Artisanal Fishing,Pêcheries artisanales,4,GILL,Gillnet,Filet maillant,Gillnet,Filet maillant,0,10,15,LOA,Length overall,980,COASTAL
46,"LKA    ",SRI LANKA,SRI LANKA,2019,IND,Industrial Fishing,Pêcheries industrielles,4,GIOF,Offshore gillnet,Filet maillant pêche hauturière,Gillnet,Filet maillant,0,10,15,LOA,Length overall,315,PELAGIC
1,"AUS    ",AUSTRALIA,AUSTRALIE,2019,ART,Artisanal Fishing,Pêcheries artisanales,6,HAND,Hand line,Ligne à main,Line,Lignes,0,4,20,LOA,Length overall,16,COASTAL
14,"EUMYT  ",EU.FRANCE.MAYOTTE,UE.FRANCE.MAYOTTE,2019,ART,Artisanal Fishing,Pêcheries artisanales,6,HAND,Hand line,Ligne à main,Line,Lignes,0,0,15,LOA,Length overall,93,COASTAL
14,"EUMYT  ",EU.FRANCE.MAYOTTE,UE.FRANCE.MAYOTTE,2019,ART,Artisanal Fishing,Pêcheries artisanales,6,HAND,Hand line,Ligne à main,Line,Lignes,0,0,15,LOA,Length overall,93,PELAGIC
23,"IDN    ",INDONESIA,INDONÉSIE,2019,ART,Artisanal Fishing,Pêcheries artisanales,6,HAND,Hand line,Ligne à main,Line,Lignes,0,NULL,NULL,GT,Gross Tonnage,24883,"ALL    "
23,"IDN    ",INDONESIA,INDONÉSIE,2019,ART,Artisanal Fishing,Pêcheries artisanales,6,HAND,Hand line,Ligne à main,Line,Lignes,0,NULL,5,GT,Gross Tonnage,7927,"ALL    "
23,"IDN    ",INDONESIA,INDONÉSIE,2019,ART,Artisanal Fishing,Pêcheries artisanales,6,HAND,Hand line,Ligne à main,Line,Lignes,0,5,10,GT,Gross Tonnage,3605,"ALL    "
23,"IDN    ",INDONESIA,INDONÉSIE,2019,ART,Artisanal Fishing,Pêcheries artisanales,6,HAND,Hand line,Ligne à main,Line,Lignes,0,10,20,GT,Gross Tonnage,1260,"ALL    "
23,"IDN    ",INDONESIA,INDONÉSIE,2019,ART,Artisanal Fishing,Pêcheries artisanales,6,HAND,Hand line,Ligne à main,Line,Lignes,0,20,30,GT,Gross Tonnage,473,"ALL    "
23,"IDN    ",INDONESIA,INDONÉSIE,2019,ART,Artisanal Fishing,Pêcheries artisanales,6,HAND,Hand line,Ligne à main,Line,Lignes,0,30,50,GT,Gross Tonnage,77,"ALL    "
23,"IDN    ",INDONESIA,INDONÉSIE,2019,ART,Artisanal Fishing,Pêcheries artisanales,6,HAND,Hand line,Ligne à main,Line,Lignes,0,50,85,GT,Gross Tonnage,5,"ALL    "
23,"IDN    ",INDONESIA,INDONÉSIE,2019,ART,Artisanal Fishing,Pêcheries artisanales,6,HAND,Hand line,Ligne à main,Line,Lignes,0,NULL,NULL,UNCL,Unclassified,10357,"ALL    "
33,"MDV    ",MALDIVES,MALDIVES,2019,ART,Artisanal Fishing,Pêcheries artisanales,6,HAND,Hand line,Ligne à main,Line,Lignes,0,4,6,LOA,Length overall,5,PELAGIC
46,"LKA    ",SRI LANKA,SRI LANKA,2019,ART,Artisanal Fishing,Pêcheries artisanales,6,HAND,Hand line,Ligne à main,Line,Lignes,0,0,10,LOA,Length overall,324,COASTAL
46,"LKA    ",SRI LANKA,SRI LANKA,2019,ART,Artisanal Fishing,Pêcheries artisanales,6,HAND,Hand line,Ligne à main,Line,Lignes,0,10,15,LOA,Length overall,168,COASTAL
50,"GBRT   ",UK.TERRITORIES,RU.TERRITOIRES,2019,ART,Artisanal Fishing,Pêcheries artisanales,6,HAND,Hand line,Ligne à main,Line,Lignes,0,6,10,LOA,Length overall,43,PELAGIC
50,"GBRT   ",UK.TERRITORIES,RU.TERRITOIRES,2019,ART,Artisanal Fishing,Pêcheries artisanales,6,HAND,Hand line,Ligne à main,Line,Lignes,0,10,25,LOA,Length overall,4,PELAGIC
15,"EUREU  ",EU.FRANCE.REUNION,UE.FRANCE.RÉUNION,2019,ART,Artisanal Fishing,Pêcheries artisanales,6,HATR,Hand line and Troll line,Ligne à main et Ligne de traîne,Line,Lignes,1,5,14,LOA,Length overall,125,PELAGIC
23,"IDN    ",INDONESIA,INDONÉSIE,2019,ART,Artisanal Fishing,Pêcheries artisanales,9,LIFT,Liftnet,Carrelet,Other,Autres,0,NULL,5,GT,Gross Tonnage,5025,COASTAL
23,"IDN    ",INDONESIA,INDONÉSIE,2019,ART,Artisanal Fishing,Pêcheries artisanales,9,LIFT,Liftnet,Carrelet,Other,Autres,0,5,10,GT,Gross Tonnage,17262,COASTAL
23,"IDN    ",INDONESIA,INDONÉSIE,2019,ART,Artisanal Fishing,Pêcheries artisanales,9,LIFT,Liftnet,Carrelet,Other,Autres,0,10,20,GT,Gross Tonnage,521,COASTAL
23,"IDN    ",INDONESIA,INDONÉSIE,2019,ART,Artisanal Fishing,Pêcheries artisanales,9,LIFT,Liftnet,Carrelet,Other,Autres,0,20,30,GT,Gross Tonnage,861,COASTAL
23,"IDN    ",INDONESIA,INDONÉSIE,2019,ART,Artisanal Fishing,Pêcheries artisanales,9,LIFT,Liftnet,Carrelet,Other,Autres,0,30,50,GT,Gross Tonnage,142,COASTAL
23,"IDN    ",INDONESIA,INDONÉSIE,2019,ART,Artisanal Fishing,Pêcheries artisanales,9,LIFT,Liftnet,Carrelet,Other,Autres,0,50,85,GT,Gross Tonnage,27,COASTAL
23,"IDN    ",INDONESIA,INDONÉSIE,2019,ART,Artisanal Fishing,Pêcheries artisanales,9,LIFT,Liftnet,Carrelet,Other,Autres,0,NULL,NULL,UNCL,Unclassified,1472,COASTAL
5,"CHN    ",CHINA,CHINE,2019,IND,Industrial Fishing,Pêcheries industrielles,5,LL,Longline,Palangre dérivante au-dessus de 1800 hameçons,Longline,Palangre,0,24,40,LOA,Length overall,20,PELAGIC
5,"CHN    ",CHINA,CHINE,2019,IND,Industrial Fishing,Pêcheries industrielles,5,LL,Longline,Palangre dérivante au-dessus de 1800 hameçons,Longline,Palangre,0,40,60,LOA,Length overall,62,PELAGIC
6,"TWN    ","TAIWAN,CHINA","TAIWAN,CHINE",2019,IND,Industrial Fishing,Pêcheries industrielles,5,LL,Longline,Palangre dérivante au-dessus de 1800 hameçons,Longline,Palangre,0,24,40,LOA,Length overall,34,PELAGIC
6,"TWN    ","TAIWAN,CHINA","TAIWAN,CHINE",2019,IND,Industrial Fishing,Pêcheries industrielles,5,LL,Longline,Palangre dérivante au-dessus de 1800 hameçons,Longline,Palangre,0,40,60,LOA,Length overall,91,PELAGIC
26,"JPN    ",JAPAN,JAPON,2019,IND,Industrial Fishing,Pêcheries industrielles,5,LL,Longline,Palangre dérivante au-dessus de 1800 hameçons,Longline,Palangre,0,40,60,LOA,Length overall,46,PELAGIC
29,"KOR    ",KOREA REP.,CORÉE RÉP.,2019,IND,Industrial Fishing,Pêcheries industrielles,5,LL,Longline,Palangre dérivante au-dessus de 1800 hameçons,Longline,Palangre,0,40,60,LOA,Length overall,10,PELAGIC
43,"SYC    ",SEYCHELLES,SEYCHELLES,2019,IND,Industrial Fishing,Pêcheries industrielles,5,LL,Longline,Palangre dérivante au-dessus de 1800 hameçons,Longline,Palangre,0,24,40,LOA,Length overall,19,PELAGIC
43,"SYC    ",SEYCHELLES,SEYCHELLES,2019,IND,Industrial Fishing,Pêcheries industrielles,5,LL,Longline,Palangre dérivante au-dessus de 1800 hameçons,Longline,Palangre,0,40,60,LOA,Length overall,39,PELAGIC
14,"EUMYT  ",EU.FRANCE.MAYOTTE,UE.FRANCE.MAYOTTE,2019,ART,Artisanal Fishing,Pêcheries artisanales,6,LLCO,Coastal longline,Petite palangre,Line,Lignes,0,0,15,LOA,Length overall,3,NULL
14,"EUMYT  ",EU.FRANCE.MAYOTTE,UE.FRANCE.MAYOTTE,2019,ART,Artisanal Fishing,Pêcheries artisanales,6,LLCO,Coastal longline,Petite palangre,Line,Lignes,0,0,15,LOA,Length overall,3,COASTAL
15,"EUREU  ",EU.FRANCE.REUNION,UE.FRANCE.RÉUNION,2019,ART,Artisanal Fishing,Pêcheries artisanales,6,LLCO,Coastal longline,Petite palangre,Line,Lignes,0,0,15,LOA,Length overall,22,PELAGIC
23,"IDN    ",INDONESIA,INDONÉSIE,2019,ART,Artisanal Fishing,Pêcheries artisanales,6,LLCO,Coastal longline,Petite palangre,Line,Lignes,0,NULL,5,GT,Gross Tonnage,12336,"ALL    "
23,"IDN    ",INDONESIA,INDONÉSIE,2019,ART,Artisanal Fishing,Pêcheries artisanales,6,LLCO,Coastal longline,Petite palangre,Line,Lignes,0,5,10,GT,Gross Tonnage,2657,"ALL    "
23,"IDN    ",INDONESIA,INDONÉSIE,2019,ART,Artisanal Fishing,Pêcheries artisanales,6,LLCO,Coastal longline,Petite palangre,Line,Lignes,0,10,20,GT,Gross Tonnage,472,"ALL    "
23,"IDN    ",INDONESIA,INDONÉSIE,2019,ART,Artisanal Fishing,Pêcheries artisanales,6,LLCO,Coastal longline,Petite palangre,Line,Lignes,0,20,30,GT,Gross Tonnage,494,"ALL    "
23,"IDN    ",INDONESIA,INDONÉSIE,2019,ART,Artisanal Fishing,Pêcheries artisanales,6,LLCO,Coastal longline,Petite palangre,Line,Lignes,0,30,50,GT,Gross Tonnage,88,"ALL    "
23,"IDN    ",INDONESIA,INDONÉSIE,2019,ART,Artisanal Fishing,Pêcheries artisanales,6,LLCO,Coastal longline,Petite palangre,Line,Lignes,0,50,85,GT,Gross Tonnage,92,"ALL    "
23,"IDN    ",INDONESIA,INDONÉSIE,2019,ART,Artisanal Fishing,Pêcheries artisanales,6,LLCO,Coastal longline,Petite palangre,Line,Lignes,0,NULL,NULL,UNCL,Unclassified,1845,"ALL    "
24,"IRN    ",IRAN ISLAMIC REP.,IRAN RÉP. ISLAMIQUE,2019,ART,Artisanal Fishing,Pêcheries artisanales,6,LLCO,Coastal longline,Petite palangre,Line,Lignes,0,101,NULL,GRT,Gross Registered Tonnage,20,PELAGIC
24,"IRN    ",IRAN ISLAMIC REP.,IRAN RÉP. ISLAMIQUE,2019,ART,Artisanal Fishing,Pêcheries artisanales,6,LLCO,Coastal longline,Petite palangre,Line,Lignes,0,0,2,GRT,Gross Registered Tonnage,400,PELAGIC
24,"IRN    ",IRAN ISLAMIC REP.,IRAN RÉP. ISLAMIQUE,2019,ART,Artisanal Fishing,Pêcheries artisanales,6,LLCO,Coastal longline,Petite palangre,Line,Lignes,0,21,50,GRT,Gross Registered Tonnage,184,PELAGIC
33,"MDV    ",MALDIVES,MALDIVES,2019,ART,Artisanal Fishing,Pêcheries artisanales,6,LLCO,Coastal longline,Petite palangre,Line,Lignes,0,15,24,LOA,Length overall,28,PELAGIC
46,"LKA    ",SRI LANKA,SRI LANKA,2019,ART,Artisanal Fishing,Pêcheries artisanales,6,LLCO,Coastal longline,Petite palangre,Line,Lignes,0,0,10,LOA,Length overall,405,COASTAL
46,"LKA    ",SRI LANKA,SRI LANKA,2019,ART,Artisanal Fishing,Pêcheries artisanales,6,LLCO,Coastal longline,Petite palangre,Line,Lignes,0,10,15,LOA,Length overall,1104,COASTAL
46,"LKA    ",SRI LANKA,SRI LANKA,2019,ART,Artisanal Fishing,Pêcheries artisanales,6,LLCO,Coastal longline,Petite palangre,Line,Lignes,0,15,24,LOA,Length overall,572,COASTAL
22,"IND    ",INDIA,INDE,2019,IND,Industrial Fishing,Pêcheries industrielles,5,LLEX,Exploratory longline,Palangre de prospection,Longline,Palangre,0,24,40,LOA,Length overall,4,PELAGIC
1,"AUS    ",AUSTRALIA,AUSTRALIE,2019,ART,Artisanal Fishing,Pêcheries artisanales,6,LLF,Set longline,Palangre calée,Line,Lignes,0,4,20,LOA,Length overall,2,COASTAL
1,"AUS    ",AUSTRALIA,AUSTRALIE,2019,ART,Artisanal Fishing,Pêcheries artisanales,6,LLF,Set longline,Palangre calée,Line,Lignes,0,15,24,LOA,Length overall,1,COASTAL
1,"AUS    ",AUSTRALIA,AUSTRALIE,2019,IND,Industrial Fishing,Pêcheries industrielles,1,PS,Purse seine,Senne tournante aux thons,Purse Seine,Senne tournante,0,24,40,LOA,Length overall,3,PELAGIC
1,"AUS    ",AUSTRALIA,AUSTRALIE,2019,IND,Industrial Fishing,Pêcheries industrielles,1,PS,Purse seine,Senne tournante aux thons,Purse Seine,Senne tournante,0,40,60,LOA,Length overall,4,PELAGIC
13,"EUFRA  ",EU.FRANCE,UE.FRANCE,2019,IND,Industrial Fishing,Pêcheries industrielles,1,PS,Purse seine,Senne tournante aux thons,Purse Seine,Senne tournante,0,60,80,LOA,Length overall,4,PELAGIC
13,"EUFRA  ",EU.FRANCE,UE.FRANCE,2019,IND,Industrial Fishing,Pêcheries industrielles,1,PS,Purse seine,Senne tournante aux thons,Purse Seine,Senne tournante,0,80,100,LOA,Length overall,8,PELAGIC
19,"EUESP  ",EU.SPAIN,UE.ESPAGNE,2019,IND,Industrial Fishing,Pêcheries industrielles,1,PS,Purse seine,Senne tournante aux thons,Purse Seine,Senne tournante,0,80,100,LOA,Length overall,8,PELAGIC
19,"EUESP  ",EU.SPAIN,UE.ESPAGNE,2019,IND,Industrial Fishing,Pêcheries industrielles,1,PS,Purse seine,Senne tournante aux thons,Purse Seine,Senne tournante,0,100,120,LOA,Length overall,7,PELAGIC
23,"IDN    ",INDONESIA,INDONÉSIE,2019,IND,Industrial Fishing,Pêcheries industrielles,1,PS,Purse seine,Senne tournante aux thons,Purse Seine,Senne tournante,0,78,200,GT,Gross Tonnage,389,PELAGIC
24,"IRN    ",IRAN ISLAMIC REP.,IRAN RÉP. ISLAMIQUE,2019,IND,Industrial Fishing,Pêcheries industrielles,1,PS,Purse seine,Senne tournante aux thons,Purse Seine,Senne tournante,0,40,60,LOA,Length overall,3,PELAGIC
24,"IRN    ",IRAN ISLAMIC REP.,IRAN RÉP. ISLAMIQUE,2019,IND,Industrial Fishing,Pêcheries industrielles,1,PS,Purse seine,Senne tournante aux thons,Purse Seine,Senne tournante,0,60,80,LOA,Length overall,3,PELAGIC
24,"IRN    ",IRAN ISLAMIC REP.,IRAN RÉP. ISLAMIQUE,2019,IND,Industrial Fishing,Pêcheries industrielles,1,PS,Purse seine,Senne tournante aux thons,Purse Seine,Senne tournante,0,80,100,LOA,Length overall,1,PELAGIC
26,"JPN    ",JAPAN,JAPON,2019,IND,Industrial Fishing,Pêcheries industrielles,1,PS,Purse seine,Senne tournante aux thons,Purse Seine,Senne tournante,0,60,80,LOA,Length overall,2,PELAGIC
29,"KOR    ",KOREA REP.,CORÉE RÉP.,2019,IND,Industrial Fishing,Pêcheries industrielles,1,PS,Purse seine,Senne tournante aux thons,Purse Seine,Senne tournante,0,60,80,LOA,Length overall,2,PELAGIC
34,"MUS    ",MAURITIUS,MAURICE,2019,IND,Industrial Fishing,Pêcheries industrielles,1,PS,Purse seine,Senne tournante aux thons,Purse Seine,Senne tournante,0,80,100,LOA,Length overall,2,PELAGIC
43,"SYC    ",SEYCHELLES,SEYCHELLES,2019,IND,Industrial Fishing,Pêcheries industrielles,1,PS,Purse seine,Senne tournante aux thons,Purse Seine,Senne tournante,0,60,80,LOA,Length overall,5,PELAGIC
43,"SYC    ",SEYCHELLES,SEYCHELLES,2019,IND,Industrial Fishing,Pêcheries industrielles,1,PS,Purse seine,Senne tournante aux thons,Purse Seine,Senne tournante,0,80,100,LOA,Length overall,9,PELAGIC
43,"SYC    ",SEYCHELLES,SEYCHELLES,2019,IND,Industrial Fishing,Pêcheries industrielles,1,PS,Purse seine,Senne tournante aux thons,Purse Seine,Senne tournante,0,100,120,LOA,Length overall,1,PELAGIC
60,"EUITA  ",EU.ITALY,EU.ITALIE,2019,IND,Industrial Fishing,Pêcheries industrielles,1,PS,Purse seine,Senne tournante aux thons,Purse Seine,Senne tournante,0,60,80,LOA,Length overall,1,NULL
60,"EUITA  ",EU.ITALY,EU.ITALIE,2019,IND,Industrial Fishing,Pêcheries industrielles,1,PS,Purse seine,Senne tournante aux thons,Purse Seine,Senne tournante,0,60,80,LOA,Length overall,1,PELAGIC
23,"IDN    ",INDONESIA,INDONÉSIE,2019,ART,Artisanal Fishing,Pêcheries artisanales,1,PSS,Small purse seine,Senneur côtier,Purse Seine,Senne tournante,0,NULL,5,GT,Gross Tonnage,1263,"ALL    "
23,"IDN    ",INDONESIA,INDONÉSIE,2019,ART,Artisanal Fishing,Pêcheries artisanales,1,PSS,Small purse seine,Senneur côtier,Purse Seine,Senne tournante,0,5,10,GT,Gross Tonnage,986,"ALL    "
23,"IDN    ",INDONESIA,INDONÉSIE,2019,ART,Artisanal Fishing,Pêcheries artisanales,1,PSS,Small purse seine,Senneur côtier,Purse Seine,Senne tournante,0,10,20,GT,Gross Tonnage,1451,"ALL    "
23,"IDN    ",INDONESIA,INDONÉSIE,2019,ART,Artisanal Fishing,Pêcheries artisanales,1,PSS,Small purse seine,Senneur côtier,Purse Seine,Senne tournante,0,20,30,GT,Gross Tonnage,1882,"ALL    "
23,"IDN    ",INDONESIA,INDONÉSIE,2019,ART,Artisanal Fishing,Pêcheries artisanales,1,PSS,Small purse seine,Senneur côtier,Purse Seine,Senne tournante,0,30,50,GT,Gross Tonnage,396,"ALL    "
23,"IDN    ",INDONESIA,INDONÉSIE,2019,ART,Artisanal Fishing,Pêcheries artisanales,1,PSS,Small purse seine,Senneur côtier,Purse Seine,Senne tournante,0,50,78,GT,Gross Tonnage,197,"ALL    "
23,"IDN    ",INDONESIA,INDONÉSIE,2019,ART,Artisanal Fishing,Pêcheries artisanales,1,PSS,Small purse seine,Senneur côtier,Purse Seine,Senne tournante,0,NULL,NULL,UNCL,Unclassified,835,"ALL    "
32,"MYS    ",MALAYSIA,MALAISIE,2019,ART,Artisanal Fishing,Pêcheries artisanales,1,PSS,Small purse seine,Senneur côtier,Purse Seine,Senne tournante,0,10,70,GRT,Gross Registered Tonnage,497,COASTAL
49,"THA    ",THAILAND,THAÏLANDE,2019,ART,Artisanal Fishing,Pêcheries artisanales,1,PSS,Small purse seine,Senneur côtier,Purse Seine,Senne tournante,0,14,25,LOA,Length overall,236,"ALL    "
46,"LKA    ",SRI LANKA,SRI LANKA,2019,ART,Artisanal Fishing,Pêcheries artisanales,1,RIN,Ring net,Lampara,Purse Seine,Senne tournante,0,0,10,LOA,Length overall,626,COASTAL
46,"LKA    ",SRI LANKA,SRI LANKA,2019,ART,Artisanal Fishing,Pêcheries artisanales,1,RIN,Ring net,Lampara,Purse Seine,Senne tournante,0,10,15,LOA,Length overall,738,COASTAL
46,"LKA    ",SRI LANKA,SRI LANKA,2019,IND,Industrial Fishing,Pêcheries industrielles,1,RNOF,Ring net (offshore),Lampara (hauturière),Purse Seine,Senne tournante,0,10,15,LOA,Length overall,279,PELAGIC
1,"AUS    ",AUSTRALIA,AUSTRALIE,2019,ART,Artisanal Fishing,Pêcheries artisanales,0,RR,Rod and Reel,Rod et bobine,Line,Lignes,0,4,20,LOA,Length overall,2,COASTAL
1,"AUS    ",AUSTRALIA,AUSTRALIE,2019,ART,Artisanal Fishing,Pêcheries artisanales,0,RR,Rod and Reel,Rod et bobine,Line,Lignes,0,15,24,LOA,Length overall,1,COASTAL
44,"ZAF    ",SOUTH AFRICA,AFRIQUE DU SUD,2019,ART,Artisanal Fishing,Pêcheries artisanales,6,SPOR,Sport fishing,Pêche sportive,Line,Lignes,0,15,24,LOA,Length overall,1,PELAGIC
13,"EUFRA  ",EU.FRANCE,UE.FRANCE,2019,IND,Industrial Fishing,Pêcheries industrielles,1,SUPP,Supply vessel,Bateau auxiliaire,Purse Seine,Senne tournante,0,24,40,LOA,Length overall,3,PELAGIC
26,"JPN    ",JAPAN,JAPON,2019,IND,Industrial Fishing,Pêcheries industrielles,1,SUPP,Supply vessel,Bateau auxiliaire,Purse Seine,Senne tournante,0,100,120,LOA,Length overall,1,PELAGIC
26,"JPN    ",JAPAN,JAPON,2019,IND,Industrial Fishing,Pêcheries industrielles,1,SUPP,Supply vessel,Bateau auxiliaire,Purse Seine,Senne tournante,0,120,140,LOA,Length overall,1,PELAGIC
29,"KOR    ",KOREA REP.,CORÉE RÉP.,2019,IND,Industrial Fishing,Pêcheries industrielles,1,SUPP,Supply vessel,Bateau auxiliaire,Purse Seine,Senne tournante,0,40,60,LOA,Length overall,1,PELAGIC
34,"MUS    ",MAURITIUS,MAURICE,2019,IND,Industrial Fishing,Pêcheries industrielles,1,SUPP,Supply vessel,Bateau auxiliaire,Purse Seine,Senne tournante,0,24,40,LOA,Length overall,1,PELAGIC
43,"SYC    ",SEYCHELLES,SEYCHELLES,2019,IND,Industrial Fishing,Pêcheries industrielles,1,SUPP,Supply vessel,Bateau auxiliaire,Purse Seine,Senne tournante,0,24,40,LOA,Length overall,1,PELAGIC
43,"SYC    ",SEYCHELLES,SEYCHELLES,2019,IND,Industrial Fishing,Pêcheries industrielles,1,SUPP,Supply vessel,Bateau auxiliaire,Purse Seine,Senne tournante,0,40,60,LOA,Length overall,2,PELAGIC
58,"NEIPS  ",NEI.OTHER,NCA.AUTRE,2019,IND,Industrial Fishing,Pêcheries industrielles,1,SUPP,Supply vessel,Bateau auxiliaire,Purse Seine,Senne tournante,0,24,40,LOA,Length overall,3,PELAGIC
58,"NEIPS  ",NEI.OTHER,NCA.AUTRE,2019,IND,Industrial Fishing,Pêcheries industrielles,1,SUPP,Supply vessel,Bateau auxiliaire,Purse Seine,Senne tournante,0,40,60,LOA,Length overall,3,PELAGIC
32,"MYS    ",MALAYSIA,MALAISIE,2019,ART,Artisanal Fishing,Pêcheries artisanales,9,TRAW,Trawl,Chaluts,Other,Autres,0,10,70,GRT,Gross Registered Tonnage,2777,COASTAL
1,"AUS    ",AUSTRALIA,AUSTRALIE,2019,ART,Artisanal Fishing,Pêcheries artisanales,6,TROL,Troll line,Ligne de traîne,Line,Lignes,0,4,20,LOA,Length overall,20,PELAGIC
14,"EUMYT  ",EU.FRANCE.MAYOTTE,UE.FRANCE.MAYOTTE,2019,ART,Artisanal Fishing,Pêcheries artisanales,6,TROL,Troll line,Ligne de traîne,Line,Lignes,0,0,15,LOA,Length overall,18,COASTAL
14,"EUMYT  ",EU.FRANCE.MAYOTTE,UE.FRANCE.MAYOTTE,2019,ART,Artisanal Fishing,Pêcheries artisanales,6,TROL,Troll line,Ligne de traîne,Line,Lignes,0,0,15,LOA,Length overall,18,PELAGIC
23,"IDN    ",INDONESIA,INDONÉSIE,2019,ART,Artisanal Fishing,Pêcheries artisanales,6,TROL,Troll line,Ligne de traîne,Line,Lignes,0,NULL,5,GT,Gross Tonnage,5621,"ALL    "
23,"IDN    ",INDONESIA,INDONÉSIE,2019,ART,Artisanal Fishing,Pêcheries artisanales,6,TROL,Troll line,Ligne de traîne,Line,Lignes,0,5,10,GT,Gross Tonnage,1031,"ALL    "
23,"IDN    ",INDONESIA,INDONÉSIE,2019,ART,Artisanal Fishing,Pêcheries artisanales,6,TROL,Troll line,Ligne de traîne,Line,Lignes,0,10,20,GT,Gross Tonnage,820,"ALL    "
23,"IDN    ",INDONESIA,INDONÉSIE,2019,ART,Artisanal Fishing,Pêcheries artisanales,6,TROL,Troll line,Ligne de traîne,Line,Lignes,0,20,30,GT,Gross Tonnage,217,"ALL    "
23,"IDN    ",INDONESIA,INDONÉSIE,2019,ART,Artisanal Fishing,Pêcheries artisanales,6,TROL,Troll line,Ligne de traîne,Line,Lignes,0,30,50,GT,Gross Tonnage,28,"ALL    "
23,"IDN    ",INDONESIA,INDONÉSIE,2019,ART,Artisanal Fishing,Pêcheries artisanales,6,TROL,Troll line,Ligne de traîne,Line,Lignes,0,NULL,NULL,UNCL,Unclassified,2018,"ALL    "
24,"IRN    ",IRAN ISLAMIC REP.,IRAN RÉP. ISLAMIQUE,2019,ART,Artisanal Fishing,Pêcheries artisanales,6,TROL,Troll line,Ligne de traîne,Line,Lignes,0,0,2,GRT,Gross Registered Tonnage,1645,COASTAL
32,"MYS    ",MALAYSIA,MALAISIE,2019,ART,Artisanal Fishing,Pêcheries artisanales,6,TROL,Troll line,Ligne de traîne,Line,Lignes,0,1,10,GRT,Gross Registered Tonnage,154,COASTAL
33,"MDV    ",MALDIVES,MALDIVES,2019,ART,Artisanal Fishing,Pêcheries artisanales,6,TROL,Troll line,Ligne de traîne,Line,Lignes,0,5,10,LOA,Length overall,9,PELAGIC
46,"LKA    ",SRI LANKA,SRI LANKA,2019,ART,Artisanal Fishing,Pêcheries artisanales,6,TROL,Troll line,Ligne de traîne,Line,Lignes,0,10,15,LOA,Length overall,316,COASTAL
46,"LKA    ",SRI LANKA,SRI LANKA,2019,ART,Artisanal Fishing,Pêcheries artisanales,9,UNCL,Unclassified,Non classé,Other,Autres,1,1,8,LOA,Length overall,42886,"ALL    "
46,"LKA    ",SRI LANKA,SRI LANKA,2019,ART,Artisanal Fishing,Pêcheries artisanales,9,UNCL,Unclassified,Non classé,Other,Autres,1,8,9,LOA,Length overall,3124,"ALL    "
1,"AUS    ",AUSTRALIA,AUSTRALIE,2020,IND,Industrial Fishing,Pêcheries industrielles,3,BB,Baitboat,Canne,Baitboat,Canne,0,24,40,LOA,Length overall,2,PELAGIC
23,"IDN    ",INDONESIA,INDONÉSIE,2020,ART,Artisanal Fishing,Pêcheries artisanales,3,BB,Baitboat,Canne,Baitboat,Canne,0,NULL,5,GT,Gross Tonnage,8988,PELAGIC
23,"IDN    ",INDONESIA,INDONÉSIE,2020,ART,Artisanal Fishing,Pêcheries artisanales,3,BB,Baitboat,Canne,Baitboat,Canne,0,5,10,GT,Gross Tonnage,208,PELAGIC
23,"IDN    ",INDONESIA,INDONÉSIE,2020,ART,Artisanal Fishing,Pêcheries artisanales,3,BB,Baitboat,Canne,Baitboat,Canne,0,10,20,GT,Gross Tonnage,69,PELAGIC
23,"IDN    ",INDONESIA,INDONÉSIE,2020,ART,Artisanal Fishing,Pêcheries artisanales,3,BB,Baitboat,Canne,Baitboat,Canne,0,20,30,GT,Gross Tonnage,173,PELAGIC
23,"IDN    ",INDONESIA,INDONÉSIE,2020,ART,Artisanal Fishing,Pêcheries artisanales,3,BB,Baitboat,Canne,Baitboat,Canne,0,30,50,GT,Gross Tonnage,25,PELAGIC
23,"IDN    ",INDONESIA,INDONÉSIE,2020,ART,Artisanal Fishing,Pêcheries artisanales,3,BB,Baitboat,Canne,Baitboat,Canne,0,50,85,GT,Gross Tonnage,7,PELAGIC
23,"IDN    ",INDONESIA,INDONÉSIE,2020,ART,Artisanal Fishing,Pêcheries artisanales,3,BB,Baitboat,Canne,Baitboat,Canne,0,NULL,NULL,UNCL,Unclassified,1215,PELAGIC
33,"MDV    ",MALDIVES,MALDIVES,2020,ART,Artisanal Fishing,Pêcheries artisanales,3,BB,Baitboat,Canne,Baitboat,Canne,0,24,40,LOA,Length overall,373,PELAGIC
46,"LKA    ",SRI LANKA,SRI LANKA,2020,ART,Artisanal Fishing,Pêcheries artisanales,1,BS,Beach seine,Senne de plage,Other,Autres,0,0,10,LOA,Length overall,874,COASTAL
23,"IDN    ",INDONESIA,INDONÉSIE,2020,ART,Artisanal Fishing,Pêcheries artisanales,9,DSEI,Danish Seine,Senne danoise,Other,Autres,0,NULL,5,GT,Gross Tonnage,12083,COASTAL
23,"IDN    ",INDONESIA,INDONÉSIE,2020,ART,Artisanal Fishing,Pêcheries artisanales,9,DSEI,Danish Seine,Senne danoise,Other,Autres,0,5,10,GT,Gross Tonnage,3963,COASTAL
23,"IDN    ",INDONESIA,INDONÉSIE,2020,ART,Artisanal Fishing,Pêcheries artisanales,9,DSEI,Danish Seine,Senne danoise,Other,Autres,0,10,20,GT,Gross Tonnage,407,COASTAL
23,"IDN    ",INDONESIA,INDONÉSIE,2020,ART,Artisanal Fishing,Pêcheries artisanales,9,DSEI,Danish Seine,Senne danoise,Other,Autres,0,20,30,GT,Gross Tonnage,115,COASTAL
23,"IDN    ",INDONESIA,INDONÉSIE,2020,ART,Artisanal Fishing,Pêcheries artisanales,9,DSEI,Danish Seine,Senne danoise,Other,Autres,0,30,50,GT,Gross Tonnage,22,COASTAL
23,"IDN    ",INDONESIA,INDONÉSIE,2020,ART,Artisanal Fishing,Pêcheries artisanales,9,DSEI,Danish Seine,Senne danoise,Other,Autres,0,NULL,NULL,UNCL,Unclassified,1654,COASTAL
1,"AUS    ",AUSTRALIA,AUSTRALIE,2020,IND,Industrial Fishing,Pêcheries industrielles,5,ELL,Longline targeting swordfish,Palangre à espadon,Longline,Palangre,0,24,40,LOA,Length overall,2,PELAGIC
1,"AUS    ",AUSTRALIA,AUSTRALIE,2020,IND,Industrial Fishing,Pêcheries industrielles,5,ELL,Longline targeting swordfish,Palangre à espadon,Longline,Palangre,0,40,60,LOA,Length overall,1,PELAGIC
15,"EUREU  ",EU.FRANCE.REUNION,UE.FRANCE.RÉUNION,2020,IND,Industrial Fishing,Pêcheries industrielles,5,ELL,Longline targeting swordfish,Palangre à espadon,Longline,Palangre,0,15,24,LOA,Length overall,17,PELAGIC
18,"EUPRT  ",EU.PORTUGAL,UE.PORTUGAL,2020,IND,Industrial Fishing,Pêcheries industrielles,5,ELL,Longline targeting swordfish,Palangre à espadon,Longline,Palangre,0,24,40,LOA,Length overall,2,PELAGIC
18,"EUPRT  ",EU.PORTUGAL,UE.PORTUGAL,2020,IND,Industrial Fishing,Pêcheries industrielles,5,ELL,Longline targeting swordfish,Palangre à espadon,Longline,Palangre,0,40,60,LOA,Length overall,1,PELAGIC
19,"EUESP  ",EU.SPAIN,UE.ESPAGNE,2020,IND,Industrial Fishing,Pêcheries industrielles,5,ELL,Longline targeting swordfish,Palangre à espadon,Longline,Palangre,0,24,40,LOA,Length overall,10,PELAGIC
19,"EUESP  ",EU.SPAIN,UE.ESPAGNE,2020,IND,Industrial Fishing,Pêcheries industrielles,5,ELL,Longline targeting swordfish,Palangre à espadon,Longline,Palangre,0,40,60,LOA,Length overall,1,PELAGIC
20,GBR,UNITED KINGDOM,ROYAUME-UNI,2020,IND,Industrial Fishing,Pêcheries industrielles,5,ELL,Longline targeting swordfish,Palangre à espadon,Longline,Palangre,0,24,40,LOA,Length overall,1,PELAGIC
31,"MDG    ",MADAGASCAR,MADAGASCAR,2020,IND,Industrial Fishing,Pêcheries industrielles,5,ELL,Longline targeting swordfish,Palangre à espadon,Longline,Palangre,0,0,15,LOA,Length overall,3,PELAGIC
31,"MDG    ",MADAGASCAR,MADAGASCAR,2020,IND,Industrial Fishing,Pêcheries industrielles,5,ELL,Longline targeting swordfish,Palangre à espadon,Longline,Palangre,0,15,24,LOA,Length overall,2,PELAGIC
34,"MUS    ",MAURITIUS,MAURICE,2020,IND,Industrial Fishing,Pêcheries industrielles,5,ELL,Longline targeting swordfish,Palangre à espadon,Longline,Palangre,0,0,15,LOA,Length overall,2,PELAGIC
35,"MOZ    ",MOZAMBIQUE,MOZAMBIQUE,2020,IND,Industrial Fishing,Pêcheries industrielles,5,ELL,Longline targeting swordfish,Palangre à espadon,Longline,Palangre,0,15,24,LOA,Length overall,14,PELAGIC
43,"SYC    ",SEYCHELLES,SEYCHELLES,2020,IND,Industrial Fishing,Pêcheries industrielles,5,ELL,Longline targeting swordfish,Palangre à espadon,Longline,Palangre,0,10,15,LOA,Length overall,3,PELAGIC
43,"SYC    ",SEYCHELLES,SEYCHELLES,2020,IND,Industrial Fishing,Pêcheries industrielles,5,ELL,Longline targeting swordfish,Palangre à espadon,Longline,Palangre,0,15,24,LOA,Length overall,9,PELAGIC
44,"ZAF    ",SOUTH AFRICA,AFRIQUE DU SUD,2020,IND,Industrial Fishing,Pêcheries industrielles,5,ELL,Longline targeting swordfish,Palangre à espadon,Longline,Palangre,0,15,24,LOA,Length overall,8,PELAGIC
44,"ZAF    ",SOUTH AFRICA,AFRIQUE DU SUD,2020,IND,Industrial Fishing,Pêcheries industrielles,5,ELL,Longline targeting swordfish,Palangre à espadon,Longline,Palangre,0,24,40,LOA,Length overall,7,PELAGIC
5,"CHN    ",CHINA,CHINE,2020,IND,Industrial Fishing,Pêcheries industrielles,5,FLL,Longline Fresh,Palangre Frais,Longline,Palangre,0,24,40,LOA,Length overall,6,PELAGIC
6,"TWN    ","TAIWAN,CHINA","TAIWAN,CHINE",2020,IND,Industrial Fishing,Pêcheries industrielles,5,FLL,Longline Fresh,Palangre Frais,Longline,Palangre,0,15,24,LOA,Length overall,31,PELAGIC
6,"TWN    ","TAIWAN,CHINA","TAIWAN,CHINE",2020,IND,Industrial Fishing,Pêcheries industrielles,5,FLL,Longline Fresh,Palangre Frais,Longline,Palangre,0,24,40,LOA,Length overall,93,PELAGIC
23,"IDN    ",INDONESIA,INDONÉSIE,2020,IND,Industrial Fishing,Pêcheries industrielles,5,FLL,Longline Fresh,Palangre Frais,Longline,Palangre,0,85,200,GT,Gross Tonnage,37,PELAGIC
32,"MYS    ",MALAYSIA,MALAISIE,2020,IND,Industrial Fishing,Pêcheries industrielles,5,FLL,Longline Fresh,Palangre Frais,Longline,Palangre,0,24,40,LOA,Length overall,19,PELAGIC
37,"OMN    ",OMAN,OMAN,2020,IND,Industrial Fishing,Pêcheries industrielles,5,FLL,Longline Fresh,Palangre Frais,Longline,Palangre,0,15,24,LOA,Length overall,2,PELAGIC
46,"LKA    ",SRI LANKA,SRI LANKA,2020,IND,Industrial Fishing,Pêcheries industrielles,5,FLL,Longline Fresh,Palangre Frais,Longline,Palangre,0,15,24,LOA,Length overall,599,PELAGIC
46,"LKA    ",SRI LANKA,SRI LANKA,2020,IND,Industrial Fishing,Pêcheries industrielles,5,FLL,Longline Fresh,Palangre Frais,Longline,Palangre,0,24,40,LOA,Length overall,23,PELAGIC
37,"OMN    ",OMAN,OMAN,2020,ART,Artisanal Fishing,Pêcheries artisanales,4,GIHA,Gillnet and hand line,Filet maillant et Ligne à main,Gillnet,Filet maillant,1,1,10,LOA,Length overall,24569,COASTAL
1,"AUS    ",AUSTRALIA,AUSTRALIE,2020,ART,Artisanal Fishing,Pêcheries artisanales,4,GILL,Gillnet,Filet maillant,Gillnet,Filet maillant,0,4,20,LOA,Length overall,3,COASTAL
23,"IDN    ",INDONESIA,INDONÉSIE,2020,ART,Artisanal Fishing,Pêcheries artisanales,4,GILL,Gillnet,Filet maillant,Gillnet,Filet maillant,0,NULL,5,GT,Gross Tonnage,130360,"ALL    "
23,"IDN    ",INDONESIA,INDONÉSIE,2020,ART,Artisanal Fishing,Pêcheries artisanales,4,GILL,Gillnet,Filet maillant,Gillnet,Filet maillant,0,5,10,GT,Gross Tonnage,17954,"ALL    "
23,"IDN    ",INDONESIA,INDONÉSIE,2020,ART,Artisanal Fishing,Pêcheries artisanales,4,GILL,Gillnet,Filet maillant,Gillnet,Filet maillant,0,10,20,GT,Gross Tonnage,3465,"ALL    "
23,"IDN    ",INDONESIA,INDONÉSIE,2020,ART,Artisanal Fishing,Pêcheries artisanales,4,GILL,Gillnet,Filet maillant,Gillnet,Filet maillant,0,20,30,GT,Gross Tonnage,703,"ALL    "
23,"IDN    ",INDONESIA,INDONÉSIE,2020,ART,Artisanal Fishing,Pêcheries artisanales,4,GILL,Gillnet,Filet maillant,Gillnet,Filet maillant,0,30,50,GT,Gross Tonnage,105,"ALL    "
23,"IDN    ",INDONESIA,INDONÉSIE,2020,ART,Artisanal Fishing,Pêcheries artisanales,4,GILL,Gillnet,Filet maillant,Gillnet,Filet maillant,0,50,85,GT,Gross Tonnage,115,"ALL    "
23,"IDN    ",INDONESIA,INDONÉSIE,2020,ART,Artisanal Fishing,Pêcheries artisanales,4,GILL,Gillnet,Filet maillant,Gillnet,Filet maillant,0,NULL,NULL,UNCL,Unclassified,20367,"ALL    "
24,"IRN    ",IRAN ISLAMIC REP.,IRAN RÉP. ISLAMIQUE,2020,ART,Artisanal Fishing,Pêcheries artisanales,4,GILL,Gillnet,Filet maillant,Gillnet,Filet maillant,0,101,NULL,GRT,Gross Registered Tonnage,486,"ALL    "
24,"IRN    ",IRAN ISLAMIC REP.,IRAN RÉP. ISLAMIQUE,2020,ART,Artisanal Fishing,Pêcheries artisanales,4,GILL,Gillnet,Filet maillant,Gillnet,Filet maillant,0,0,2,GRT,Gross Registered Tonnage,3751,"ALL    "
24,"IRN    ",IRAN ISLAMIC REP.,IRAN RÉP. ISLAMIQUE,2020,ART,Artisanal Fishing,Pêcheries artisanales,4,GILL,Gillnet,Filet maillant,Gillnet,Filet maillant,0,3,20,GRT,Gross Registered Tonnage,229,"ALL    "
24,"IRN    ",IRAN ISLAMIC REP.,IRAN RÉP. ISLAMIQUE,2020,ART,Artisanal Fishing,Pêcheries artisanales,4,GILL,Gillnet,Filet maillant,Gillnet,Filet maillant,0,21,50,GRT,Gross Registered Tonnage,215,"ALL    "
24,"IRN    ",IRAN ISLAMIC REP.,IRAN RÉP. ISLAMIQUE,2020,ART,Artisanal Fishing,Pêcheries artisanales,4,GILL,Gillnet,Filet maillant,Gillnet,Filet maillant,0,51,100,GRT,Gross Registered Tonnage,246,"ALL    "
37,"OMN    ",OMAN,OMAN,2020,ART,Artisanal Fishing,Pêcheries artisanales,4,GILL,Gillnet,Filet maillant,Gillnet,Filet maillant,0,10,24,LOA,Length overall,698,COASTAL
46,"LKA    ",SRI LANKA,SRI LANKA,2020,ART,Artisanal Fishing,Pêcheries artisanales,4,GILL,Gillnet,Filet maillant,Gillnet,Filet maillant,0,0,10,LOA,Length overall,1130,COASTAL
46,"LKA    ",SRI LANKA,SRI LANKA,2020,ART,Artisanal Fishing,Pêcheries artisanales,4,GILL,Gillnet,Filet maillant,Gillnet,Filet maillant,0,10,15,LOA,Length overall,906,COASTAL
46,"LKA    ",SRI LANKA,SRI LANKA,2020,IND,Industrial Fishing,Pêcheries industrielles,4,GIOF,Offshore gillnet,Filet maillant pêche hauturière,Gillnet,Filet maillant,0,10,15,LOA,Length overall,123,PELAGIC
1,"AUS    ",AUSTRALIA,AUSTRALIE,2020,ART,Artisanal Fishing,Pêcheries artisanales,6,HAND,Hand line,Ligne à main,Line,Lignes,0,4,20,LOA,Length overall,16,COASTAL
14,"EUMYT  ",EU.FRANCE.MAYOTTE,UE.FRANCE.MAYOTTE,2020,ART,Artisanal Fishing,Pêcheries artisanales,6,HAND,Hand line,Ligne à main,Line,Lignes,0,0,15,LOA,Length overall,79,COASTAL
14,"EUMYT  ",EU.FRANCE.MAYOTTE,UE.FRANCE.MAYOTTE,2020,ART,Artisanal Fishing,Pêcheries artisanales,6,HAND,Hand line,Ligne à main,Line,Lignes,0,0,15,LOA,Length overall,79,PELAGIC
23,"IDN    ",INDONESIA,INDONÉSIE,2020,ART,Artisanal Fishing,Pêcheries artisanales,6,HAND,Hand line,Ligne à main,Line,Lignes,0,NULL,5,GT,Gross Tonnage,43949,"ALL    "
23,"IDN    ",INDONESIA,INDONÉSIE,2020,ART,Artisanal Fishing,Pêcheries artisanales,6,HAND,Hand line,Ligne à main,Line,Lignes,0,5,10,GT,Gross Tonnage,3054,"ALL    "
23,"IDN    ",INDONESIA,INDONÉSIE,2020,ART,Artisanal Fishing,Pêcheries artisanales,6,HAND,Hand line,Ligne à main,Line,Lignes,0,10,20,GT,Gross Tonnage,667,"ALL    "
23,"IDN    ",INDONESIA,INDONÉSIE,2020,ART,Artisanal Fishing,Pêcheries artisanales,6,HAND,Hand line,Ligne à main,Line,Lignes,0,20,30,GT,Gross Tonnage,456,"ALL    "
23,"IDN    ",INDONESIA,INDONÉSIE,2020,ART,Artisanal Fishing,Pêcheries artisanales,6,HAND,Hand line,Ligne à main,Line,Lignes,0,30,50,GT,Gross Tonnage,87,"ALL    "
23,"IDN    ",INDONESIA,INDONÉSIE,2020,ART,Artisanal Fishing,Pêcheries artisanales,6,HAND,Hand line,Ligne à main,Line,Lignes,0,50,85,GT,Gross Tonnage,180,"ALL    "
23,"IDN    ",INDONESIA,INDONÉSIE,2020,ART,Artisanal Fishing,Pêcheries artisanales,6,HAND,Hand line,Ligne à main,Line,Lignes,0,NULL,NULL,UNCL,Unclassified,10734,"ALL    "
33,"MDV    ",MALDIVES,MALDIVES,2020,ART,Artisanal Fishing,Pêcheries artisanales,6,HAND,Hand line,Ligne à main,Line,Lignes,0,4,6,LOA,Length overall,5,PELAGIC
34,"MUS    ",MAURITIUS,MAURICE,2020,ART,Artisanal Fishing,Pêcheries artisanales,6,HAND,Hand line,Ligne à main,Line,Lignes,0,0,15,LOA,Length overall,92,PELAGIC
46,"LKA    ",SRI LANKA,SRI LANKA,2020,ART,Artisanal Fishing,Pêcheries artisanales,6,HAND,Hand line,Ligne à main,Line,Lignes,0,0,10,LOA,Length overall,55,COASTAL
46,"LKA    ",SRI LANKA,SRI LANKA,2020,ART,Artisanal Fishing,Pêcheries artisanales,6,HAND,Hand line,Ligne à main,Line,Lignes,0,10,15,LOA,Length overall,744,COASTAL
50,"GBRT   ",UK.TERRITORIES,RU.TERRITOIRES,2020,ART,Artisanal Fishing,Pêcheries artisanales,6,HAND,Hand line,Ligne à main,Line,Lignes,0,6,10,LOA,Length overall,43,PELAGIC
50,"GBRT   ",UK.TERRITORIES,RU.TERRITOIRES,2020,ART,Artisanal Fishing,Pêcheries artisanales,6,HAND,Hand line,Ligne à main,Line,Lignes,0,10,25,LOA,Length overall,4,PELAGIC
15,"EUREU  ",EU.FRANCE.REUNION,UE.FRANCE.RÉUNION,2020,ART,Artisanal Fishing,Pêcheries artisanales,6,HATR,Hand line and Troll line,Ligne à main et Ligne de traîne,Line,Lignes,1,5,14,LOA,Length overall,124,PELAGIC
23,"IDN    ",INDONESIA,INDONÉSIE,2020,ART,Artisanal Fishing,Pêcheries artisanales,9,LIFT,Liftnet,Carrelet,Other,Autres,0,NULL,5,GT,Gross Tonnage,6391,COASTAL
23,"IDN    ",INDONESIA,INDONÉSIE,2020,ART,Artisanal Fishing,Pêcheries artisanales,9,LIFT,Liftnet,Carrelet,Other,Autres,0,5,10,GT,Gross Tonnage,960,COASTAL
23,"IDN    ",INDONESIA,INDONÉSIE,2020,ART,Artisanal Fishing,Pêcheries artisanales,9,LIFT,Liftnet,Carrelet,Other,Autres,0,10,20,GT,Gross Tonnage,457,COASTAL
23,"IDN    ",INDONESIA,INDONÉSIE,2020,ART,Artisanal Fishing,Pêcheries artisanales,9,LIFT,Liftnet,Carrelet,Other,Autres,0,20,30,GT,Gross Tonnage,426,COASTAL
23,"IDN    ",INDONESIA,INDONÉSIE,2020,ART,Artisanal Fishing,Pêcheries artisanales,9,LIFT,Liftnet,Carrelet,Other,Autres,0,30,50,GT,Gross Tonnage,147,COASTAL
23,"IDN    ",INDONESIA,INDONÉSIE,2020,ART,Artisanal Fishing,Pêcheries artisanales,9,LIFT,Liftnet,Carrelet,Other,Autres,0,50,85,GT,Gross Tonnage,205,COASTAL
23,"IDN    ",INDONESIA,INDONÉSIE,2020,ART,Artisanal Fishing,Pêcheries artisanales,9,LIFT,Liftnet,Carrelet,Other,Autres,0,NULL,NULL,UNCL,Unclassified,662,COASTAL
5,"CHN    ",CHINA,CHINE,2020,IND,Industrial Fishing,Pêcheries industrielles,5,LL,Longline,Palangre dérivante au-dessus de 1800 hameçons,Longline,Palangre,0,24,40,LOA,Length overall,18,PELAGIC
5,"CHN    ",CHINA,CHINE,2020,IND,Industrial Fishing,Pêcheries industrielles,5,LL,Longline,Palangre dérivante au-dessus de 1800 hameçons,Longline,Palangre,0,40,60,LOA,Length overall,56,PELAGIC
6,"TWN    ","TAIWAN,CHINA","TAIWAN,CHINE",2020,IND,Industrial Fishing,Pêcheries industrielles,5,LL,Longline,Palangre dérivante au-dessus de 1800 hameçons,Longline,Palangre,0,24,40,LOA,Length overall,46,PELAGIC
6,"TWN    ","TAIWAN,CHINA","TAIWAN,CHINE",2020,IND,Industrial Fishing,Pêcheries industrielles,5,LL,Longline,Palangre dérivante au-dessus de 1800 hameçons,Longline,Palangre,0,40,60,LOA,Length overall,91,PELAGIC
26,"JPN    ",JAPAN,JAPON,2020,IND,Industrial Fishing,Pêcheries industrielles,5,LL,Longline,Palangre dérivante au-dessus de 1800 hameçons,Longline,Palangre,0,40,60,LOA,Length overall,58,PELAGIC
29,"KOR    ",KOREA REP.,CORÉE RÉP.,2020,IND,Industrial Fishing,Pêcheries industrielles,5,LL,Longline,Palangre dérivante au-dessus de 1800 hameçons,Longline,Palangre,0,40,60,LOA,Length overall,10,PELAGIC
43,"SYC    ",SEYCHELLES,SEYCHELLES,2020,IND,Industrial Fishing,Pêcheries industrielles,5,LL,Longline,Palangre dérivante au-dessus de 1800 hameçons,Longline,Palangre,0,24,40,LOA,Length overall,21,PELAGIC
43,"SYC    ",SEYCHELLES,SEYCHELLES,2020,IND,Industrial Fishing,Pêcheries industrielles,5,LL,Longline,Palangre dérivante au-dessus de 1800 hameçons,Longline,Palangre,0,40,60,LOA,Length overall,41,PELAGIC
14,"EUMYT  ",EU.FRANCE.MAYOTTE,UE.FRANCE.MAYOTTE,2020,ART,Artisanal Fishing,Pêcheries artisanales,6,LLCO,Coastal longline,Petite palangre,Line,Lignes,0,0,15,LOA,Length overall,2,NULL
14,"EUMYT  ",EU.FRANCE.MAYOTTE,UE.FRANCE.MAYOTTE,2020,ART,Artisanal Fishing,Pêcheries artisanales,6,LLCO,Coastal longline,Petite palangre,Line,Lignes,0,0,15,LOA,Length overall,2,COASTAL
15,"EUREU  ",EU.FRANCE.REUNION,UE.FRANCE.RÉUNION,2020,ART,Artisanal Fishing,Pêcheries artisanales,6,LLCO,Coastal longline,Petite palangre,Line,Lignes,0,0,15,LOA,Length overall,20,PELAGIC
23,"IDN    ",INDONESIA,INDONÉSIE,2020,ART,Artisanal Fishing,Pêcheries artisanales,6,LLCO,Coastal longline,Petite palangre,Line,Lignes,0,NULL,5,GT,Gross Tonnage,14202,"ALL    "
23,"IDN    ",INDONESIA,INDONÉSIE,2020,ART,Artisanal Fishing,Pêcheries artisanales,6,LLCO,Coastal longline,Petite palangre,Line,Lignes,0,5,10,GT,Gross Tonnage,2611,"ALL    "
23,"IDN    ",INDONESIA,INDONÉSIE,2020,ART,Artisanal Fishing,Pêcheries artisanales,6,LLCO,Coastal longline,Petite palangre,Line,Lignes,0,10,20,GT,Gross Tonnage,133,"ALL    "
23,"IDN    ",INDONESIA,INDONÉSIE,2020,ART,Artisanal Fishing,Pêcheries artisanales,6,LLCO,Coastal longline,Petite palangre,Line,Lignes,0,20,30,GT,Gross Tonnage,236,"ALL    "
23,"IDN    ",INDONESIA,INDONÉSIE,2020,ART,Artisanal Fishing,Pêcheries artisanales,6,LLCO,Coastal longline,Petite palangre,Line,Lignes,0,30,50,GT,Gross Tonnage,34,"ALL    "
23,"IDN    ",INDONESIA,INDONÉSIE,2020,ART,Artisanal Fishing,Pêcheries artisanales,6,LLCO,Coastal longline,Petite palangre,Line,Lignes,0,50,85,GT,Gross Tonnage,107,"ALL    "
23,"IDN    ",INDONESIA,INDONÉSIE,2020,ART,Artisanal Fishing,Pêcheries artisanales,6,LLCO,Coastal longline,Petite palangre,Line,Lignes,0,NULL,NULL,UNCL,Unclassified,1415,"ALL    "
46,"LKA    ",SRI LANKA,SRI LANKA,2020,ART,Artisanal Fishing,Pêcheries artisanales,6,LLCO,Coastal longline,Petite palangre,Line,Lignes,0,0,10,LOA,Length overall,422,COASTAL
46,"LKA    ",SRI LANKA,SRI LANKA,2020,ART,Artisanal Fishing,Pêcheries artisanales,6,LLCO,Coastal longline,Petite palangre,Line,Lignes,0,10,15,LOA,Length overall,1936,COASTAL
46,"LKA    ",SRI LANKA,SRI LANKA,2020,ART,Artisanal Fishing,Pêcheries artisanales,6,LLCO,Coastal longline,Petite palangre,Line,Lignes,0,15,24,LOA,Length overall,855,COASTAL
22,"IND    ",INDIA,INDE,2020,IND,Industrial Fishing,Pêcheries industrielles,5,LLEX,Exploratory longline,Palangre de prospection,Longline,Palangre,0,24,40,LOA,Length overall,4,PELAGIC
1,"AUS    ",AUSTRALIA,AUSTRALIE,2020,IND,Industrial Fishing,Pêcheries industrielles,1,PS,Purse seine,Senne tournante aux thons,Purse Seine,Senne tournante,0,24,40,LOA,Length overall,3,PELAGIC
1,"AUS    ",AUSTRALIA,AUSTRALIE,2020,IND,Industrial Fishing,Pêcheries industrielles,1,PS,Purse seine,Senne tournante aux thons,Purse Seine,Senne tournante,0,40,60,LOA,Length overall,4,PELAGIC
13,"EUFRA  ",EU.FRANCE,UE.FRANCE,2020,IND,Industrial Fishing,Pêcheries industrielles,1,PS,Purse seine,Senne tournante aux thons,Purse Seine,Senne tournante,0,60,80,LOA,Length overall,9,PELAGIC
13,"EUFRA  ",EU.FRANCE,UE.FRANCE,2020,IND,Industrial Fishing,Pêcheries industrielles,1,PS,Purse seine,Senne tournante aux thons,Purse Seine,Senne tournante,0,80,100,LOA,Length overall,8,PELAGIC
19,"EUESP  ",EU.SPAIN,UE.ESPAGNE,2020,IND,Industrial Fishing,Pêcheries industrielles,1,PS,Purse seine,Senne tournante aux thons,Purse Seine,Senne tournante,0,80,100,LOA,Length overall,8,PELAGIC
19,"EUESP  ",EU.SPAIN,UE.ESPAGNE,2020,IND,Industrial Fishing,Pêcheries industrielles,1,PS,Purse seine,Senne tournante aux thons,Purse Seine,Senne tournante,0,100,120,LOA,Length overall,7,PELAGIC
23,"IDN    ",INDONESIA,INDONÉSIE,2020,IND,Industrial Fishing,Pêcheries industrielles,1,PS,Purse seine,Senne tournante aux thons,Purse Seine,Senne tournante,0,78,200,GT,Gross Tonnage,279,PELAGIC
23,"IDN    ",INDONESIA,INDONÉSIE,2020,IND,Industrial Fishing,Pêcheries industrielles,1,PS,Purse seine,Senne tournante aux thons,Purse Seine,Senne tournante,0,200,300,GT,Gross Tonnage,1,PELAGIC
24,"IRN    ",IRAN ISLAMIC REP.,IRAN RÉP. ISLAMIQUE,2020,IND,Industrial Fishing,Pêcheries industrielles,1,PS,Purse seine,Senne tournante aux thons,Purse Seine,Senne tournante,0,40,60,LOA,Length overall,3,PELAGIC
24,"IRN    ",IRAN ISLAMIC REP.,IRAN RÉP. ISLAMIQUE,2020,IND,Industrial Fishing,Pêcheries industrielles,1,PS,Purse seine,Senne tournante aux thons,Purse Seine,Senne tournante,0,60,80,LOA,Length overall,3,PELAGIC
24,"IRN    ",IRAN ISLAMIC REP.,IRAN RÉP. ISLAMIQUE,2020,IND,Industrial Fishing,Pêcheries industrielles,1,PS,Purse seine,Senne tournante aux thons,Purse Seine,Senne tournante,0,80,100,LOA,Length overall,1,PELAGIC
26,"JPN    ",JAPAN,JAPON,2020,IND,Industrial Fishing,Pêcheries industrielles,1,PS,Purse seine,Senne tournante aux thons,Purse Seine,Senne tournante,0,60,80,LOA,Length overall,2,PELAGIC
29,"KOR    ",KOREA REP.,CORÉE RÉP.,2020,IND,Industrial Fishing,Pêcheries industrielles,1,PS,Purse seine,Senne tournante aux thons,Purse Seine,Senne tournante,0,60,80,LOA,Length overall,2,PELAGIC
34,"MUS    ",MAURITIUS,MAURICE,2020,IND,Industrial Fishing,Pêcheries industrielles,1,PS,Purse seine,Senne tournante aux thons,Purse Seine,Senne tournante,0,80,100,LOA,Length overall,3,PELAGIC
43,"SYC    ",SEYCHELLES,SEYCHELLES,2020,IND,Industrial Fishing,Pêcheries industrielles,1,PS,Purse seine,Senne tournante aux thons,Purse Seine,Senne tournante,0,60,80,LOA,Length overall,3,PELAGIC
43,"SYC    ",SEYCHELLES,SEYCHELLES,2020,IND,Industrial Fishing,Pêcheries industrielles,1,PS,Purse seine,Senne tournante aux thons,Purse Seine,Senne tournante,0,80,100,LOA,Length overall,8,PELAGIC
43,"SYC    ",SEYCHELLES,SEYCHELLES,2020,IND,Industrial Fishing,Pêcheries industrielles,1,PS,Purse seine,Senne tournante aux thons,Purse Seine,Senne tournante,0,100,120,LOA,Length overall,2,PELAGIC
60,"EUITA  ",EU.ITALY,EU.ITALIE,2020,IND,Industrial Fishing,Pêcheries industrielles,1,PS,Purse seine,Senne tournante aux thons,Purse Seine,Senne tournante,0,60,80,LOA,Length overall,1,NULL
60,"EUITA  ",EU.ITALY,EU.ITALIE,2020,IND,Industrial Fishing,Pêcheries industrielles,1,PS,Purse seine,Senne tournante aux thons,Purse Seine,Senne tournante,0,60,80,LOA,Length overall,1,PELAGIC
23,"IDN    ",INDONESIA,INDONÉSIE,2020,ART,Artisanal Fishing,Pêcheries artisanales,1,PSS,Small purse seine,Senneur côtier,Purse Seine,Senne tournante,0,NULL,5,GT,Gross Tonnage,1322,"ALL    "
23,"IDN    ",INDONESIA,INDONÉSIE,2020,ART,Artisanal Fishing,Pêcheries artisanales,1,PSS,Small purse seine,Senneur côtier,Purse Seine,Senne tournante,0,5,10,GT,Gross Tonnage,1175,"ALL    "
23,"IDN    ",INDONESIA,INDONÉSIE,2020,ART,Artisanal Fishing,Pêcheries artisanales,1,PSS,Small purse seine,Senneur côtier,Purse Seine,Senne tournante,0,10,20,GT,Gross Tonnage,1742,"ALL    "
23,"IDN    ",INDONESIA,INDONÉSIE,2020,ART,Artisanal Fishing,Pêcheries artisanales,1,PSS,Small purse seine,Senneur côtier,Purse Seine,Senne tournante,0,20,30,GT,Gross Tonnage,1158,"ALL    "
23,"IDN    ",INDONESIA,INDONÉSIE,2020,ART,Artisanal Fishing,Pêcheries artisanales,1,PSS,Small purse seine,Senneur côtier,Purse Seine,Senne tournante,0,30,50,GT,Gross Tonnage,71,"ALL    "
23,"IDN    ",INDONESIA,INDONÉSIE,2020,ART,Artisanal Fishing,Pêcheries artisanales,1,PSS,Small purse seine,Senneur côtier,Purse Seine,Senne tournante,0,50,78,GT,Gross Tonnage,183,"ALL    "
23,"IDN    ",INDONESIA,INDONÉSIE,2020,ART,Artisanal Fishing,Pêcheries artisanales,1,PSS,Small purse seine,Senneur côtier,Purse Seine,Senne tournante,0,NULL,NULL,UNCL,Unclassified,834,"ALL    "
49,"THA    ",THAILAND,THAÏLANDE,2020,ART,Artisanal Fishing,Pêcheries artisanales,1,PSS,Small purse seine,Senneur côtier,Purse Seine,Senne tournante,0,14,25,LOA,Length overall,228,"ALL    "
46,"LKA    ",SRI LANKA,SRI LANKA,2020,ART,Artisanal Fishing,Pêcheries artisanales,1,RIN,Ring net,Lampara,Purse Seine,Senne tournante,0,0,10,LOA,Length overall,616,COASTAL
46,"LKA    ",SRI LANKA,SRI LANKA,2020,ART,Artisanal Fishing,Pêcheries artisanales,1,RIN,Ring net,Lampara,Purse Seine,Senne tournante,0,10,15,LOA,Length overall,1386,COASTAL
46,"LKA    ",SRI LANKA,SRI LANKA,2020,IND,Industrial Fishing,Pêcheries industrielles,1,RNOF,Ring net (offshore),Lampara (hauturière),Purse Seine,Senne tournante,0,10,15,LOA,Length overall,182,PELAGIC
13,"EUFRA  ",EU.FRANCE,UE.FRANCE,2020,IND,Industrial Fishing,Pêcheries industrielles,1,SUPP,Supply vessel,Bateau auxiliaire,Purse Seine,Senne tournante,0,24,40,LOA,Length overall,1,PELAGIC
19,"EUESP  ",EU.SPAIN,UE.ESPAGNE,2020,IND,Industrial Fishing,Pêcheries industrielles,1,SUPP,Supply vessel,Bateau auxiliaire,Purse Seine,Senne tournante,0,24,40,LOA,Length overall,3,PELAGIC
19,"EUESP  ",EU.SPAIN,UE.ESPAGNE,2020,IND,Industrial Fishing,Pêcheries industrielles,1,SUPP,Supply vessel,Bateau auxiliaire,Purse Seine,Senne tournante,0,40,60,LOA,Length overall,2,PELAGIC
29,"KOR    ",KOREA REP.,CORÉE RÉP.,2020,IND,Industrial Fishing,Pêcheries industrielles,1,SUPP,Supply vessel,Bateau auxiliaire,Purse Seine,Senne tournante,0,40,60,LOA,Length overall,1,PELAGIC
34,"MUS    ",MAURITIUS,MAURICE,2020,IND,Industrial Fishing,Pêcheries industrielles,1,SUPP,Supply vessel,Bateau auxiliaire,Purse Seine,Senne tournante,0,24,40,LOA,Length overall,1,PELAGIC
43,"SYC    ",SEYCHELLES,SEYCHELLES,2020,IND,Industrial Fishing,Pêcheries industrielles,1,SUPP,Supply vessel,Bateau auxiliaire,Purse Seine,Senne tournante,0,24,40,LOA,Length overall,2,PELAGIC
43,"SYC    ",SEYCHELLES,SEYCHELLES,2020,IND,Industrial Fishing,Pêcheries industrielles,1,SUPP,Supply vessel,Bateau auxiliaire,Purse Seine,Senne tournante,0,40,60,LOA,Length overall,2,PELAGIC
1,"AUS    ",AUSTRALIA,AUSTRALIE,2020,IND,Industrial Fishing,Pêcheries industrielles,9,TRAW,Trawl,Chaluts,Other,Autres,0,4,20,LOA,Length overall,3,COASTAL
1,"AUS    ",AUSTRALIA,AUSTRALIE,2020,ART,Artisanal Fishing,Pêcheries artisanales,6,TROL,Troll line,Ligne de traîne,Line,Lignes,0,4,20,LOA,Length overall,24,PELAGIC
1,"AUS    ",AUSTRALIA,AUSTRALIE,2020,ART,Artisanal Fishing,Pêcheries artisanales,6,TROL,Troll line,Ligne de traîne,Line,Lignes,0,15,24,LOA,Length overall,10,PELAGIC
14,"EUMYT  ",EU.FRANCE.MAYOTTE,UE.FRANCE.MAYOTTE,2020,ART,Artisanal Fishing,Pêcheries artisanales,6,TROL,Troll line,Ligne de traîne,Line,Lignes,0,0,15,LOA,Length overall,13,COASTAL
14,"EUMYT  ",EU.FRANCE.MAYOTTE,UE.FRANCE.MAYOTTE,2020,ART,Artisanal Fishing,Pêcheries artisanales,6,TROL,Troll line,Ligne de traîne,Line,Lignes,0,0,15,LOA,Length overall,13,PELAGIC
23,"IDN    ",INDONESIA,INDONÉSIE,2020,ART,Artisanal Fishing,Pêcheries artisanales,6,TROL,Troll line,Ligne de traîne,Line,Lignes,0,NULL,5,GT,Gross Tonnage,5845,"ALL    "
23,"IDN    ",INDONESIA,INDONÉSIE,2020,ART,Artisanal Fishing,Pêcheries artisanales,6,TROL,Troll line,Ligne de traîne,Line,Lignes,0,5,10,GT,Gross Tonnage,838,"ALL    "
23,"IDN    ",INDONESIA,INDONÉSIE,2020,ART,Artisanal Fishing,Pêcheries artisanales,6,TROL,Troll line,Ligne de traîne,Line,Lignes,0,10,20,GT,Gross Tonnage,317,"ALL    "
23,"IDN    ",INDONESIA,INDONÉSIE,2020,ART,Artisanal Fishing,Pêcheries artisanales,6,TROL,Troll line,Ligne de traîne,Line,Lignes,0,20,30,GT,Gross Tonnage,76,"ALL    "
23,"IDN    ",INDONESIA,INDONÉSIE,2020,ART,Artisanal Fishing,Pêcheries artisanales,6,TROL,Troll line,Ligne de traîne,Line,Lignes,0,30,50,GT,Gross Tonnage,36,"ALL    "
23,"IDN    ",INDONESIA,INDONÉSIE,2020,ART,Artisanal Fishing,Pêcheries artisanales,6,TROL,Troll line,Ligne de traîne,Line,Lignes,0,NULL,NULL,UNCL,Unclassified,2024,"ALL    "
24,"IRN    ",IRAN ISLAMIC REP.,IRAN RÉP. ISLAMIQUE,2020,ART,Artisanal Fishing,Pêcheries artisanales,6,TROL,Troll line,Ligne de traîne,Line,Lignes,0,0,2,GRT,Gross Registered Tonnage,1900,COASTAL
33,"MDV    ",MALDIVES,MALDIVES,2020,ART,Artisanal Fishing,Pêcheries artisanales,6,TROL,Troll line,Ligne de traîne,Line,Lignes,0,5,10,LOA,Length overall,9,PELAGIC
46,"LKA    ",SRI LANKA,SRI LANKA,2020,ART,Artisanal Fishing,Pêcheries artisanales,6,TROL,Troll line,Ligne de traîne,Line,Lignes,0,10,15,LOA,Length overall,336,COASTAL
46,"LKA    ",SRI LANKA,SRI LANKA,2020,ART,Artisanal Fishing,Pêcheries artisanales,9,UNCL,Unclassified,Non classé,Other,Autres,1,1,8,LOA,Length overall,42886,"ALL    "
46,"LKA    ",SRI LANKA,SRI LANKA,2020,ART,Artisanal Fishing,Pêcheries artisanales,9,UNCL,Unclassified,Non classé,Other,Autres,1,8,9,LOA,Length overall,3124,"ALL    "
1,"AUS    ",AUSTRALIA,AUSTRALIE,2021,IND,Industrial Fishing,Pêcheries industrielles,3,BB,Baitboat,Canne,Baitboat,Canne,0,24,40,LOA,Length overall,1,PELAGIC
23,"IDN    ",INDONESIA,INDONÉSIE,2021,ART,Artisanal Fishing,Pêcheries artisanales,3,BB,Baitboat,Canne,Baitboat,Canne,0,NULL,5,GT,Gross Tonnage,3744,PELAGIC
23,"IDN    ",INDONESIA,INDONÉSIE,2021,ART,Artisanal Fishing,Pêcheries artisanales,3,BB,Baitboat,Canne,Baitboat,Canne,0,5,10,GT,Gross Tonnage,648,PELAGIC
23,"IDN    ",INDONESIA,INDONÉSIE,2021,ART,Artisanal Fishing,Pêcheries artisanales,3,BB,Baitboat,Canne,Baitboat,Canne,0,10,20,GT,Gross Tonnage,57,PELAGIC
23,"IDN    ",INDONESIA,INDONÉSIE,2021,ART,Artisanal Fishing,Pêcheries artisanales,3,BB,Baitboat,Canne,Baitboat,Canne,0,20,30,GT,Gross Tonnage,161,PELAGIC
23,"IDN    ",INDONESIA,INDONÉSIE,2021,ART,Artisanal Fishing,Pêcheries artisanales,3,BB,Baitboat,Canne,Baitboat,Canne,0,NULL,NULL,UNCL,Unclassified,835,PELAGIC
44,"ZAF    ",SOUTH AFRICA,AFRIQUE DU SUD,2021,IND,Industrial Fishing,Pêcheries industrielles,3,BB,Baitboat,Canne,Baitboat,Canne,0,0,15,LOA,Length overall,1,PELAGIC
46,"LKA    ",SRI LANKA,SRI LANKA,2021,ART,Artisanal Fishing,Pêcheries artisanales,1,BS,Beach seine,Senne de plage,Other,Autres,0,0,10,LOA,Length overall,825,COASTAL
23,"IDN    ",INDONESIA,INDONÉSIE,2021,ART,Artisanal Fishing,Pêcheries artisanales,9,DSEI,Danish Seine,Senne danoise,Other,Autres,0,NULL,5,GT,Gross Tonnage,11515,COASTAL
23,"IDN    ",INDONESIA,INDONÉSIE,2021,ART,Artisanal Fishing,Pêcheries artisanales,9,DSEI,Danish Seine,Senne danoise,Other,Autres,0,5,10,GT,Gross Tonnage,2024,COASTAL
23,"IDN    ",INDONESIA,INDONÉSIE,2021,ART,Artisanal Fishing,Pêcheries artisanales,9,DSEI,Danish Seine,Senne danoise,Other,Autres,0,10,20,GT,Gross Tonnage,892,COASTAL
23,"IDN    ",INDONESIA,INDONÉSIE,2021,ART,Artisanal Fishing,Pêcheries artisanales,9,DSEI,Danish Seine,Senne danoise,Other,Autres,0,20,30,GT,Gross Tonnage,44,COASTAL
23,"IDN    ",INDONESIA,INDONÉSIE,2021,ART,Artisanal Fishing,Pêcheries artisanales,9,DSEI,Danish Seine,Senne danoise,Other,Autres,0,NULL,NULL,UNCL,Unclassified,701,COASTAL
1,"AUS    ",AUSTRALIA,AUSTRALIE,2021,IND,Industrial Fishing,Pêcheries industrielles,5,ELL,Longline targeting swordfish,Palangre à espadon,Longline,Palangre,0,24,40,LOA,Length overall,1,PELAGIC
1,"AUS    ",AUSTRALIA,AUSTRALIE,2021,IND,Industrial Fishing,Pêcheries industrielles,5,ELL,Longline targeting swordfish,Palangre à espadon,Longline,Palangre,0,40,60,LOA,Length overall,2,PELAGIC
15,"EUREU  ",EU.FRANCE.REUNION,UE.FRANCE.RÉUNION,2021,IND,Industrial Fishing,Pêcheries industrielles,5,ELL,Longline targeting swordfish,Palangre à espadon,Longline,Palangre,0,15,24,LOA,Length overall,19,PELAGIC
18,"EUPRT  ",EU.PORTUGAL,UE.PORTUGAL,2021,IND,Industrial Fishing,Pêcheries industrielles,5,ELL,Longline targeting swordfish,Palangre à espadon,Longline,Palangre,0,24,40,LOA,Length overall,1,PELAGIC
18,"EUPRT  ",EU.PORTUGAL,UE.PORTUGAL,2021,IND,Industrial Fishing,Pêcheries industrielles,5,ELL,Longline targeting swordfish,Palangre à espadon,Longline,Palangre,0,40,60,LOA,Length overall,1,PELAGIC
19,"EUESP  ",EU.SPAIN,UE.ESPAGNE,2021,IND,Industrial Fishing,Pêcheries industrielles,5,ELL,Longline targeting swordfish,Palangre à espadon,Longline,Palangre,0,24,40,LOA,Length overall,7,PELAGIC
19,"EUESP  ",EU.SPAIN,UE.ESPAGNE,2021,IND,Industrial Fishing,Pêcheries industrielles,5,ELL,Longline targeting swordfish,Palangre à espadon,Longline,Palangre,0,40,60,LOA,Length overall,1,PELAGIC
31,"MDG    ",MADAGASCAR,MADAGASCAR,2021,IND,Industrial Fishing,Pêcheries industrielles,5,ELL,Longline targeting swordfish,Palangre à espadon,Longline,Palangre,0,0,15,LOA,Length overall,3,PELAGIC
31,"MDG    ",MADAGASCAR,MADAGASCAR,2021,IND,Industrial Fishing,Pêcheries industrielles,5,ELL,Longline targeting swordfish,Palangre à espadon,Longline,Palangre,0,15,24,LOA,Length overall,2,PELAGIC
34,"MUS    ",MAURITIUS,MAURICE,2021,IND,Industrial Fishing,Pêcheries industrielles,5,ELL,Longline targeting swordfish,Palangre à espadon,Longline,Palangre,0,0,15,LOA,Length overall,1,PELAGIC
35,"MOZ    ",MOZAMBIQUE,MOZAMBIQUE,2021,IND,Industrial Fishing,Pêcheries industrielles,5,ELL,Longline targeting swordfish,Palangre à espadon,Longline,Palangre,0,15,24,LOA,Length overall,6,PELAGIC
43,"SYC    ",SEYCHELLES,SEYCHELLES,2021,IND,Industrial Fishing,Pêcheries industrielles,5,ELL,Longline targeting swordfish,Palangre à espadon,Longline,Palangre,0,10,15,LOA,Length overall,5,PELAGIC
43,"SYC    ",SEYCHELLES,SEYCHELLES,2021,IND,Industrial Fishing,Pêcheries industrielles,5,ELL,Longline targeting swordfish,Palangre à espadon,Longline,Palangre,0,15,24,LOA,Length overall,9,PELAGIC
44,"ZAF    ",SOUTH AFRICA,AFRIQUE DU SUD,2021,IND,Industrial Fishing,Pêcheries industrielles,5,ELL,Longline targeting swordfish,Palangre à espadon,Longline,Palangre,0,15,24,LOA,Length overall,6,PELAGIC
44,"ZAF    ",SOUTH AFRICA,AFRIQUE DU SUD,2021,IND,Industrial Fishing,Pêcheries industrielles,5,ELL,Longline targeting swordfish,Palangre à espadon,Longline,Palangre,0,24,40,LOA,Length overall,6,PELAGIC
5,"CHN    ",CHINA,CHINE,2021,IND,Industrial Fishing,Pêcheries industrielles,5,FLL,Longline Fresh,Palangre Frais,Longline,Palangre,0,24,40,LOA,Length overall,6,PELAGIC
6,"TWN    ","TAIWAN,CHINA","TAIWAN,CHINE",2021,IND,Industrial Fishing,Pêcheries industrielles,5,FLL,Longline Fresh,Palangre Frais,Longline,Palangre,0,15,24,LOA,Length overall,32,PELAGIC
6,"TWN    ","TAIWAN,CHINA","TAIWAN,CHINE",2021,IND,Industrial Fishing,Pêcheries industrielles,5,FLL,Longline Fresh,Palangre Frais,Longline,Palangre,0,24,40,LOA,Length overall,91,PELAGIC
23,"IDN    ",INDONESIA,INDONÉSIE,2021,IND,Industrial Fishing,Pêcheries industrielles,5,FLL,Longline Fresh,Palangre Frais,Longline,Palangre,0,85,200,GT,Gross Tonnage,86,PELAGIC
32,"MYS    ",MALAYSIA,MALAISIE,2021,IND,Industrial Fishing,Pêcheries industrielles,5,FLL,Longline Fresh,Palangre Frais,Longline,Palangre,0,24,40,LOA,Length overall,20,PELAGIC
37,"OMN    ",OMAN,OMAN,2021,IND,Industrial Fishing,Pêcheries industrielles,5,FLL,Longline Fresh,Palangre Frais,Longline,Palangre,0,15,24,LOA,Length overall,2,PELAGIC
46,"LKA    ",SRI LANKA,SRI LANKA,2021,IND,Industrial Fishing,Pêcheries industrielles,5,FLL,Longline Fresh,Palangre Frais,Longline,Palangre,0,15,24,LOA,Length overall,696,PELAGIC
46,"LKA    ",SRI LANKA,SRI LANKA,2021,IND,Industrial Fishing,Pêcheries industrielles,5,FLL,Longline Fresh,Palangre Frais,Longline,Palangre,0,24,40,LOA,Length overall,22,PELAGIC
37,"OMN    ",OMAN,OMAN,2021,ART,Artisanal Fishing,Pêcheries artisanales,4,GIHA,Gillnet and hand line,Filet maillant et Ligne à main,Gillnet,Filet maillant,1,1,10,LOA,Length overall,25381,COASTAL
1,"AUS    ",AUSTRALIA,AUSTRALIE,2021,ART,Artisanal Fishing,Pêcheries artisanales,4,GILL,Gillnet,Filet maillant,Gillnet,Filet maillant,0,4,20,LOA,Length overall,5,COASTAL
23,"IDN    ",INDONESIA,INDONÉSIE,2021,ART,Artisanal Fishing,Pêcheries artisanales,4,GILL,Gillnet,Filet maillant,Gillnet,Filet maillant,0,NULL,5,GT,Gross Tonnage,90093,"ALL    "
23,"IDN    ",INDONESIA,INDONÉSIE,2021,ART,Artisanal Fishing,Pêcheries artisanales,4,GILL,Gillnet,Filet maillant,Gillnet,Filet maillant,0,5,10,GT,Gross Tonnage,13768,"ALL    "
23,"IDN    ",INDONESIA,INDONÉSIE,2021,ART,Artisanal Fishing,Pêcheries artisanales,4,GILL,Gillnet,Filet maillant,Gillnet,Filet maillant,0,10,20,GT,Gross Tonnage,1865,"ALL    "
23,"IDN    ",INDONESIA,INDONÉSIE,2021,ART,Artisanal Fishing,Pêcheries artisanales,4,GILL,Gillnet,Filet maillant,Gillnet,Filet maillant,0,20,30,GT,Gross Tonnage,356,"ALL    "
23,"IDN    ",INDONESIA,INDONÉSIE,2021,ART,Artisanal Fishing,Pêcheries artisanales,4,GILL,Gillnet,Filet maillant,Gillnet,Filet maillant,0,30,50,GT,Gross Tonnage,4,"ALL    "
23,"IDN    ",INDONESIA,INDONÉSIE,2021,ART,Artisanal Fishing,Pêcheries artisanales,4,GILL,Gillnet,Filet maillant,Gillnet,Filet maillant,0,50,85,GT,Gross Tonnage,21,"ALL    "
23,"IDN    ",INDONESIA,INDONÉSIE,2021,ART,Artisanal Fishing,Pêcheries artisanales,4,GILL,Gillnet,Filet maillant,Gillnet,Filet maillant,0,NULL,NULL,UNCL,Unclassified,14673,"ALL    "
24,"IRN    ",IRAN ISLAMIC REP.,IRAN RÉP. ISLAMIQUE,2021,ART,Artisanal Fishing,Pêcheries artisanales,4,GILL,Gillnet,Filet maillant,Gillnet,Filet maillant,0,101,NULL,GRT,Gross Registered Tonnage,246,"ALL    "
24,"IRN    ",IRAN ISLAMIC REP.,IRAN RÉP. ISLAMIQUE,2021,ART,Artisanal Fishing,Pêcheries artisanales,4,GILL,Gillnet,Filet maillant,Gillnet,Filet maillant,0,0,2,GRT,Gross Registered Tonnage,2694,"ALL    "
24,"IRN    ",IRAN ISLAMIC REP.,IRAN RÉP. ISLAMIQUE,2021,ART,Artisanal Fishing,Pêcheries artisanales,4,GILL,Gillnet,Filet maillant,Gillnet,Filet maillant,0,3,20,GRT,Gross Registered Tonnage,437,"ALL    "
24,"IRN    ",IRAN ISLAMIC REP.,IRAN RÉP. ISLAMIQUE,2021,ART,Artisanal Fishing,Pêcheries artisanales,4,GILL,Gillnet,Filet maillant,Gillnet,Filet maillant,0,21,50,GRT,Gross Registered Tonnage,254,"ALL    "
24,"IRN    ",IRAN ISLAMIC REP.,IRAN RÉP. ISLAMIQUE,2021,ART,Artisanal Fishing,Pêcheries artisanales,4,GILL,Gillnet,Filet maillant,Gillnet,Filet maillant,0,51,100,GRT,Gross Registered Tonnage,506,"ALL    "
32,"MYS    ",MALAYSIA,MALAISIE,2021,ART,Artisanal Fishing,Pêcheries artisanales,4,GILL,Gillnet,Filet maillant,Gillnet,Filet maillant,0,1,10,GRT,Gross Registered Tonnage,10463,COASTAL
37,"OMN    ",OMAN,OMAN,2021,ART,Artisanal Fishing,Pêcheries artisanales,4,GILL,Gillnet,Filet maillant,Gillnet,Filet maillant,0,10,24,LOA,Length overall,721,COASTAL
46,"LKA    ",SRI LANKA,SRI LANKA,2021,ART,Artisanal Fishing,Pêcheries artisanales,4,GILL,Gillnet,Filet maillant,Gillnet,Filet maillant,0,0,10,LOA,Length overall,1130,COASTAL
46,"LKA    ",SRI LANKA,SRI LANKA,2021,ART,Artisanal Fishing,Pêcheries artisanales,4,GILL,Gillnet,Filet maillant,Gillnet,Filet maillant,0,10,15,LOA,Length overall,1273,COASTAL
46,"LKA    ",SRI LANKA,SRI LANKA,2021,IND,Industrial Fishing,Pêcheries industrielles,4,GIOF,Offshore gillnet,Filet maillant pêche hauturière,Gillnet,Filet maillant,0,10,15,LOA,Length overall,233,PELAGIC
1,"AUS    ",AUSTRALIA,AUSTRALIE,2021,ART,Artisanal Fishing,Pêcheries artisanales,6,HAND,Hand line,Ligne à main,Line,Lignes,0,4,20,LOA,Length overall,17,COASTAL
14,"EUMYT  ",EU.FRANCE.MAYOTTE,UE.FRANCE.MAYOTTE,2021,ART,Artisanal Fishing,Pêcheries artisanales,6,HAND,Hand line,Ligne à main,Line,Lignes,0,0,15,LOA,Length overall,67,COASTAL
14,"EUMYT  ",EU.FRANCE.MAYOTTE,UE.FRANCE.MAYOTTE,2021,ART,Artisanal Fishing,Pêcheries artisanales,6,HAND,Hand line,Ligne à main,Line,Lignes,0,0,15,LOA,Length overall,67,PELAGIC
20,"GBR    ",UNITED KINGDOM,ROYAUME-UNI,2021,ART,Artisanal Fishing,Pêcheries artisanales,6,HAND,Hand line,Ligne à main,Line,Lignes,0,6,10,LOA,Length overall,43,NULL
20,"GBR    ",UNITED KINGDOM,ROYAUME-UNI,2021,ART,Artisanal Fishing,Pêcheries artisanales,6,HAND,Hand line,Ligne à main,Line,Lignes,0,10,25,LOA,Length overall,4,NULL
23,"IDN    ",INDONESIA,INDONÉSIE,2021,ART,Artisanal Fishing,Pêcheries artisanales,6,HAND,Hand line,Ligne à main,Line,Lignes,0,NULL,5,GT,Gross Tonnage,65214,"ALL    "
23,"IDN    ",INDONESIA,INDONÉSIE,2021,ART,Artisanal Fishing,Pêcheries artisanales,6,HAND,Hand line,Ligne à main,Line,Lignes,0,5,10,GT,Gross Tonnage,4382,"ALL    "
23,"IDN    ",INDONESIA,INDONÉSIE,2021,ART,Artisanal Fishing,Pêcheries artisanales,6,HAND,Hand line,Ligne à main,Line,Lignes,0,10,20,GT,Gross Tonnage,657,"ALL    "
23,"IDN    ",INDONESIA,INDONÉSIE,2021,ART,Artisanal Fishing,Pêcheries artisanales,6,HAND,Hand line,Ligne à main,Line,Lignes,0,20,30,GT,Gross Tonnage,321,"ALL    "
23,"IDN    ",INDONESIA,INDONÉSIE,2021,ART,Artisanal Fishing,Pêcheries artisanales,6,HAND,Hand line,Ligne à main,Line,Lignes,0,30,50,GT,Gross Tonnage,38,"ALL    "
23,"IDN    ",INDONESIA,INDONÉSIE,2021,ART,Artisanal Fishing,Pêcheries artisanales,6,HAND,Hand line,Ligne à main,Line,Lignes,0,50,85,GT,Gross Tonnage,325,"ALL    "
23,"IDN    ",INDONESIA,INDONÉSIE,2021,ART,Artisanal Fishing,Pêcheries artisanales,6,HAND,Hand line,Ligne à main,Line,Lignes,0,NULL,NULL,UNCL,Unclassified,7299,"ALL    "
34,"MUS    ",MAURITIUS,MAURICE,2021,ART,Artisanal Fishing,Pêcheries artisanales,6,HAND,Hand line,Ligne à main,Line,Lignes,0,0,15,LOA,Length overall,149,PELAGIC
46,"LKA    ",SRI LANKA,SRI LANKA,2021,ART,Artisanal Fishing,Pêcheries artisanales,6,HAND,Hand line,Ligne à main,Line,Lignes,0,0,10,LOA,Length overall,84,COASTAL
46,"LKA    ",SRI LANKA,SRI LANKA,2021,ART,Artisanal Fishing,Pêcheries artisanales,6,HAND,Hand line,Ligne à main,Line,Lignes,0,10,15,LOA,Length overall,1320,COASTAL
15,"EUREU  ",EU.FRANCE.REUNION,UE.FRANCE.RÉUNION,2021,ART,Artisanal Fishing,Pêcheries artisanales,6,HATR,Hand line and Troll line,Ligne à main et Ligne de traîne,Line,Lignes,1,5,14,LOA,Length overall,109,PELAGIC
23,"IDN    ",INDONESIA,INDONÉSIE,2021,ART,Artisanal Fishing,Pêcheries artisanales,9,LIFT,Liftnet,Carrelet,Other,Autres,0,NULL,5,GT,Gross Tonnage,2866,COASTAL
23,"IDN    ",INDONESIA,INDONÉSIE,2021,ART,Artisanal Fishing,Pêcheries artisanales,9,LIFT,Liftnet,Carrelet,Other,Autres,0,5,10,GT,Gross Tonnage,1171,COASTAL
23,"IDN    ",INDONESIA,INDONÉSIE,2021,ART,Artisanal Fishing,Pêcheries artisanales,9,LIFT,Liftnet,Carrelet,Other,Autres,0,10,20,GT,Gross Tonnage,751,COASTAL
23,"IDN    ",INDONESIA,INDONÉSIE,2021,ART,Artisanal Fishing,Pêcheries artisanales,9,LIFT,Liftnet,Carrelet,Other,Autres,0,20,30,GT,Gross Tonnage,254,COASTAL
23,"IDN    ",INDONESIA,INDONÉSIE,2021,ART,Artisanal Fishing,Pêcheries artisanales,9,LIFT,Liftnet,Carrelet,Other,Autres,0,30,50,GT,Gross Tonnage,94,COASTAL
23,"IDN    ",INDONESIA,INDONÉSIE,2021,ART,Artisanal Fishing,Pêcheries artisanales,9,LIFT,Liftnet,Carrelet,Other,Autres,0,50,85,GT,Gross Tonnage,57,COASTAL
23,"IDN    ",INDONESIA,INDONÉSIE,2021,ART,Artisanal Fishing,Pêcheries artisanales,9,LIFT,Liftnet,Carrelet,Other,Autres,0,85,200,GT,Gross Tonnage,4,COASTAL
23,"IDN    ",INDONESIA,INDONÉSIE,2021,ART,Artisanal Fishing,Pêcheries artisanales,9,LIFT,Liftnet,Carrelet,Other,Autres,0,NULL,NULL,UNCL,Unclassified,908,COASTAL
1,"AUS    ",AUSTRALIA,AUSTRALIE,2021,IND,Industrial Fishing,Pêcheries industrielles,5,LL,Longline,Palangre dérivante au-dessus de 1800 hameçons,Longline,Palangre,0,15,24,LOA,Length overall,2,NULL
5,"CHN    ",CHINA,CHINE,2021,IND,Industrial Fishing,Pêcheries industrielles,5,LL,Longline,Palangre dérivante au-dessus de 1800 hameçons,Longline,Palangre,0,24,40,LOA,Length overall,18,PELAGIC
5,"CHN    ",CHINA,CHINE,2021,IND,Industrial Fishing,Pêcheries industrielles,5,LL,Longline,Palangre dérivante au-dessus de 1800 hameçons,Longline,Palangre,0,40,60,LOA,Length overall,54,PELAGIC
6,"TWN    ","TAIWAN,CHINA","TAIWAN,CHINE",2021,IND,Industrial Fishing,Pêcheries industrielles,5,LL,Longline,Palangre dérivante au-dessus de 1800 hameçons,Longline,Palangre,0,24,40,LOA,Length overall,46,PELAGIC
6,"TWN    ","TAIWAN,CHINA","TAIWAN,CHINE",2021,IND,Industrial Fishing,Pêcheries industrielles,5,LL,Longline,Palangre dérivante au-dessus de 1800 hameçons,Longline,Palangre,0,40,60,LOA,Length overall,91,PELAGIC
26,"JPN    ",JAPAN,JAPON,2021,IND,Industrial Fishing,Pêcheries industrielles,5,LL,Longline,Palangre dérivante au-dessus de 1800 hameçons,Longline,Palangre,0,40,60,LOA,Length overall,53,PELAGIC
29,"KOR    ",KOREA REP.,CORÉE RÉP.,2021,IND,Industrial Fishing,Pêcheries industrielles,5,LL,Longline,Palangre dérivante au-dessus de 1800 hameçons,Longline,Palangre,0,40,60,LOA,Length overall,5,PELAGIC
37,"OMN    ",OMAN,OMAN,2021,IND,Industrial Fishing,Pêcheries industrielles,5,LL,Longline,Palangre dérivante au-dessus de 1800 hameçons,Longline,Palangre,0,40,60,LOA,Length overall,2,PELAGIC
43,"SYC    ",SEYCHELLES,SEYCHELLES,2021,IND,Industrial Fishing,Pêcheries industrielles,5,LL,Longline,Palangre dérivante au-dessus de 1800 hameçons,Longline,Palangre,0,24,40,LOA,Length overall,21,PELAGIC
43,"SYC    ",SEYCHELLES,SEYCHELLES,2021,IND,Industrial Fishing,Pêcheries industrielles,5,LL,Longline,Palangre dérivante au-dessus de 1800 hameçons,Longline,Palangre,0,40,60,LOA,Length overall,47,PELAGIC
15,"EUREU  ",EU.FRANCE.REUNION,UE.FRANCE.RÉUNION,2021,ART,Artisanal Fishing,Pêcheries artisanales,6,LLCO,Coastal longline,Petite palangre,Line,Lignes,0,0,15,LOA,Length overall,21,PELAGIC
23,"IDN    ",INDONESIA,INDONÉSIE,2021,ART,Artisanal Fishing,Pêcheries artisanales,6,LLCO,Coastal longline,Petite palangre,Line,Lignes,0,NULL,5,GT,Gross Tonnage,11496,"ALL    "
23,"IDN    ",INDONESIA,INDONÉSIE,2021,ART,Artisanal Fishing,Pêcheries artisanales,6,LLCO,Coastal longline,Petite palangre,Line,Lignes,0,5,10,GT,Gross Tonnage,2008,"ALL    "
23,"IDN    ",INDONESIA,INDONÉSIE,2021,ART,Artisanal Fishing,Pêcheries artisanales,6,LLCO,Coastal longline,Petite palangre,Line,Lignes,0,10,20,GT,Gross Tonnage,350,"ALL    "
23,"IDN    ",INDONESIA,INDONÉSIE,2021,ART,Artisanal Fishing,Pêcheries artisanales,6,LLCO,Coastal longline,Petite palangre,Line,Lignes,0,20,30,GT,Gross Tonnage,104,"ALL    "
23,"IDN    ",INDONESIA,INDONÉSIE,2021,ART,Artisanal Fishing,Pêcheries artisanales,6,LLCO,Coastal longline,Petite palangre,Line,Lignes,0,30,50,GT,Gross Tonnage,40,"ALL    "
23,"IDN    ",INDONESIA,INDONÉSIE,2021,ART,Artisanal Fishing,Pêcheries artisanales,6,LLCO,Coastal longline,Petite palangre,Line,Lignes,0,50,85,GT,Gross Tonnage,145,"ALL    "
23,"IDN    ",INDONESIA,INDONÉSIE,2021,ART,Artisanal Fishing,Pêcheries artisanales,6,LLCO,Coastal longline,Petite palangre,Line,Lignes,0,NULL,NULL,UNCL,Unclassified,555,"ALL    "
46,"LKA    ",SRI LANKA,SRI LANKA,2021,ART,Artisanal Fishing,Pêcheries artisanales,6,LLCO,Coastal longline,Petite palangre,Line,Lignes,0,0,10,LOA,Length overall,422,COASTAL
46,"LKA    ",SRI LANKA,SRI LANKA,2021,ART,Artisanal Fishing,Pêcheries artisanales,6,LLCO,Coastal longline,Petite palangre,Line,Lignes,0,10,15,LOA,Length overall,2486,COASTAL
22,"IND    ",INDIA,INDE,2021,IND,Industrial Fishing,Pêcheries industrielles,5,LLEX,Exploratory longline,Palangre de prospection,Longline,Palangre,0,24,40,LOA,Length overall,4,PELAGIC
1,"AUS    ",AUSTRALIA,AUSTRALIE,2021,IND,Industrial Fishing,Pêcheries industrielles,1,PS,Purse seine,Senne tournante aux thons,Purse Seine,Senne tournante,0,24,40,LOA,Length overall,3,PELAGIC
1,"AUS    ",AUSTRALIA,AUSTRALIE,2021,IND,Industrial Fishing,Pêcheries industrielles,1,PS,Purse seine,Senne tournante aux thons,Purse Seine,Senne tournante,0,40,60,LOA,Length overall,4,PELAGIC
13,"EUFRA  ",EU.FRANCE,UE.FRANCE,2021,IND,Industrial Fishing,Pêcheries industrielles,1,PS,Purse seine,Senne tournante aux thons,Purse Seine,Senne tournante,0,60,80,LOA,Length overall,5,PELAGIC
13,"EUFRA  ",EU.FRANCE,UE.FRANCE,2021,IND,Industrial Fishing,Pêcheries industrielles,1,PS,Purse seine,Senne tournante aux thons,Purse Seine,Senne tournante,0,80,100,LOA,Length overall,6,PELAGIC
19,"EUESP  ",EU.SPAIN,UE.ESPAGNE,2021,IND,Industrial Fishing,Pêcheries industrielles,1,PS,Purse seine,Senne tournante aux thons,Purse Seine,Senne tournante,0,80,100,LOA,Length overall,9,PELAGIC
19,"EUESP  ",EU.SPAIN,UE.ESPAGNE,2021,IND,Industrial Fishing,Pêcheries industrielles,1,PS,Purse seine,Senne tournante aux thons,Purse Seine,Senne tournante,0,100,120,LOA,Length overall,7,PELAGIC
23,"IDN    ",INDONESIA,INDONÉSIE,2021,IND,Industrial Fishing,Pêcheries industrielles,1,PS,Purse seine,Senne tournante aux thons,Purse Seine,Senne tournante,0,78,200,GT,Gross Tonnage,289,PELAGIC
23,"IDN    ",INDONESIA,INDONÉSIE,2021,IND,Industrial Fishing,Pêcheries industrielles,1,PS,Purse seine,Senne tournante aux thons,Purse Seine,Senne tournante,0,200,300,GT,Gross Tonnage,3,PELAGIC
24,"IRN    ",IRAN ISLAMIC REP.,IRAN RÉP. ISLAMIQUE,2021,IND,Industrial Fishing,Pêcheries industrielles,1,PS,Purse seine,Senne tournante aux thons,Purse Seine,Senne tournante,0,40,60,LOA,Length overall,1,PELAGIC
24,"IRN    ",IRAN ISLAMIC REP.,IRAN RÉP. ISLAMIQUE,2021,IND,Industrial Fishing,Pêcheries industrielles,1,PS,Purse seine,Senne tournante aux thons,Purse Seine,Senne tournante,0,60,80,LOA,Length overall,4,PELAGIC
24,"IRN    ",IRAN ISLAMIC REP.,IRAN RÉP. ISLAMIQUE,2021,IND,Industrial Fishing,Pêcheries industrielles,1,PS,Purse seine,Senne tournante aux thons,Purse Seine,Senne tournante,0,80,100,LOA,Length overall,1,PELAGIC
29,"KOR    ",KOREA REP.,CORÉE RÉP.,2021,IND,Industrial Fishing,Pêcheries industrielles,1,PS,Purse seine,Senne tournante aux thons,Purse Seine,Senne tournante,0,60,80,LOA,Length overall,2,PELAGIC
34,"MUS    ",MAURITIUS,MAURICE,2021,IND,Industrial Fishing,Pêcheries industrielles,1,PS,Purse seine,Senne tournante aux thons,Purse Seine,Senne tournante,0,80,100,LOA,Length overall,3,PELAGIC
43,"SYC    ",SEYCHELLES,SEYCHELLES,2021,IND,Industrial Fishing,Pêcheries industrielles,1,PS,Purse seine,Senne tournante aux thons,Purse Seine,Senne tournante,0,60,80,LOA,Length overall,3,PELAGIC
43,"SYC    ",SEYCHELLES,SEYCHELLES,2021,IND,Industrial Fishing,Pêcheries industrielles,1,PS,Purse seine,Senne tournante aux thons,Purse Seine,Senne tournante,0,80,100,LOA,Length overall,8,PELAGIC
43,"SYC    ",SEYCHELLES,SEYCHELLES,2021,IND,Industrial Fishing,Pêcheries industrielles,1,PS,Purse seine,Senne tournante aux thons,Purse Seine,Senne tournante,0,100,120,LOA,Length overall,2,PELAGIC
60,"EUITA  ",EU.ITALY,EU.ITALIE,2021,IND,Industrial Fishing,Pêcheries industrielles,1,PS,Purse seine,Senne tournante aux thons,Purse Seine,Senne tournante,0,60,80,LOA,Length overall,1,NULL
60,"EUITA  ",EU.ITALY,EU.ITALIE,2021,IND,Industrial Fishing,Pêcheries industrielles,1,PS,Purse seine,Senne tournante aux thons,Purse Seine,Senne tournante,0,60,80,LOA,Length overall,1,PELAGIC
23,"IDN    ",INDONESIA,INDONÉSIE,2021,ART,Artisanal Fishing,Pêcheries artisanales,1,PSS,Small purse seine,Senneur côtier,Purse Seine,Senne tournante,0,NULL,5,GT,Gross Tonnage,1739,"ALL    "
23,"IDN    ",INDONESIA,INDONÉSIE,2021,ART,Artisanal Fishing,Pêcheries artisanales,1,PSS,Small purse seine,Senneur côtier,Purse Seine,Senne tournante,0,5,10,GT,Gross Tonnage,750,"ALL    "
23,"IDN    ",INDONESIA,INDONÉSIE,2021,ART,Artisanal Fishing,Pêcheries artisanales,1,PSS,Small purse seine,Senneur côtier,Purse Seine,Senne tournante,0,10,20,GT,Gross Tonnage,1040,"ALL    "
23,"IDN    ",INDONESIA,INDONÉSIE,2021,ART,Artisanal Fishing,Pêcheries artisanales,1,PSS,Small purse seine,Senneur côtier,Purse Seine,Senne tournante,0,20,30,GT,Gross Tonnage,1241,"ALL    "
23,"IDN    ",INDONESIA,INDONÉSIE,2021,ART,Artisanal Fishing,Pêcheries artisanales,1,PSS,Small purse seine,Senneur côtier,Purse Seine,Senne tournante,0,30,50,GT,Gross Tonnage,206,"ALL    "
23,"IDN    ",INDONESIA,INDONÉSIE,2021,ART,Artisanal Fishing,Pêcheries artisanales,1,PSS,Small purse seine,Senneur côtier,Purse Seine,Senne tournante,0,50,78,GT,Gross Tonnage,234,"ALL    "
32,"MYS    ",MALAYSIA,MALAISIE,2021,ART,Artisanal Fishing,Pêcheries artisanales,1,PSS,Small purse seine,Senneur côtier,Purse Seine,Senne tournante,0,10,70,GRT,Gross Registered Tonnage,420,COASTAL
49,"THA    ",THAILAND,THAÏLANDE,2021,ART,Artisanal Fishing,Pêcheries artisanales,1,PSS,Small purse seine,Senneur côtier,Purse Seine,Senne tournante,0,14,25,LOA,Length overall,227,"ALL    "
46,"LKA    ",SRI LANKA,SRI LANKA,2021,ART,Artisanal Fishing,Pêcheries artisanales,1,RIN,Ring net,Lampara,Purse Seine,Senne tournante,0,0,10,LOA,Length overall,520,COASTAL
46,"LKA    ",SRI LANKA,SRI LANKA,2021,ART,Artisanal Fishing,Pêcheries artisanales,1,RIN,Ring net,Lampara,Purse Seine,Senne tournante,0,10,15,LOA,Length overall,1386,COASTAL
46,"LKA    ",SRI LANKA,SRI LANKA,2021,IND,Industrial Fishing,Pêcheries industrielles,1,RNOF,Ring net (offshore),Lampara (hauturière),Purse Seine,Senne tournante,0,10,15,LOA,Length overall,182,PELAGIC
13,"EUFRA  ",EU.FRANCE,UE.FRANCE,2021,IND,Industrial Fishing,Pêcheries industrielles,1,SUPP,Supply vessel,Bateau auxiliaire,Purse Seine,Senne tournante,0,24,40,LOA,Length overall,2,PELAGIC
19,"EUESP  ",EU.SPAIN,UE.ESPAGNE,2021,IND,Industrial Fishing,Pêcheries industrielles,1,SUPP,Supply vessel,Bateau auxiliaire,Purse Seine,Senne tournante,0,24,40,LOA,Length overall,3,PELAGIC
19,"EUESP  ",EU.SPAIN,UE.ESPAGNE,2021,IND,Industrial Fishing,Pêcheries industrielles,1,SUPP,Supply vessel,Bateau auxiliaire,Purse Seine,Senne tournante,0,40,60,LOA,Length overall,2,PELAGIC
29,"KOR    ",KOREA REP.,CORÉE RÉP.,2021,IND,Industrial Fishing,Pêcheries industrielles,1,SUPP,Supply vessel,Bateau auxiliaire,Purse Seine,Senne tournante,0,40,60,LOA,Length overall,1,PELAGIC
34,"MUS    ",MAURITIUS,MAURICE,2021,IND,Industrial Fishing,Pêcheries industrielles,1,SUPP,Supply vessel,Bateau auxiliaire,Purse Seine,Senne tournante,0,24,40,LOA,Length overall,1,PELAGIC
43,"SYC    ",SEYCHELLES,SEYCHELLES,2021,IND,Industrial Fishing,Pêcheries industrielles,1,SUPP,Supply vessel,Bateau auxiliaire,Purse Seine,Senne tournante,0,24,40,LOA,Length overall,1,PELAGIC
43,"SYC    ",SEYCHELLES,SEYCHELLES,2021,IND,Industrial Fishing,Pêcheries industrielles,1,SUPP,Supply vessel,Bateau auxiliaire,Purse Seine,Senne tournante,0,40,60,LOA,Length overall,2,PELAGIC
32,"MYS    ",MALAYSIA,MALAISIE,2021,ART,Artisanal Fishing,Pêcheries artisanales,9,TRAW,Trawl,Chaluts,Other,Autres,0,10,70,GRT,Gross Registered Tonnage,2416,COASTAL
1,"AUS    ",AUSTRALIA,AUSTRALIE,2021,ART,Artisanal Fishing,Pêcheries artisanales,6,TROL,Troll line,Ligne de traîne,Line,Lignes,0,4,20,LOA,Length overall,28,PELAGIC
1,"AUS    ",AUSTRALIA,AUSTRALIE,2021,ART,Artisanal Fishing,Pêcheries artisanales,6,TROL,Troll line,Ligne de traîne,Line,Lignes,0,15,24,LOA,Length overall,11,PELAGIC
14,"EUMYT  ",EU.FRANCE.MAYOTTE,UE.FRANCE.MAYOTTE,2021,ART,Artisanal Fishing,Pêcheries artisanales,6,TROL,Troll line,Ligne de traîne,Line,Lignes,0,0,15,LOA,Length overall,20,COASTAL
14,"EUMYT  ",EU.FRANCE.MAYOTTE,UE.FRANCE.MAYOTTE,2021,ART,Artisanal Fishing,Pêcheries artisanales,6,TROL,Troll line,Ligne de traîne,Line,Lignes,0,0,15,LOA,Length overall,20,PELAGIC
23,"IDN    ",INDONESIA,INDONÉSIE,2021,ART,Artisanal Fishing,Pêcheries artisanales,6,TROL,Troll line,Ligne de traîne,Line,Lignes,0,NULL,5,GT,Gross Tonnage,12988,"ALL    "
23,"IDN    ",INDONESIA,INDONÉSIE,2021,ART,Artisanal Fishing,Pêcheries artisanales,6,TROL,Troll line,Ligne de traîne,Line,Lignes,0,5,10,GT,Gross Tonnage,1186,"ALL    "
23,"IDN    ",INDONESIA,INDONÉSIE,2021,ART,Artisanal Fishing,Pêcheries artisanales,6,TROL,Troll line,Ligne de traîne,Line,Lignes,0,10,20,GT,Gross Tonnage,263,"ALL    "
23,"IDN    ",INDONESIA,INDONÉSIE,2021,ART,Artisanal Fishing,Pêcheries artisanales,6,TROL,Troll line,Ligne de traîne,Line,Lignes,0,20,30,GT,Gross Tonnage,77,"ALL    "
23,"IDN    ",INDONESIA,INDONÉSIE,2021,ART,Artisanal Fishing,Pêcheries artisanales,6,TROL,Troll line,Ligne de traîne,Line,Lignes,0,30,50,GT,Gross Tonnage,1,"ALL    "
23,"IDN    ",INDONESIA,INDONÉSIE,2021,ART,Artisanal Fishing,Pêcheries artisanales,6,TROL,Troll line,Ligne de traîne,Line,Lignes,0,NULL,NULL,UNCL,Unclassified,2,"ALL    "
24,"IRN    ",IRAN ISLAMIC REP.,IRAN RÉP. ISLAMIQUE,2021,ART,Artisanal Fishing,Pêcheries artisanales,6,TROL,Troll line,Ligne de traîne,Line,Lignes,0,0,2,GRT,Gross Registered Tonnage,1771,COASTAL
32,"MYS    ",MALAYSIA,MALAISIE,2021,ART,Artisanal Fishing,Pêcheries artisanales,6,TROL,Troll line,Ligne de traîne,Line,Lignes,0,1,10,GRT,Gross Registered Tonnage,113,COASTAL
46,"LKA    ",SRI LANKA,SRI LANKA,2021,ART,Artisanal Fishing,Pêcheries artisanales,6,TROL,Troll line,Ligne de traîne,Line,Lignes,0,10,15,LOA,Length overall,336,COASTAL
46,"LKA    ",SRI LANKA,SRI LANKA,2021,ART,Artisanal Fishing,Pêcheries artisanales,9,UNCL,Unclassified,Non classé,Other,Autres,1,1,8,LOA,Length overall,40084,"ALL    "
46,"LKA    ",SRI LANKA,SRI LANKA,2021,ART,Artisanal Fishing,Pêcheries artisanales,9,UNCL,Unclassified,Non classé,Other,Autres,1,8,9,LOA,Length overall,3258,"ALL    "
1,"AUS    ",AUSTRALIA,AUSTRALIE,2022,IND,Industrial Fishing,Pêcheries industrielles,3,BB,Baitboat,Canne,Baitboat,Canne,0,24,40,LOA,Length overall,1,PELAGIC
23,"IDN    ",INDONESIA,INDONÉSIE,2022,ART,Artisanal Fishing,Pêcheries artisanales,3,BB,Baitboat,Canne,Baitboat,Canne,0,NULL,5,GT,Gross Tonnage,1501,PELAGIC
23,"IDN    ",INDONESIA,INDONÉSIE,2022,ART,Artisanal Fishing,Pêcheries artisanales,3,BB,Baitboat,Canne,Baitboat,Canne,0,5,10,GT,Gross Tonnage,566,PELAGIC
23,"IDN    ",INDONESIA,INDONÉSIE,2022,ART,Artisanal Fishing,Pêcheries artisanales,3,BB,Baitboat,Canne,Baitboat,Canne,0,20,30,GT,Gross Tonnage,25,PELAGIC
23,"IDN    ",INDONESIA,INDONÉSIE,2022,ART,Artisanal Fishing,Pêcheries artisanales,3,BB,Baitboat,Canne,Baitboat,Canne,0,0,5,UNCL,Unclassified,136,PELAGIC
46,"LKA    ",SRI LANKA,SRI LANKA,2022,ART,Artisanal Fishing,Pêcheries artisanales,1,BS,Beach seine,Senne de plage,Other,Autres,0,0,10,LOA,Length overall,838,COASTAL
23,"IDN    ",INDONESIA,INDONÉSIE,2022,ART,Artisanal Fishing,Pêcheries artisanales,9,DSEI,Danish Seine,Senne danoise,Other,Autres,0,NULL,5,GT,Gross Tonnage,2201,COASTAL
23,"IDN    ",INDONESIA,INDONÉSIE,2022,ART,Artisanal Fishing,Pêcheries artisanales,9,DSEI,Danish Seine,Senne danoise,Other,Autres,0,5,10,GT,Gross Tonnage,359,COASTAL
23,"IDN    ",INDONESIA,INDONÉSIE,2022,ART,Artisanal Fishing,Pêcheries artisanales,9,DSEI,Danish Seine,Senne danoise,Other,Autres,0,10,20,GT,Gross Tonnage,92,COASTAL
23,"IDN    ",INDONESIA,INDONÉSIE,2022,ART,Artisanal Fishing,Pêcheries artisanales,9,DSEI,Danish Seine,Senne danoise,Other,Autres,0,20,30,GT,Gross Tonnage,37,COASTAL
23,"IDN    ",INDONESIA,INDONÉSIE,2022,ART,Artisanal Fishing,Pêcheries artisanales,9,DSEI,Danish Seine,Senne danoise,Other,Autres,0,0,5,UNCL,Unclassified,327,COASTAL
1,"AUS    ",AUSTRALIA,AUSTRALIE,2022,IND,Industrial Fishing,Pêcheries industrielles,5,ELL,Longline targeting swordfish,Palangre à espadon,Longline,Palangre,0,24,40,LOA,Length overall,1,PELAGIC
1,"AUS    ",AUSTRALIA,AUSTRALIE,2022,IND,Industrial Fishing,Pêcheries industrielles,5,ELL,Longline targeting swordfish,Palangre à espadon,Longline,Palangre,0,40,60,LOA,Length overall,2,PELAGIC
15,"EUREU  ",EU.FRANCE.REUNION,UE.FRANCE.RÉUNION,2022,IND,Industrial Fishing,Pêcheries industrielles,5,ELL,Longline targeting swordfish,Palangre à espadon,Longline,Palangre,0,15,24,LOA,Length overall,21,PELAGIC
18,"EUPRT  ",EU.PORTUGAL,UE.PORTUGAL,2022,IND,Industrial Fishing,Pêcheries industrielles,5,ELL,Longline targeting swordfish,Palangre à espadon,Longline,Palangre,0,24,40,LOA,Length overall,1,PELAGIC
18,"EUPRT  ",EU.PORTUGAL,UE.PORTUGAL,2022,IND,Industrial Fishing,Pêcheries industrielles,5,ELL,Longline targeting swordfish,Palangre à espadon,Longline,Palangre,0,40,60,LOA,Length overall,1,PELAGIC
19,"EUESP  ",EU.SPAIN,UE.ESPAGNE,2022,IND,Industrial Fishing,Pêcheries industrielles,5,ELL,Longline targeting swordfish,Palangre à espadon,Longline,Palangre,0,24,40,LOA,Length overall,7,PELAGIC
19,"EUESP  ",EU.SPAIN,UE.ESPAGNE,2022,IND,Industrial Fishing,Pêcheries industrielles,5,ELL,Longline targeting swordfish,Palangre à espadon,Longline,Palangre,0,40,60,LOA,Length overall,1,PELAGIC
28,"KEN    ",KENYA,KENYA,2022,IND,Industrial Fishing,Pêcheries industrielles,5,ELL,Longline targeting swordfish,Palangre à espadon,Longline,Palangre,0,24,40,LOA,Length overall,2,PELAGIC
28,"KEN    ",KENYA,KENYA,2022,IND,Industrial Fishing,Pêcheries industrielles,5,ELL,Longline targeting swordfish,Palangre à espadon,Longline,Palangre,0,40,60,LOA,Length overall,5,PELAGIC
44,"ZAF    ",SOUTH AFRICA,AFRIQUE DU SUD,2022,IND,Industrial Fishing,Pêcheries industrielles,5,ELL,Longline targeting swordfish,Palangre à espadon,Longline,Palangre,0,15,24,LOA,Length overall,10,PELAGIC
44,"ZAF    ",SOUTH AFRICA,AFRIQUE DU SUD,2022,IND,Industrial Fishing,Pêcheries industrielles,5,ELL,Longline targeting swordfish,Palangre à espadon,Longline,Palangre,0,24,40,LOA,Length overall,10,PELAGIC
5,"CHN    ",CHINA,CHINE,2022,IND,Industrial Fishing,Pêcheries industrielles,5,FLL,Longline Fresh,Palangre Frais,Longline,Palangre,0,24,40,LOA,Length overall,6,PELAGIC
6,"TWN    ","TAIWAN,CHINA","TAIWAN,CHINE",2022,IND,Industrial Fishing,Pêcheries industrielles,5,FLL,Longline Fresh,Palangre Frais,Longline,Palangre,0,15,24,LOA,Length overall,23,PELAGIC
6,"TWN    ","TAIWAN,CHINA","TAIWAN,CHINE",2022,IND,Industrial Fishing,Pêcheries industrielles,5,FLL,Longline Fresh,Palangre Frais,Longline,Palangre,0,24,40,LOA,Length overall,88,PELAGIC
23,"IDN    ",INDONESIA,INDONÉSIE,2022,IND,Industrial Fishing,Pêcheries industrielles,5,FLL,Longline Fresh,Palangre Frais,Longline,Palangre,0,85,100,GT,Gross Tonnage,11,PELAGIC
32,"MYS    ",MALAYSIA,MALAISIE,2022,IND,Industrial Fishing,Pêcheries industrielles,5,FLL,Longline Fresh,Palangre Frais,Longline,Palangre,0,24,40,LOA,Length overall,20,PELAGIC
43,"SYC    ",SEYCHELLES,SEYCHELLES,2022,IND,Industrial Fishing,Pêcheries industrielles,5,FLL,Longline Fresh,Palangre Frais,Longline,Palangre,0,10,15,LOA,Length overall,8,NULL
43,"SYC    ",SEYCHELLES,SEYCHELLES,2022,IND,Industrial Fishing,Pêcheries industrielles,5,FLL,Longline Fresh,Palangre Frais,Longline,Palangre,0,15,24,LOA,Length overall,14,NULL
46,"LKA    ",SRI LANKA,SRI LANKA,2022,IND,Industrial Fishing,Pêcheries industrielles,5,FLL,Longline Fresh,Palangre Frais,Longline,Palangre,0,10,15,LOA,Length overall,435,PELAGIC
46,"LKA    ",SRI LANKA,SRI LANKA,2022,IND,Industrial Fishing,Pêcheries industrielles,5,FLL,Longline Fresh,Palangre Frais,Longline,Palangre,0,15,24,LOA,Length overall,208,PELAGIC
46,"LKA    ",SRI LANKA,SRI LANKA,2022,IND,Industrial Fishing,Pêcheries industrielles,5,FLL,Longline Fresh,Palangre Frais,Longline,Palangre,0,24,40,LOA,Length overall,14,PELAGIC
1,"AUS    ",AUSTRALIA,AUSTRALIE,2022,ART,Artisanal Fishing,Pêcheries artisanales,4,GILL,Gillnet,Filet maillant,Gillnet,Filet maillant,0,4,20,LOA,Length overall,2,COASTAL
23,"IDN    ",INDONESIA,INDONÉSIE,2022,ART,Artisanal Fishing,Pêcheries artisanales,4,GILL,Gillnet,Filet maillant,Gillnet,Filet maillant,0,NULL,5,GT,Gross Tonnage,49212,"ALL    "
23,"IDN    ",INDONESIA,INDONÉSIE,2022,ART,Artisanal Fishing,Pêcheries artisanales,4,GILL,Gillnet,Filet maillant,Gillnet,Filet maillant,0,5,10,GT,Gross Tonnage,3800,"ALL    "
23,"IDN    ",INDONESIA,INDONÉSIE,2022,ART,Artisanal Fishing,Pêcheries artisanales,4,GILL,Gillnet,Filet maillant,Gillnet,Filet maillant,0,10,20,GT,Gross Tonnage,714,"ALL    "
23,"IDN    ",INDONESIA,INDONÉSIE,2022,ART,Artisanal Fishing,Pêcheries artisanales,4,GILL,Gillnet,Filet maillant,Gillnet,Filet maillant,0,20,30,GT,Gross Tonnage,145,"ALL    "
23,"IDN    ",INDONESIA,INDONÉSIE,2022,ART,Artisanal Fishing,Pêcheries artisanales,4,GILL,Gillnet,Filet maillant,Gillnet,Filet maillant,0,30,50,GT,Gross Tonnage,20,"ALL    "
23,"IDN    ",INDONESIA,INDONÉSIE,2022,ART,Artisanal Fishing,Pêcheries artisanales,4,GILL,Gillnet,Filet maillant,Gillnet,Filet maillant,0,0,5,UNCL,Unclassified,2423,"ALL    "
24,"IRN    ",IRAN ISLAMIC REP.,IRAN RÉP. ISLAMIQUE,2022,ART,Artisanal Fishing,Pêcheries artisanales,4,GILL,Gillnet,Filet maillant,Gillnet,Filet maillant,0,101,NULL,GRT,Gross Registered Tonnage,248,"ALL    "
24,"IRN    ",IRAN ISLAMIC REP.,IRAN RÉP. ISLAMIQUE,2022,ART,Artisanal Fishing,Pêcheries artisanales,4,GILL,Gillnet,Filet maillant,Gillnet,Filet maillant,0,0,2,GRT,Gross Registered Tonnage,2775,"ALL    "
24,"IRN    ",IRAN ISLAMIC REP.,IRAN RÉP. ISLAMIQUE,2022,ART,Artisanal Fishing,Pêcheries artisanales,4,GILL,Gillnet,Filet maillant,Gillnet,Filet maillant,0,3,20,GRT,Gross Registered Tonnage,191,"ALL    "
24,"IRN    ",IRAN ISLAMIC REP.,IRAN RÉP. ISLAMIQUE,2022,ART,Artisanal Fishing,Pêcheries artisanales,4,GILL,Gillnet,Filet maillant,Gillnet,Filet maillant,0,21,50,GRT,Gross Registered Tonnage,255,"ALL    "
24,"IRN    ",IRAN ISLAMIC REP.,IRAN RÉP. ISLAMIQUE,2022,ART,Artisanal Fishing,Pêcheries artisanales,4,GILL,Gillnet,Filet maillant,Gillnet,Filet maillant,0,51,100,GRT,Gross Registered Tonnage,461,"ALL    "
32,"MYS    ",MALAYSIA,MALAISIE,2022,ART,Artisanal Fishing,Pêcheries artisanales,4,GILL,Gillnet,Filet maillant,Gillnet,Filet maillant,0,1,10,GRT,Gross Registered Tonnage,10185,COASTAL
46,"LKA    ",SRI LANKA,SRI LANKA,2022,ART,Artisanal Fishing,Pêcheries artisanales,4,GILL,Gillnet,Filet maillant,Gillnet,Filet maillant,0,0,10,LOA,Length overall,1175,COASTAL
46,"LKA    ",SRI LANKA,SRI LANKA,2022,ART,Artisanal Fishing,Pêcheries artisanales,4,GILL,Gillnet,Filet maillant,Gillnet,Filet maillant,0,10,15,LOA,Length overall,1128,COASTAL
46,"LKA    ",SRI LANKA,SRI LANKA,2022,IND,Industrial Fishing,Pêcheries industrielles,4,GIOF,Offshore gillnet,Filet maillant pêche hauturière,Gillnet,Filet maillant,0,10,15,LOA,Length overall,224,PELAGIC
1,"AUS    ",AUSTRALIA,AUSTRALIE,2022,ART,Artisanal Fishing,Pêcheries artisanales,6,HAND,Hand line,Ligne à main,Line,Lignes,0,4,20,LOA,Length overall,12,COASTAL
14,"EUMYT  ",EU.FRANCE.MAYOTTE,UE.FRANCE.MAYOTTE,2022,ART,Artisanal Fishing,Pêcheries artisanales,6,HAND,Hand line,Ligne à main,Line,Lignes,0,0,15,LOA,Length overall,65,COASTAL
14,"EUMYT  ",EU.FRANCE.MAYOTTE,UE.FRANCE.MAYOTTE,2022,ART,Artisanal Fishing,Pêcheries artisanales,6,HAND,Hand line,Ligne à main,Line,Lignes,0,0,15,LOA,Length overall,65,PELAGIC
20,"GBR    ",UNITED KINGDOM,ROYAUME-UNI,2022,ART,Artisanal Fishing,Pêcheries artisanales,6,HAND,Hand line,Ligne à main,Line,Lignes,0,6,10,LOA,Length overall,9,NULL
20,"GBR    ",UNITED KINGDOM,ROYAUME-UNI,2022,ART,Artisanal Fishing,Pêcheries artisanales,6,HAND,Hand line,Ligne à main,Line,Lignes,0,10,25,LOA,Length overall,1,NULL
23,"IDN    ",INDONESIA,INDONÉSIE,2022,ART,Artisanal Fishing,Pêcheries artisanales,6,HAND,Hand line,Ligne à main,Line,Lignes,0,NULL,5,GT,Gross Tonnage,25807,"ALL    "
23,"IDN    ",INDONESIA,INDONÉSIE,2022,ART,Artisanal Fishing,Pêcheries artisanales,6,HAND,Hand line,Ligne à main,Line,Lignes,0,5,10,GT,Gross Tonnage,4304,"ALL    "
23,"IDN    ",INDONESIA,INDONÉSIE,2022,ART,Artisanal Fishing,Pêcheries artisanales,6,HAND,Hand line,Ligne à main,Line,Lignes,0,10,20,GT,Gross Tonnage,466,"ALL    "
23,"IDN    ",INDONESIA,INDONÉSIE,2022,ART,Artisanal Fishing,Pêcheries artisanales,6,HAND,Hand line,Ligne à main,Line,Lignes,0,20,30,GT,Gross Tonnage,390,"ALL    "
23,"IDN    ",INDONESIA,INDONÉSIE,2022,ART,Artisanal Fishing,Pêcheries artisanales,6,HAND,Hand line,Ligne à main,Line,Lignes,0,30,50,GT,Gross Tonnage,21,"ALL    "
23,"IDN    ",INDONESIA,INDONÉSIE,2022,ART,Artisanal Fishing,Pêcheries artisanales,6,HAND,Hand line,Ligne à main,Line,Lignes,0,50,85,GT,Gross Tonnage,11,"ALL    "
23,"IDN    ",INDONESIA,INDONÉSIE,2022,ART,Artisanal Fishing,Pêcheries artisanales,6,HAND,Hand line,Ligne à main,Line,Lignes,0,0,5,UNCL,Unclassified,4366,"ALL    "
34,"MUS    ",MAURITIUS,MAURICE,2022,ART,Artisanal Fishing,Pêcheries artisanales,6,HAND,Hand line,Ligne à main,Line,Lignes,0,0,15,LOA,Length overall,149,PELAGIC
46,"LKA    ",SRI LANKA,SRI LANKA,2022,ART,Artisanal Fishing,Pêcheries artisanales,6,HAND,Hand line,Ligne à main,Line,Lignes,0,0,10,LOA,Length overall,76,COASTAL
46,"LKA    ",SRI LANKA,SRI LANKA,2022,ART,Artisanal Fishing,Pêcheries artisanales,6,HAND,Hand line,Ligne à main,Line,Lignes,0,10,15,LOA,Length overall,1835,COASTAL
15,"EUREU  ",EU.FRANCE.REUNION,UE.FRANCE.RÉUNION,2022,ART,Artisanal Fishing,Pêcheries artisanales,6,HATR,Hand line and Troll line,Ligne à main et Ligne de traîne,Line,Lignes,1,5,14,LOA,Length overall,107,PELAGIC
23,"IDN    ",INDONESIA,INDONÉSIE,2022,ART,Artisanal Fishing,Pêcheries artisanales,6,HLOF,Hand line (offshore),Ligne à main (hauturière),Line,Lignes,0,85,100,GT,Gross Tonnage,4,NULL
23,"IDN    ",INDONESIA,INDONÉSIE,2022,ART,Artisanal Fishing,Pêcheries artisanales,9,LIFT,Liftnet,Carrelet,Other,Autres,0,NULL,5,GT,Gross Tonnage,719,COASTAL
23,"IDN    ",INDONESIA,INDONÉSIE,2022,ART,Artisanal Fishing,Pêcheries artisanales,9,LIFT,Liftnet,Carrelet,Other,Autres,0,5,10,GT,Gross Tonnage,538,COASTAL
23,"IDN    ",INDONESIA,INDONÉSIE,2022,ART,Artisanal Fishing,Pêcheries artisanales,9,LIFT,Liftnet,Carrelet,Other,Autres,0,10,20,GT,Gross Tonnage,187,COASTAL
23,"IDN    ",INDONESIA,INDONÉSIE,2022,ART,Artisanal Fishing,Pêcheries artisanales,9,LIFT,Liftnet,Carrelet,Other,Autres,0,20,30,GT,Gross Tonnage,290,COASTAL
23,"IDN    ",INDONESIA,INDONÉSIE,2022,ART,Artisanal Fishing,Pêcheries artisanales,9,LIFT,Liftnet,Carrelet,Other,Autres,0,30,50,GT,Gross Tonnage,119,COASTAL
23,"IDN    ",INDONESIA,INDONÉSIE,2022,ART,Artisanal Fishing,Pêcheries artisanales,9,LIFT,Liftnet,Carrelet,Other,Autres,0,0,5,UNCL,Unclassified,619,COASTAL
1,"AUS    ",AUSTRALIA,AUSTRALIE,2022,IND,Industrial Fishing,Pêcheries industrielles,5,LL,Longline,Palangre dérivante au-dessus de 1800 hameçons,Longline,Palangre,0,15,24,LOA,Length overall,7,NULL
5,"CHN    ",CHINA,CHINE,2022,IND,Industrial Fishing,Pêcheries industrielles,5,LL,Longline,Palangre dérivante au-dessus de 1800 hameçons,Longline,Palangre,0,24,40,LOA,Length overall,20,PELAGIC
5,"CHN    ",CHINA,CHINE,2022,IND,Industrial Fishing,Pêcheries industrielles,5,LL,Longline,Palangre dérivante au-dessus de 1800 hameçons,Longline,Palangre,0,40,60,LOA,Length overall,55,PELAGIC
6,"TWN    ","TAIWAN,CHINA","TAIWAN,CHINE",2022,IND,Industrial Fishing,Pêcheries industrielles,5,LL,Longline,Palangre dérivante au-dessus de 1800 hameçons,Longline,Palangre,0,24,40,LOA,Length overall,51,PELAGIC
6,"TWN    ","TAIWAN,CHINA","TAIWAN,CHINE",2022,IND,Industrial Fishing,Pêcheries industrielles,5,LL,Longline,Palangre dérivante au-dessus de 1800 hameçons,Longline,Palangre,0,40,60,LOA,Length overall,93,PELAGIC
23,"IDN    ",INDONESIA,INDONÉSIE,2022,IND,Industrial Fishing,Pêcheries industrielles,5,LL,Longline,Palangre dérivante au-dessus de 1800 hameçons,Longline,Palangre,0,100,200,GT,Gross Tonnage,6,PELAGIC
26,"JPN    ",JAPAN,JAPON,2022,IND,Industrial Fishing,Pêcheries industrielles,5,LL,Longline,Palangre dérivante au-dessus de 1800 hameçons,Longline,Palangre,0,40,60,LOA,Length overall,43,PELAGIC
29,"KOR    ",KOREA REP.,CORÉE RÉP.,2022,IND,Industrial Fishing,Pêcheries industrielles,5,LL,Longline,Palangre dérivante au-dessus de 1800 hameçons,Longline,Palangre,0,40,60,LOA,Length overall,14,PELAGIC
34,"MUS    ",MAURITIUS,MAURICE,2022,IND,Industrial Fishing,Pêcheries industrielles,5,LL,Longline,Palangre dérivante au-dessus de 1800 hameçons,Longline,Palangre,0,24,40,LOA,Length overall,13,PELAGIC
43,"SYC    ",SEYCHELLES,SEYCHELLES,2022,IND,Industrial Fishing,Pêcheries industrielles,5,LL,Longline,Palangre dérivante au-dessus de 1800 hameçons,Longline,Palangre,0,24,40,LOA,Length overall,18,PELAGIC
43,"SYC    ",SEYCHELLES,SEYCHELLES,2022,IND,Industrial Fishing,Pêcheries industrielles,5,LL,Longline,Palangre dérivante au-dessus de 1800 hameçons,Longline,Palangre,0,40,60,LOA,Length overall,39,PELAGIC
14,"EUMYT  ",EU.FRANCE.MAYOTTE,UE.FRANCE.MAYOTTE,2022,ART,Artisanal Fishing,Pêcheries artisanales,6,LLCO,Coastal longline,Petite palangre,Line,Lignes,0,0,15,LOA,Length overall,2,NULL
14,"EUMYT  ",EU.FRANCE.MAYOTTE,UE.FRANCE.MAYOTTE,2022,ART,Artisanal Fishing,Pêcheries artisanales,6,LLCO,Coastal longline,Petite palangre,Line,Lignes,0,0,15,LOA,Length overall,2,COASTAL
15,"EUREU  ",EU.FRANCE.REUNION,UE.FRANCE.RÉUNION,2022,ART,Artisanal Fishing,Pêcheries artisanales,6,LLCO,Coastal longline,Petite palangre,Line,Lignes,0,0,15,LOA,Length overall,22,PELAGIC
23,"IDN    ",INDONESIA,INDONÉSIE,2022,ART,Artisanal Fishing,Pêcheries artisanales,6,LLCO,Coastal longline,Petite palangre,Line,Lignes,0,NULL,5,GT,Gross Tonnage,5488,"ALL    "
23,"IDN    ",INDONESIA,INDONÉSIE,2022,ART,Artisanal Fishing,Pêcheries artisanales,6,LLCO,Coastal longline,Petite palangre,Line,Lignes,0,5,10,GT,Gross Tonnage,1706,"ALL    "
23,"IDN    ",INDONESIA,INDONÉSIE,2022,ART,Artisanal Fishing,Pêcheries artisanales,6,LLCO,Coastal longline,Petite palangre,Line,Lignes,0,10,20,GT,Gross Tonnage,173,"ALL    "
23,"IDN    ",INDONESIA,INDONÉSIE,2022,ART,Artisanal Fishing,Pêcheries artisanales,6,LLCO,Coastal longline,Petite palangre,Line,Lignes,0,20,30,GT,Gross Tonnage,124,"ALL    "
23,"IDN    ",INDONESIA,INDONÉSIE,2022,ART,Artisanal Fishing,Pêcheries artisanales,6,LLCO,Coastal longline,Petite palangre,Line,Lignes,0,30,50,GT,Gross Tonnage,10,"ALL    "
23,"IDN    ",INDONESIA,INDONÉSIE,2022,ART,Artisanal Fishing,Pêcheries artisanales,6,LLCO,Coastal longline,Petite palangre,Line,Lignes,0,50,85,GT,Gross Tonnage,33,"ALL    "
23,"IDN    ",INDONESIA,INDONÉSIE,2022,ART,Artisanal Fishing,Pêcheries artisanales,6,LLCO,Coastal longline,Petite palangre,Line,Lignes,0,0,5,UNCL,Unclassified,372,"ALL    "
46,"LKA    ",SRI LANKA,SRI LANKA,2022,ART,Artisanal Fishing,Pêcheries artisanales,6,LLCO,Coastal longline,Petite palangre,Line,Lignes,0,0,10,LOA,Length overall,422,COASTAL
46,"LKA    ",SRI LANKA,SRI LANKA,2022,ART,Artisanal Fishing,Pêcheries artisanales,6,LLCO,Coastal longline,Petite palangre,Line,Lignes,0,10,15,LOA,Length overall,2614,COASTAL
1,"AUS    ",AUSTRALIA,AUSTRALIE,2022,IND,Industrial Fishing,Pêcheries industrielles,1,PS,Purse seine,Senne tournante aux thons,Purse Seine,Senne tournante,0,24,40,LOA,Length overall,7,PELAGIC
1,"AUS    ",AUSTRALIA,AUSTRALIE,2022,IND,Industrial Fishing,Pêcheries industrielles,1,PS,Purse seine,Senne tournante aux thons,Purse Seine,Senne tournante,0,40,60,LOA,Length overall,1,PELAGIC
13,"EUFRA  ",EU.FRANCE,UE.FRANCE,2022,IND,Industrial Fishing,Pêcheries industrielles,1,PS,Purse seine,Senne tournante aux thons,Purse Seine,Senne tournante,0,60,80,LOA,Length overall,4,PELAGIC
13,"EUFRA  ",EU.FRANCE,UE.FRANCE,2022,IND,Industrial Fishing,Pêcheries industrielles,1,PS,Purse seine,Senne tournante aux thons,Purse Seine,Senne tournante,0,80,100,LOA,Length overall,6,PELAGIC
19,"EUESP  ",EU.SPAIN,UE.ESPAGNE,2022,IND,Industrial Fishing,Pêcheries industrielles,1,PS,Purse seine,Senne tournante aux thons,Purse Seine,Senne tournante,0,80,100,LOA,Length overall,9,PELAGIC
19,"EUESP  ",EU.SPAIN,UE.ESPAGNE,2022,IND,Industrial Fishing,Pêcheries industrielles,1,PS,Purse seine,Senne tournante aux thons,Purse Seine,Senne tournante,0,100,120,LOA,Length overall,6,PELAGIC
23,"IDN    ",INDONESIA,INDONÉSIE,2022,IND,Industrial Fishing,Pêcheries industrielles,1,PS,Purse seine,Senne tournante aux thons,Purse Seine,Senne tournante,0,100,200,GT,Gross Tonnage,265,PELAGIC
23,"IDN    ",INDONESIA,INDONÉSIE,2022,IND,Industrial Fishing,Pêcheries industrielles,1,PS,Purse seine,Senne tournante aux thons,Purse Seine,Senne tournante,0,200,300,GT,Gross Tonnage,2,PELAGIC
29,"KOR    ",KOREA REP.,CORÉE RÉP.,2022,IND,Industrial Fishing,Pêcheries industrielles,1,PS,Purse seine,Senne tournante aux thons,Purse Seine,Senne tournante,0,60,80,LOA,Length overall,2,PELAGIC
34,"MUS    ",MAURITIUS,MAURICE,2022,IND,Industrial Fishing,Pêcheries industrielles,1,PS,Purse seine,Senne tournante aux thons,Purse Seine,Senne tournante,0,80,100,LOA,Length overall,4,PELAGIC
43,"SYC    ",SEYCHELLES,SEYCHELLES,2022,IND,Industrial Fishing,Pêcheries industrielles,1,PS,Purse seine,Senne tournante aux thons,Purse Seine,Senne tournante,0,60,80,LOA,Length overall,3,PELAGIC
43,"SYC    ",SEYCHELLES,SEYCHELLES,2022,IND,Industrial Fishing,Pêcheries industrielles,1,PS,Purse seine,Senne tournante aux thons,Purse Seine,Senne tournante,0,80,100,LOA,Length overall,8,PELAGIC
43,"SYC    ",SEYCHELLES,SEYCHELLES,2022,IND,Industrial Fishing,Pêcheries industrielles,1,PS,Purse seine,Senne tournante aux thons,Purse Seine,Senne tournante,0,100,120,LOA,Length overall,2,PELAGIC
60,"EUITA  ",EU.ITALY,EU.ITALIE,2022,IND,Industrial Fishing,Pêcheries industrielles,1,PS,Purse seine,Senne tournante aux thons,Purse Seine,Senne tournante,0,80,100,LOA,Length overall,1,NULL
60,"EUITA  ",EU.ITALY,EU.ITALIE,2022,IND,Industrial Fishing,Pêcheries industrielles,1,PS,Purse seine,Senne tournante aux thons,Purse Seine,Senne tournante,0,80,100,LOA,Length overall,1,PELAGIC
23,"IDN    ",INDONESIA,INDONÉSIE,2022,ART,Artisanal Fishing,Pêcheries artisanales,1,PSS,Small purse seine,Senneur côtier,Purse Seine,Senne tournante,0,NULL,5,GT,Gross Tonnage,691,"ALL    "
23,"IDN    ",INDONESIA,INDONÉSIE,2022,ART,Artisanal Fishing,Pêcheries artisanales,1,PSS,Small purse seine,Senneur côtier,Purse Seine,Senne tournante,0,5,10,GT,Gross Tonnage,1378,"ALL    "
23,"IDN    ",INDONESIA,INDONÉSIE,2022,ART,Artisanal Fishing,Pêcheries artisanales,1,PSS,Small purse seine,Senneur côtier,Purse Seine,Senne tournante,0,10,20,GT,Gross Tonnage,431,"ALL    "
23,"IDN    ",INDONESIA,INDONÉSIE,2022,ART,Artisanal Fishing,Pêcheries artisanales,1,PSS,Small purse seine,Senneur côtier,Purse Seine,Senne tournante,0,20,30,GT,Gross Tonnage,266,"ALL    "
23,"IDN    ",INDONESIA,INDONÉSIE,2022,ART,Artisanal Fishing,Pêcheries artisanales,1,PSS,Small purse seine,Senneur côtier,Purse Seine,Senne tournante,0,30,50,GT,Gross Tonnage,138,"ALL    "
23,"IDN    ",INDONESIA,INDONÉSIE,2022,ART,Artisanal Fishing,Pêcheries artisanales,1,PSS,Small purse seine,Senneur côtier,Purse Seine,Senne tournante,0,50,100,GT,Gross Tonnage,45,"ALL    "
23,"IDN    ",INDONESIA,INDONÉSIE,2022,ART,Artisanal Fishing,Pêcheries artisanales,1,PSS,Small purse seine,Senneur côtier,Purse Seine,Senne tournante,0,0,5,UNCL,Unclassified,13,"ALL    "
32,"MYS    ",MALAYSIA,MALAISIE,2022,ART,Artisanal Fishing,Pêcheries artisanales,1,PSS,Small purse seine,Senneur côtier,Purse Seine,Senne tournante,0,10,70,GRT,Gross Registered Tonnage,315,COASTAL
49,"THA    ",THAILAND,THAÏLANDE,2022,ART,Artisanal Fishing,Pêcheries artisanales,1,PSS,Small purse seine,Senneur côtier,Purse Seine,Senne tournante,0,14,25,LOA,Length overall,219,"ALL    "
1,"AUS    ",AUSTRALIA,AUSTRALIE,2022,ART,Artisanal Fishing,Pêcheries artisanales,1,RIN,Ring net,Lampara,Purse Seine,Senne tournante,0,4,20,LOA,Length overall,2,NULL
46,"LKA    ",SRI LANKA,SRI LANKA,2022,ART,Artisanal Fishing,Pêcheries artisanales,1,RIN,Ring net,Lampara,Purse Seine,Senne tournante,0,0,10,LOA,Length overall,512,COASTAL
46,"LKA    ",SRI LANKA,SRI LANKA,2022,ART,Artisanal Fishing,Pêcheries artisanales,1,RIN,Ring net,Lampara,Purse Seine,Senne tournante,0,10,15,LOA,Length overall,728,COASTAL
46,"LKA    ",SRI LANKA,SRI LANKA,2022,IND,Industrial Fishing,Pêcheries industrielles,1,RNOF,Ring net (offshore),Lampara (hauturière),Purse Seine,Senne tournante,0,10,15,LOA,Length overall,878,PELAGIC
13,"EUFRA  ",EU.FRANCE,UE.FRANCE,2022,IND,Industrial Fishing,Pêcheries industrielles,1,SUPP,Supply vessel,Bateau auxiliaire,Purse Seine,Senne tournante,0,24,40,LOA,Length overall,1,PELAGIC
19,"EUESP  ",EU.SPAIN,UE.ESPAGNE,2022,IND,Industrial Fishing,Pêcheries industrielles,1,SUPP,Supply vessel,Bateau auxiliaire,Purse Seine,Senne tournante,0,24,40,LOA,Length overall,3,PELAGIC
19,"EUESP  ",EU.SPAIN,UE.ESPAGNE,2022,IND,Industrial Fishing,Pêcheries industrielles,1,SUPP,Supply vessel,Bateau auxiliaire,Purse Seine,Senne tournante,0,40,60,LOA,Length overall,2,PELAGIC
29,"KOR    ",KOREA REP.,CORÉE RÉP.,2022,IND,Industrial Fishing,Pêcheries industrielles,1,SUPP,Supply vessel,Bateau auxiliaire,Purse Seine,Senne tournante,0,40,60,LOA,Length overall,1,PELAGIC
34,"MUS    ",MAURITIUS,MAURICE,2022,IND,Industrial Fishing,Pêcheries industrielles,1,SUPP,Supply vessel,Bateau auxiliaire,Purse Seine,Senne tournante,0,24,40,LOA,Length overall,1,PELAGIC
43,"SYC    ",SEYCHELLES,SEYCHELLES,2022,IND,Industrial Fishing,Pêcheries industrielles,1,SUPP,Supply vessel,Bateau auxiliaire,Purse Seine,Senne tournante,0,24,40,LOA,Length overall,1,PELAGIC
43,"SYC    ",SEYCHELLES,SEYCHELLES,2022,IND,Industrial Fishing,Pêcheries industrielles,1,SUPP,Supply vessel,Bateau auxiliaire,Purse Seine,Senne tournante,0,40,60,LOA,Length overall,2,PELAGIC
1,"AUS    ",AUSTRALIA,AUSTRALIE,2022,IND,Industrial Fishing,Pêcheries industrielles,9,TRAW,Trawl,Chaluts,Other,Autres,0,4,20,LOA,Length overall,2,COASTAL
32,"MYS    ",MALAYSIA,MALAISIE,2022,ART,Artisanal Fishing,Pêcheries artisanales,9,TRAW,Trawl,Chaluts,Other,Autres,0,10,70,GRT,Gross Registered Tonnage,2671,COASTAL
1,"AUS    ",AUSTRALIA,AUSTRALIE,2022,ART,Artisanal Fishing,Pêcheries artisanales,6,TROL,Troll line,Ligne de traîne,Line,Lignes,0,4,20,LOA,Length overall,12,PELAGIC
1,"AUS    ",AUSTRALIA,AUSTRALIE,2022,ART,Artisanal Fishing,Pêcheries artisanales,6,TROL,Troll line,Ligne de traîne,Line,Lignes,0,15,24,LOA,Length overall,10,PELAGIC
14,"EUMYT  ",EU.FRANCE.MAYOTTE,UE.FRANCE.MAYOTTE,2022,ART,Artisanal Fishing,Pêcheries artisanales,6,TROL,Troll line,Ligne de traîne,Line,Lignes,0,0,15,LOA,Length overall,23,COASTAL
14,"EUMYT  ",EU.FRANCE.MAYOTTE,UE.FRANCE.MAYOTTE,2022,ART,Artisanal Fishing,Pêcheries artisanales,6,TROL,Troll line,Ligne de traîne,Line,Lignes,0,0,15,LOA,Length overall,23,PELAGIC
23,"IDN    ",INDONESIA,INDONÉSIE,2022,ART,Artisanal Fishing,Pêcheries artisanales,6,TROL,Troll line,Ligne de traîne,Line,Lignes,0,NULL,5,GT,Gross Tonnage,6234,"ALL    "
23,"IDN    ",INDONESIA,INDONÉSIE,2022,ART,Artisanal Fishing,Pêcheries artisanales,6,TROL,Troll line,Ligne de traîne,Line,Lignes,0,5,10,GT,Gross Tonnage,1122,"ALL    "
23,"IDN    ",INDONESIA,INDONÉSIE,2022,ART,Artisanal Fishing,Pêcheries artisanales,6,TROL,Troll line,Ligne de traîne,Line,Lignes,0,10,20,GT,Gross Tonnage,229,"ALL    "
23,"IDN    ",INDONESIA,INDONÉSIE,2022,ART,Artisanal Fishing,Pêcheries artisanales,6,TROL,Troll line,Ligne de traîne,Line,Lignes,0,20,30,GT,Gross Tonnage,74,"ALL    "
23,"IDN    ",INDONESIA,INDONÉSIE,2022,ART,Artisanal Fishing,Pêcheries artisanales,6,TROL,Troll line,Ligne de traîne,Line,Lignes,0,0,5,UNCL,Unclassified,77,"ALL    "
24,"IRN    ",IRAN ISLAMIC REP.,IRAN RÉP. ISLAMIQUE,2022,ART,Artisanal Fishing,Pêcheries artisanales,6,TROL,Troll line,Ligne de traîne,Line,Lignes,0,0,2,GRT,Gross Registered Tonnage,1771,COASTAL
32,"MYS    ",MALAYSIA,MALAISIE,2022,ART,Artisanal Fishing,Pêcheries artisanales,6,TROL,Troll line,Ligne de traîne,Line,Lignes,0,1,10,GRT,Gross Registered Tonnage,133,COASTAL
46,"LKA    ",SRI LANKA,SRI LANKA,2022,ART,Artisanal Fishing,Pêcheries artisanales,6,TROL,Troll line,Ligne de traîne,Line,Lignes,0,10,15,LOA,Length overall,336,COASTAL
46,"LKA    ",SRI LANKA,SRI LANKA,2022,ART,Artisanal Fishing,Pêcheries artisanales,9,UNCL,Unclassified,Non classé,Other,Autres,1,1,8,LOA,Length overall,39407,"ALL    "
46,"LKA    ",SRI LANKA,SRI LANKA,2022,ART,Artisanal Fishing,Pêcheries artisanales,9,UNCL,Unclassified,Non classé,Other,Autres,1,8,9,LOA,Length overall,3235,"ALL    "
1,"AUS    ",AUSTRALIA,AUSTRALIE,2023,IND,Industrial Fishing,Pêcheries industrielles,3,BB,Baitboat,Canne,Baitboat,Canne,0,24,40,LOA,Length overall,1,PELAGIC
23,"IDN    ",INDONESIA,INDONÉSIE,2023,ART,Artisanal Fishing,Pêcheries artisanales,3,BB,Baitboat,Canne,Baitboat,Canne,0,NULL,5,GT,Gross Tonnage,2255,PELAGIC
23,"IDN    ",INDONESIA,INDONÉSIE,2023,ART,Artisanal Fishing,Pêcheries artisanales,3,BB,Baitboat,Canne,Baitboat,Canne,0,5,10,GT,Gross Tonnage,576,PELAGIC
23,"IDN    ",INDONESIA,INDONÉSIE,2023,ART,Artisanal Fishing,Pêcheries artisanales,3,BB,Baitboat,Canne,Baitboat,Canne,0,10,20,GT,Gross Tonnage,8,PELAGIC
23,"IDN    ",INDONESIA,INDONÉSIE,2023,ART,Artisanal Fishing,Pêcheries artisanales,3,BB,Baitboat,Canne,Baitboat,Canne,0,20,30,GT,Gross Tonnage,123,PELAGIC
23,"IDN    ",INDONESIA,INDONÉSIE,2023,ART,Artisanal Fishing,Pêcheries artisanales,3,BB,Baitboat,Canne,Baitboat,Canne,0,30,50,GT,Gross Tonnage,1,PELAGIC
23,"IDN    ",INDONESIA,INDONÉSIE,2023,ART,Artisanal Fishing,Pêcheries artisanales,3,BB,Baitboat,Canne,Baitboat,Canne,0,0,5,UNCL,Unclassified,290,PELAGIC
46,"LKA    ",SRI LANKA,SRI LANKA,2023,ART,Artisanal Fishing,Pêcheries artisanales,3,BB,Baitboat,Canne,Baitboat,Canne,0,0,10,LOA,Length overall,55,PELAGIC
46,"LKA    ",SRI LANKA,SRI LANKA,2023,ART,Artisanal Fishing,Pêcheries artisanales,1,BS,Beach seine,Senne de plage,Other,Autres,0,0,10,LOA,Length overall,838,COASTAL
23,"IDN    ",INDONESIA,INDONÉSIE,2023,ART,Artisanal Fishing,Pêcheries artisanales,9,DSEI,Danish Seine,Senne danoise,Other,Autres,0,NULL,5,GT,Gross Tonnage,7065,COASTAL
23,"IDN    ",INDONESIA,INDONÉSIE,2023,ART,Artisanal Fishing,Pêcheries artisanales,9,DSEI,Danish Seine,Senne danoise,Other,Autres,0,5,10,GT,Gross Tonnage,1445,COASTAL
23,"IDN    ",INDONESIA,INDONÉSIE,2023,ART,Artisanal Fishing,Pêcheries artisanales,9,DSEI,Danish Seine,Senne danoise,Other,Autres,0,10,20,GT,Gross Tonnage,557,COASTAL
23,"IDN    ",INDONESIA,INDONÉSIE,2023,ART,Artisanal Fishing,Pêcheries artisanales,9,DSEI,Danish Seine,Senne danoise,Other,Autres,0,20,30,GT,Gross Tonnage,356,COASTAL
23,"IDN    ",INDONESIA,INDONÉSIE,2023,ART,Artisanal Fishing,Pêcheries artisanales,9,DSEI,Danish Seine,Senne danoise,Other,Autres,0,30,50,GT,Gross Tonnage,7,COASTAL
23,"IDN    ",INDONESIA,INDONÉSIE,2023,ART,Artisanal Fishing,Pêcheries artisanales,9,DSEI,Danish Seine,Senne danoise,Other,Autres,0,50,100,GT,Gross Tonnage,18,COASTAL
23,"IDN    ",INDONESIA,INDONÉSIE,2023,ART,Artisanal Fishing,Pêcheries artisanales,9,DSEI,Danish Seine,Senne danoise,Other,Autres,0,0,5,UNCL,Unclassified,851,COASTAL
1,"AUS    ",AUSTRALIA,AUSTRALIE,2023,IND,Industrial Fishing,Pêcheries industrielles,5,ELL,Longline targeting swordfish,Palangre à espadon,Longline,Palangre,0,24,40,LOA,Length overall,1,PELAGIC
15,"EUREU  ",EU.FRANCE.REUNION,UE.FRANCE.RÉUNION,2023,IND,Industrial Fishing,Pêcheries industrielles,5,ELL,Longline targeting swordfish,Palangre à espadon,Longline,Palangre,0,15,24,LOA,Length overall,20,PELAGIC
18,"EUPRT  ",EU.PORTUGAL,UE.PORTUGAL,2023,IND,Industrial Fishing,Pêcheries industrielles,5,ELL,Longline targeting swordfish,Palangre à espadon,Longline,Palangre,0,24,40,LOA,Length overall,1,PELAGIC
18,"EUPRT  ",EU.PORTUGAL,UE.PORTUGAL,2023,IND,Industrial Fishing,Pêcheries industrielles,5,ELL,Longline targeting swordfish,Palangre à espadon,Longline,Palangre,0,40,60,LOA,Length overall,1,PELAGIC
19,"EUESP  ",EU.SPAIN,UE.ESPAGNE,2023,IND,Industrial Fishing,Pêcheries industrielles,5,ELL,Longline targeting swordfish,Palangre à espadon,Longline,Palangre,0,24,40,LOA,Length overall,12,PELAGIC
19,"EUESP  ",EU.SPAIN,UE.ESPAGNE,2023,IND,Industrial Fishing,Pêcheries industrielles,5,ELL,Longline targeting swordfish,Palangre à espadon,Longline,Palangre,0,40,60,LOA,Length overall,2,PELAGIC
28,"KEN    ",KENYA,KENYA,2023,IND,Industrial Fishing,Pêcheries industrielles,5,ELL,Longline targeting swordfish,Palangre à espadon,Longline,Palangre,0,24,40,LOA,Length overall,2,PELAGIC
28,"KEN    ",KENYA,KENYA,2023,IND,Industrial Fishing,Pêcheries industrielles,5,ELL,Longline targeting swordfish,Palangre à espadon,Longline,Palangre,0,40,60,LOA,Length overall,4,PELAGIC
31,"MDG    ",MADAGASCAR,MADAGASCAR,2023,IND,Industrial Fishing,Pêcheries industrielles,5,ELL,Longline targeting swordfish,Palangre à espadon,Longline,Palangre,0,0,15,LOA,Length overall,3,PELAGIC
31,"MDG    ",MADAGASCAR,MADAGASCAR,2023,IND,Industrial Fishing,Pêcheries industrielles,5,ELL,Longline targeting swordfish,Palangre à espadon,Longline,Palangre,0,15,24,LOA,Length overall,2,PELAGIC
44,"ZAF    ",SOUTH AFRICA,AFRIQUE DU SUD,2023,IND,Industrial Fishing,Pêcheries industrielles,5,ELL,Longline targeting swordfish,Palangre à espadon,Longline,Palangre,0,15,24,LOA,Length overall,10,PELAGIC
44,"ZAF    ",SOUTH AFRICA,AFRIQUE DU SUD,2023,IND,Industrial Fishing,Pêcheries industrielles,5,ELL,Longline targeting swordfish,Palangre à espadon,Longline,Palangre,0,24,40,LOA,Length overall,10,PELAGIC
5,"CHN    ",CHINA,CHINE,2023,IND,Industrial Fishing,Pêcheries industrielles,5,FLL,Longline Fresh,Palangre Frais,Longline,Palangre,0,24,60,LOA,Length overall,56,PELAGIC
6,"TWN    ","TAIWAN,CHINA","TAIWAN,CHINE",2023,IND,Industrial Fishing,Pêcheries industrielles,5,FLL,Longline Fresh,Palangre Frais,Longline,Palangre,0,15,24,LOA,Length overall,13,PELAGIC
6,"TWN    ","TAIWAN,CHINA","TAIWAN,CHINE",2023,IND,Industrial Fishing,Pêcheries industrielles,5,FLL,Longline Fresh,Palangre Frais,Longline,Palangre,0,24,40,LOA,Length overall,70,PELAGIC
23,"IDN    ",INDONESIA,INDONÉSIE,2023,IND,Industrial Fishing,Pêcheries industrielles,5,FLL,Longline Fresh,Palangre Frais,Longline,Palangre,0,30,50,GT,Gross Tonnage,29,PELAGIC
23,"IDN    ",INDONESIA,INDONÉSIE,2023,IND,Industrial Fishing,Pêcheries industrielles,5,FLL,Longline Fresh,Palangre Frais,Longline,Palangre,0,50,100,GT,Gross Tonnage,176,PELAGIC
32,"MYS    ",MALAYSIA,MALAISIE,2023,IND,Industrial Fishing,Pêcheries industrielles,5,FLL,Longline Fresh,Palangre Frais,Longline,Palangre,0,24,40,LOA,Length overall,16,PELAGIC
34,"MUS    ",MAURITIUS,MAURICE,2023,IND,Industrial Fishing,Pêcheries industrielles,5,FLL,Longline Fresh,Palangre Frais,Longline,Palangre,0,24,40,LOA,Length overall,1,PELAGIC
43,"SYC    ",SEYCHELLES,SEYCHELLES,2023,IND,Industrial Fishing,Pêcheries industrielles,5,FLL,Longline Fresh,Palangre Frais,Longline,Palangre,0,10,15,LOA,Length overall,25,NULL
43,"SYC    ",SEYCHELLES,SEYCHELLES,2023,IND,Industrial Fishing,Pêcheries industrielles,5,FLL,Longline Fresh,Palangre Frais,Longline,Palangre,0,15,24,LOA,Length overall,33,NULL
46,"LKA    ",SRI LANKA,SRI LANKA,2023,IND,Industrial Fishing,Pêcheries industrielles,5,FLL,Longline Fresh,Palangre Frais,Longline,Palangre,0,10,15,LOA,Length overall,405,PELAGIC
46,"LKA    ",SRI LANKA,SRI LANKA,2023,IND,Industrial Fishing,Pêcheries industrielles,5,FLL,Longline Fresh,Palangre Frais,Longline,Palangre,0,15,24,LOA,Length overall,315,PELAGIC
46,"LKA    ",SRI LANKA,SRI LANKA,2023,IND,Industrial Fishing,Pêcheries industrielles,5,FLL,Longline Fresh,Palangre Frais,Longline,Palangre,0,24,40,LOA,Length overall,9,PELAGIC
3,"BGD    ",BANGLADESH,BANGLADESH,2023,ART,Artisanal Fishing,Pêcheries artisanales,4,GILL,Gillnet,Filet maillant,Gillnet,Filet maillant,0,5,40,LOA,Length overall,25992,COASTAL
23,"IDN    ",INDONESIA,INDONÉSIE,2023,ART,Artisanal Fishing,Pêcheries artisanales,4,GILL,Gillnet,Filet maillant,Gillnet,Filet maillant,0,NULL,5,GT,Gross Tonnage,91485,"ALL    "
23,"IDN    ",INDONESIA,INDONÉSIE,2023,ART,Artisanal Fishing,Pêcheries artisanales,4,GILL,Gillnet,Filet maillant,Gillnet,Filet maillant,0,5,10,GT,Gross Tonnage,13304,"ALL    "
23,"IDN    ",INDONESIA,INDONÉSIE,2023,ART,Artisanal Fishing,Pêcheries artisanales,4,GILL,Gillnet,Filet maillant,Gillnet,Filet maillant,0,10,20,GT,Gross Tonnage,2465,"ALL    "
23,"IDN    ",INDONESIA,INDONÉSIE,2023,ART,Artisanal Fishing,Pêcheries artisanales,4,GILL,Gillnet,Filet maillant,Gillnet,Filet maillant,0,20,30,GT,Gross Tonnage,1200,"ALL    "
23,"IDN    ",INDONESIA,INDONÉSIE,2023,ART,Artisanal Fishing,Pêcheries artisanales,4,GILL,Gillnet,Filet maillant,Gillnet,Filet maillant,0,0,5,UNCL,Unclassified,7985,"ALL    "
24,"IRN    ",IRAN ISLAMIC REP.,IRAN RÉP. ISLAMIQUE,2023,ART,Artisanal Fishing,Pêcheries artisanales,4,GILL,Gillnet,Filet maillant,Gillnet,Filet maillant,0,101,NULL,GRT,Gross Registered Tonnage,246,"ALL    "
24,"IRN    ",IRAN ISLAMIC REP.,IRAN RÉP. ISLAMIQUE,2023,ART,Artisanal Fishing,Pêcheries artisanales,4,GILL,Gillnet,Filet maillant,Gillnet,Filet maillant,0,0,2,GRT,Gross Registered Tonnage,4437,"ALL    "
24,"IRN    ",IRAN ISLAMIC REP.,IRAN RÉP. ISLAMIQUE,2023,ART,Artisanal Fishing,Pêcheries artisanales,4,GILL,Gillnet,Filet maillant,Gillnet,Filet maillant,0,3,20,GRT,Gross Registered Tonnage,208,"ALL    "
24,"IRN    ",IRAN ISLAMIC REP.,IRAN RÉP. ISLAMIQUE,2023,ART,Artisanal Fishing,Pêcheries artisanales,4,GILL,Gillnet,Filet maillant,Gillnet,Filet maillant,0,21,50,GRT,Gross Registered Tonnage,279,"ALL    "
24,"IRN    ",IRAN ISLAMIC REP.,IRAN RÉP. ISLAMIQUE,2023,ART,Artisanal Fishing,Pêcheries artisanales,4,GILL,Gillnet,Filet maillant,Gillnet,Filet maillant,0,51,100,GRT,Gross Registered Tonnage,479,"ALL    "
32,"MYS    ",MALAYSIA,MALAISIE,2023,ART,Artisanal Fishing,Pêcheries artisanales,4,GILL,Gillnet,Filet maillant,Gillnet,Filet maillant,0,1,10,GRT,Gross Registered Tonnage,10088,COASTAL
46,"LKA    ",SRI LANKA,SRI LANKA,2023,ART,Artisanal Fishing,Pêcheries artisanales,4,GILL,Gillnet,Filet maillant,Gillnet,Filet maillant,0,0,10,LOA,Length overall,1204,COASTAL
46,"LKA    ",SRI LANKA,SRI LANKA,2023,ART,Artisanal Fishing,Pêcheries artisanales,4,GILL,Gillnet,Filet maillant,Gillnet,Filet maillant,0,10,15,LOA,Length overall,1124,COASTAL
46,"LKA    ",SRI LANKA,SRI LANKA,2023,IND,Industrial Fishing,Pêcheries industrielles,4,GIOF,Offshore gillnet,Filet maillant pêche hauturière,Gillnet,Filet maillant,0,10,15,LOA,Length overall,211,PELAGIC
1,"AUS    ",AUSTRALIA,AUSTRALIE,2023,ART,Artisanal Fishing,Pêcheries artisanales,6,HAND,Hand line,Ligne à main,Line,Lignes,0,4,20,LOA,Length overall,6,COASTAL
1,"AUS    ",AUSTRALIA,AUSTRALIE,2023,ART,Artisanal Fishing,Pêcheries artisanales,6,HAND,Hand line,Ligne à main,Line,Lignes,0,15,24,LOA,Length overall,7,COASTAL
23,"IDN    ",INDONESIA,INDONÉSIE,2023,ART,Artisanal Fishing,Pêcheries artisanales,6,HAND,Hand line,Ligne à main,Line,Lignes,0,NULL,5,GT,Gross Tonnage,41840,"ALL    "
23,"IDN    ",INDONESIA,INDONÉSIE,2023,ART,Artisanal Fishing,Pêcheries artisanales,6,HAND,Hand line,Ligne à main,Line,Lignes,0,5,10,GT,Gross Tonnage,3719,"ALL    "
23,"IDN    ",INDONESIA,INDONÉSIE,2023,ART,Artisanal Fishing,Pêcheries artisanales,6,HAND,Hand line,Ligne à main,Line,Lignes,0,10,20,GT,Gross Tonnage,2804,"ALL    "
23,"IDN    ",INDONESIA,INDONÉSIE,2023,ART,Artisanal Fishing,Pêcheries artisanales,6,HAND,Hand line,Ligne à main,Line,Lignes,0,20,30,GT,Gross Tonnage,2410,"ALL    "
23,"IDN    ",INDONESIA,INDONÉSIE,2023,ART,Artisanal Fishing,Pêcheries artisanales,6,HAND,Hand line,Ligne à main,Line,Lignes,0,30,50,GT,Gross Tonnage,246,"ALL    "
23,"IDN    ",INDONESIA,INDONÉSIE,2023,ART,Artisanal Fishing,Pêcheries artisanales,6,HAND,Hand line,Ligne à main,Line,Lignes,0,50,85,GT,Gross Tonnage,45,"ALL    "
23,"IDN    ",INDONESIA,INDONÉSIE,2023,ART,Artisanal Fishing,Pêcheries artisanales,6,HAND,Hand line,Ligne à main,Line,Lignes,0,0,5,UNCL,Unclassified,5186,"ALL    "
32,"MYS    ",MALAYSIA,MALAISIE,2023,ART,Artisanal Fishing,Pêcheries artisanales,6,HAND,Hand line,Ligne à main,Line,Lignes,0,1,10,GRT,Gross Registered Tonnage,122,COASTAL
46,"LKA    ",SRI LANKA,SRI LANKA,2023,ART,Artisanal Fishing,Pêcheries artisanales,6,HAND,Hand line,Ligne à main,Line,Lignes,0,0,10,LOA,Length overall,76,COASTAL
46,"LKA    ",SRI LANKA,SRI LANKA,2023,ART,Artisanal Fishing,Pêcheries artisanales,6,HAND,Hand line,Ligne à main,Line,Lignes,0,10,15,LOA,Length overall,913,COASTAL
1,"AUS    ",AUSTRALIA,AUSTRALIE,2023,ART,Artisanal Fishing,Pêcheries artisanales,6,HATR,Hand line and Troll line,Ligne à main et Ligne de traîne,Line,Lignes,1,15,24,LOA,Length overall,10,COASTAL
14,"EUMYT  ",EU.FRANCE.MAYOTTE,UE.FRANCE.MAYOTTE,2023,ART,Artisanal Fishing,Pêcheries artisanales,6,HATR,Hand line and Troll line,Ligne à main et Ligne de traîne,Line,Lignes,1,0,8,LOA,Length overall,67,COASTAL
14,"EUMYT  ",EU.FRANCE.MAYOTTE,UE.FRANCE.MAYOTTE,2023,ART,Artisanal Fishing,Pêcheries artisanales,6,HATR,Hand line and Troll line,Ligne à main et Ligne de traîne,Line,Lignes,1,8,15,LOA,Length overall,10,COASTAL
15,"EUREU  ",EU.FRANCE.REUNION,UE.FRANCE.RÉUNION,2023,ART,Artisanal Fishing,Pêcheries artisanales,6,HATR,Hand line and Troll line,Ligne à main et Ligne de traîne,Line,Lignes,1,5,14,LOA,Length overall,118,PELAGIC
23,"IDN    ",INDONESIA,INDONÉSIE,2023,ART,Artisanal Fishing,Pêcheries artisanales,6,HLOF,Hand line (offshore),Ligne à main (hauturière),Line,Lignes,0,20,30,GT,Gross Tonnage,2,NULL
23,"IDN    ",INDONESIA,INDONÉSIE,2023,ART,Artisanal Fishing,Pêcheries artisanales,6,HLOF,Hand line (offshore),Ligne à main (hauturière),Line,Lignes,0,30,50,GT,Gross Tonnage,4,NULL
23,"IDN    ",INDONESIA,INDONÉSIE,2023,ART,Artisanal Fishing,Pêcheries artisanales,6,HLOF,Hand line (offshore),Ligne à main (hauturière),Line,Lignes,0,50,100,GT,Gross Tonnage,28,NULL
23,"IDN    ",INDONESIA,INDONÉSIE,2023,ART,Artisanal Fishing,Pêcheries artisanales,6,HLOF,Hand line (offshore),Ligne à main (hauturière),Line,Lignes,0,100,200,GT,Gross Tonnage,5,NULL
23,"IDN    ",INDONESIA,INDONÉSIE,2023,ART,Artisanal Fishing,Pêcheries artisanales,9,LIFT,Liftnet,Carrelet,Other,Autres,0,NULL,5,GT,Gross Tonnage,2037,COASTAL
23,"IDN    ",INDONESIA,INDONÉSIE,2023,ART,Artisanal Fishing,Pêcheries artisanales,9,LIFT,Liftnet,Carrelet,Other,Autres,0,5,10,GT,Gross Tonnage,1768,COASTAL
23,"IDN    ",INDONESIA,INDONÉSIE,2023,ART,Artisanal Fishing,Pêcheries artisanales,9,LIFT,Liftnet,Carrelet,Other,Autres,0,10,20,GT,Gross Tonnage,639,COASTAL
23,"IDN    ",INDONESIA,INDONÉSIE,2023,ART,Artisanal Fishing,Pêcheries artisanales,9,LIFT,Liftnet,Carrelet,Other,Autres,0,20,30,GT,Gross Tonnage,1587,COASTAL
23,"IDN    ",INDONESIA,INDONÉSIE,2023,ART,Artisanal Fishing,Pêcheries artisanales,9,LIFT,Liftnet,Carrelet,Other,Autres,0,50,85,GT,Gross Tonnage,1,COASTAL
23,"IDN    ",INDONESIA,INDONÉSIE,2023,ART,Artisanal Fishing,Pêcheries artisanales,9,LIFT,Liftnet,Carrelet,Other,Autres,0,0,5,UNCL,Unclassified,415,COASTAL
1,"AUS    ",AUSTRALIA,AUSTRALIE,2023,IND,Industrial Fishing,Pêcheries industrielles,5,LL,Longline,Palangre dérivante au-dessus de 1800 hameçons,Longline,Palangre,0,15,24,LOA,Length overall,6,NULL
5,"CHN    ",CHINA,CHINE,2023,IND,Industrial Fishing,Pêcheries industrielles,5,LL,Longline,Palangre dérivante au-dessus de 1800 hameçons,Longline,Palangre,0,24,60,LOA,Length overall,18,PELAGIC
6,"TWN    ","TAIWAN,CHINA","TAIWAN,CHINE",2023,IND,Industrial Fishing,Pêcheries industrielles,5,LL,Longline,Palangre dérivante au-dessus de 1800 hameçons,Longline,Palangre,0,24,40,LOA,Length overall,69,PELAGIC
6,"TWN    ","TAIWAN,CHINA","TAIWAN,CHINE",2023,IND,Industrial Fishing,Pêcheries industrielles,5,LL,Longline,Palangre dérivante au-dessus de 1800 hameçons,Longline,Palangre,0,40,60,LOA,Length overall,88,PELAGIC
23,"IDN    ",INDONESIA,INDONÉSIE,2023,IND,Industrial Fishing,Pêcheries industrielles,5,LL,Longline,Palangre dérivante au-dessus de 1800 hameçons,Longline,Palangre,0,100,200,GT,Gross Tonnage,141,PELAGIC
23,"IDN    ",INDONESIA,INDONÉSIE,2023,IND,Industrial Fishing,Pêcheries industrielles,5,LL,Longline,Palangre dérivante au-dessus de 1800 hameçons,Longline,Palangre,0,200,300,GT,Gross Tonnage,1,PELAGIC
26,"JPN    ",JAPAN,JAPON,2023,IND,Industrial Fishing,Pêcheries industrielles,5,LL,Longline,Palangre dérivante au-dessus de 1800 hameçons,Longline,Palangre,0,40,60,LOA,Length overall,41,PELAGIC
29,"KOR    ",KOREA REP.,CORÉE RÉP.,2023,IND,Industrial Fishing,Pêcheries industrielles,5,LL,Longline,Palangre dérivante au-dessus de 1800 hameçons,Longline,Palangre,0,40,60,LOA,Length overall,4,PELAGIC
34,"MUS    ",MAURITIUS,MAURICE,2023,IND,Industrial Fishing,Pêcheries industrielles,5,LL,Longline,Palangre dérivante au-dessus de 1800 hameçons,Longline,Palangre,0,24,40,LOA,Length overall,15,PELAGIC
43,"SYC    ",SEYCHELLES,SEYCHELLES,2023,IND,Industrial Fishing,Pêcheries industrielles,5,LL,Longline,Palangre dérivante au-dessus de 1800 hameçons,Longline,Palangre,0,24,40,LOA,Length overall,10,PELAGIC
43,"SYC    ",SEYCHELLES,SEYCHELLES,2023,IND,Industrial Fishing,Pêcheries industrielles,5,LL,Longline,Palangre dérivante au-dessus de 1800 hameçons,Longline,Palangre,0,40,60,LOA,Length overall,17,PELAGIC
3,"BGD    ",BANGLADESH,BANGLADESH,2023,ART,Artisanal Fishing,Pêcheries artisanales,6,LLCO,Coastal longline,Petite palangre,Line,Lignes,0,0,15,LOA,Length overall,93,NULL
14,"EUMYT  ",EU.FRANCE.MAYOTTE,UE.FRANCE.MAYOTTE,2023,ART,Artisanal Fishing,Pêcheries artisanales,6,LLCO,Coastal longline,Petite palangre,Line,Lignes,0,0,15,LOA,Length overall,1,COASTAL
15,"EUREU  ",EU.FRANCE.REUNION,UE.FRANCE.RÉUNION,2023,ART,Artisanal Fishing,Pêcheries artisanales,6,LLCO,Coastal longline,Petite palangre,Line,Lignes,0,0,15,LOA,Length overall,23,PELAGIC
23,"IDN    ",INDONESIA,INDONÉSIE,2023,ART,Artisanal Fishing,Pêcheries artisanales,6,LLCO,Coastal longline,Petite palangre,Line,Lignes,0,NULL,5,GT,Gross Tonnage,9342,"ALL    "
23,"IDN    ",INDONESIA,INDONÉSIE,2023,ART,Artisanal Fishing,Pêcheries artisanales,6,LLCO,Coastal longline,Petite palangre,Line,Lignes,0,5,10,GT,Gross Tonnage,2351,"ALL    "
23,"IDN    ",INDONESIA,INDONÉSIE,2023,ART,Artisanal Fishing,Pêcheries artisanales,6,LLCO,Coastal longline,Petite palangre,Line,Lignes,0,10,20,GT,Gross Tonnage,388,"ALL    "
23,"IDN    ",INDONESIA,INDONÉSIE,2023,ART,Artisanal Fishing,Pêcheries artisanales,6,LLCO,Coastal longline,Petite palangre,Line,Lignes,0,20,30,GT,Gross Tonnage,732,"ALL    "
23,"IDN    ",INDONESIA,INDONÉSIE,2023,ART,Artisanal Fishing,Pêcheries artisanales,6,LLCO,Coastal longline,Petite palangre,Line,Lignes,0,30,50,GT,Gross Tonnage,12,"ALL    "
23,"IDN    ",INDONESIA,INDONÉSIE,2023,ART,Artisanal Fishing,Pêcheries artisanales,6,LLCO,Coastal longline,Petite palangre,Line,Lignes,0,50,100,GT,Gross Tonnage,16,"ALL    "
23,"IDN    ",INDONESIA,INDONÉSIE,2023,ART,Artisanal Fishing,Pêcheries artisanales,6,LLCO,Coastal longline,Petite palangre,Line,Lignes,0,0,5,UNCL,Unclassified,291,"ALL    "
46,"LKA    ",SRI LANKA,SRI LANKA,2023,ART,Artisanal Fishing,Pêcheries artisanales,6,LLCO,Coastal longline,Petite palangre,Line,Lignes,0,0,10,LOA,Length overall,452,COASTAL
46,"LKA    ",SRI LANKA,SRI LANKA,2023,ART,Artisanal Fishing,Pêcheries artisanales,6,LLCO,Coastal longline,Petite palangre,Line,Lignes,0,10,15,LOA,Length overall,2858,COASTAL
1,"AUS    ",AUSTRALIA,AUSTRALIE,2023,IND,Industrial Fishing,Pêcheries industrielles,1,PS,Purse seine,Senne tournante aux thons,Purse Seine,Senne tournante,0,24,40,LOA,Length overall,6,PELAGIC
13,"EUFRA  ",EU.FRANCE,UE.FRANCE,2023,IND,Industrial Fishing,Pêcheries industrielles,1,PS,Purse seine,Senne tournante aux thons,Purse Seine,Senne tournante,0,60,80,LOA,Length overall,5,PELAGIC
13,"EUFRA  ",EU.FRANCE,UE.FRANCE,2023,IND,Industrial Fishing,Pêcheries industrielles,1,PS,Purse seine,Senne tournante aux thons,Purse Seine,Senne tournante,0,80,100,LOA,Length overall,3,PELAGIC
19,"EUESP  ",EU.SPAIN,UE.ESPAGNE,2023,IND,Industrial Fishing,Pêcheries industrielles,1,PS,Purse seine,Senne tournante aux thons,Purse Seine,Senne tournante,0,80,100,LOA,Length overall,6,PELAGIC
19,"EUESP  ",EU.SPAIN,UE.ESPAGNE,2023,IND,Industrial Fishing,Pêcheries industrielles,1,PS,Purse seine,Senne tournante aux thons,Purse Seine,Senne tournante,0,100,120,LOA,Length overall,7,PELAGIC
23,"IDN    ",INDONESIA,INDONÉSIE,2023,IND,Industrial Fishing,Pêcheries industrielles,1,PS,Purse seine,Senne tournante aux thons,Purse Seine,Senne tournante,0,50,100,GT,Gross Tonnage,20,PELAGIC
23,"IDN    ",INDONESIA,INDONÉSIE,2023,IND,Industrial Fishing,Pêcheries industrielles,1,PS,Purse seine,Senne tournante aux thons,Purse Seine,Senne tournante,0,100,200,GT,Gross Tonnage,652,PELAGIC
23,"IDN    ",INDONESIA,INDONÉSIE,2023,IND,Industrial Fishing,Pêcheries industrielles,1,PS,Purse seine,Senne tournante aux thons,Purse Seine,Senne tournante,0,200,300,GT,Gross Tonnage,17,PELAGIC
23,"IDN    ",INDONESIA,INDONÉSIE,2023,IND,Industrial Fishing,Pêcheries industrielles,1,PS,Purse seine,Senne tournante aux thons,Purse Seine,Senne tournante,0,300,500,GT,Gross Tonnage,1,PELAGIC
29,"KOR    ",KOREA REP.,CORÉE RÉP.,2023,IND,Industrial Fishing,Pêcheries industrielles,1,PS,Purse seine,Senne tournante aux thons,Purse Seine,Senne tournante,0,60,80,LOA,Length overall,2,PELAGIC
34,"MUS    ",MAURITIUS,MAURICE,2023,IND,Industrial Fishing,Pêcheries industrielles,1,PS,Purse seine,Senne tournante aux thons,Purse Seine,Senne tournante,0,80,100,LOA,Length overall,5,PELAGIC
43,"SYC    ",SEYCHELLES,SEYCHELLES,2023,IND,Industrial Fishing,Pêcheries industrielles,1,PS,Purse seine,Senne tournante aux thons,Purse Seine,Senne tournante,0,60,80,LOA,Length overall,2,PELAGIC
43,"SYC    ",SEYCHELLES,SEYCHELLES,2023,IND,Industrial Fishing,Pêcheries industrielles,1,PS,Purse seine,Senne tournante aux thons,Purse Seine,Senne tournante,0,80,100,LOA,Length overall,9,PELAGIC
43,"SYC    ",SEYCHELLES,SEYCHELLES,2023,IND,Industrial Fishing,Pêcheries industrielles,1,PS,Purse seine,Senne tournante aux thons,Purse Seine,Senne tournante,0,100,120,LOA,Length overall,2,PELAGIC
60,"EUITA  ",EU.ITALY,EU.ITALIE,2023,IND,Industrial Fishing,Pêcheries industrielles,1,PS,Purse seine,Senne tournante aux thons,Purse Seine,Senne tournante,0,80,100,LOA,Length overall,1,NULL
60,"EUITA  ",EU.ITALY,EU.ITALIE,2023,IND,Industrial Fishing,Pêcheries industrielles,1,PS,Purse seine,Senne tournante aux thons,Purse Seine,Senne tournante,0,80,100,LOA,Length overall,1,PELAGIC
23,"IDN    ",INDONESIA,INDONÉSIE,2023,ART,Artisanal Fishing,Pêcheries artisanales,1,PSS,Small purse seine,Senneur côtier,Purse Seine,Senne tournante,0,NULL,5,GT,Gross Tonnage,1257,"ALL    "
23,"IDN    ",INDONESIA,INDONÉSIE,2023,ART,Artisanal Fishing,Pêcheries artisanales,1,PSS,Small purse seine,Senneur côtier,Purse Seine,Senne tournante,0,5,10,GT,Gross Tonnage,1181,"ALL    "
23,"IDN    ",INDONESIA,INDONÉSIE,2023,ART,Artisanal Fishing,Pêcheries artisanales,1,PSS,Small purse seine,Senneur côtier,Purse Seine,Senne tournante,0,10,20,GT,Gross Tonnage,1467,"ALL    "
23,"IDN    ",INDONESIA,INDONÉSIE,2023,ART,Artisanal Fishing,Pêcheries artisanales,1,PSS,Small purse seine,Senneur côtier,Purse Seine,Senne tournante,0,20,30,GT,Gross Tonnage,2257,"ALL    "
23,"IDN    ",INDONESIA,INDONÉSIE,2023,ART,Artisanal Fishing,Pêcheries artisanales,1,PSS,Small purse seine,Senneur côtier,Purse Seine,Senne tournante,0,30,50,GT,Gross Tonnage,715,"ALL    "
23,"IDN    ",INDONESIA,INDONÉSIE,2023,ART,Artisanal Fishing,Pêcheries artisanales,1,PSS,Small purse seine,Senneur côtier,Purse Seine,Senne tournante,0,50,100,GT,Gross Tonnage,322,"ALL    "
23,"IDN    ",INDONESIA,INDONÉSIE,2023,ART,Artisanal Fishing,Pêcheries artisanales,1,PSS,Small purse seine,Senneur côtier,Purse Seine,Senne tournante,0,0,5,UNCL,Unclassified,48,"ALL    "
32,"MYS    ",MALAYSIA,MALAISIE,2023,ART,Artisanal Fishing,Pêcheries artisanales,1,PSS,Small purse seine,Senneur côtier,Purse Seine,Senne tournante,0,10,70,GRT,Gross Registered Tonnage,361,COASTAL
49,"THA    ",THAILAND,THAÏLANDE,2023,ART,Artisanal Fishing,Pêcheries artisanales,1,PSS,Small purse seine,Senneur côtier,Purse Seine,Senne tournante,0,14,25,LOA,Length overall,218,"ALL    "
23,"IDN    ",INDONESIA,INDONÉSIE,2023,ART,Artisanal Fishing,Pêcheries artisanales,1,RIN,Ring net,Lampara,Purse Seine,Senne tournante,0,0,5,GT,Gross Tonnage,850,COASTAL
23,"IDN    ",INDONESIA,INDONÉSIE,2023,ART,Artisanal Fishing,Pêcheries artisanales,1,RIN,Ring net,Lampara,Purse Seine,Senne tournante,0,5,10,GT,Gross Tonnage,37,COASTAL
23,"IDN    ",INDONESIA,INDONÉSIE,2023,ART,Artisanal Fishing,Pêcheries artisanales,1,RIN,Ring net,Lampara,Purse Seine,Senne tournante,0,10,20,GT,Gross Tonnage,64,COASTAL
23,"IDN    ",INDONESIA,INDONÉSIE,2023,ART,Artisanal Fishing,Pêcheries artisanales,1,RIN,Ring net,Lampara,Purse Seine,Senne tournante,0,20,30,GT,Gross Tonnage,2,COASTAL
46,"LKA    ",SRI LANKA,SRI LANKA,2023,ART,Artisanal Fishing,Pêcheries artisanales,1,RIN,Ring net,Lampara,Purse Seine,Senne tournante,0,0,10,LOA,Length overall,512,COASTAL
46,"LKA    ",SRI LANKA,SRI LANKA,2023,ART,Artisanal Fishing,Pêcheries artisanales,1,RIN,Ring net,Lampara,Purse Seine,Senne tournante,0,10,15,LOA,Length overall,728,COASTAL
46,"LKA    ",SRI LANKA,SRI LANKA,2023,IND,Industrial Fishing,Pêcheries industrielles,1,RNOF,Ring net (offshore),Lampara (hauturière),Purse Seine,Senne tournante,0,10,15,LOA,Length overall,1078,PELAGIC
13,"EUFRA  ",EU.FRANCE,UE.FRANCE,2023,IND,Industrial Fishing,Pêcheries industrielles,1,SUPP,Supply vessel,Bateau auxiliaire,Purse Seine,Senne tournante,0,24,40,LOA,Length overall,2,PELAGIC
19,"EUESP  ",EU.SPAIN,UE.ESPAGNE,2023,IND,Industrial Fishing,Pêcheries industrielles,1,SUPP,Supply vessel,Bateau auxiliaire,Purse Seine,Senne tournante,0,24,40,LOA,Length overall,2,PELAGIC
19,"EUESP  ",EU.SPAIN,UE.ESPAGNE,2023,IND,Industrial Fishing,Pêcheries industrielles,1,SUPP,Supply vessel,Bateau auxiliaire,Purse Seine,Senne tournante,0,40,60,LOA,Length overall,2,PELAGIC
29,"KOR    ",KOREA REP.,CORÉE RÉP.,2023,IND,Industrial Fishing,Pêcheries industrielles,1,SUPP,Supply vessel,Bateau auxiliaire,Purse Seine,Senne tournante,0,40,60,LOA,Length overall,1,PELAGIC
34,"MUS    ",MAURITIUS,MAURICE,2023,IND,Industrial Fishing,Pêcheries industrielles,1,SUPP,Supply vessel,Bateau auxiliaire,Purse Seine,Senne tournante,0,24,40,LOA,Length overall,1,PELAGIC
43,"SYC    ",SEYCHELLES,SEYCHELLES,2023,IND,Industrial Fishing,Pêcheries industrielles,1,SUPP,Supply vessel,Bateau auxiliaire,Purse Seine,Senne tournante,0,24,40,LOA,Length overall,1,PELAGIC
43,"SYC    ",SEYCHELLES,SEYCHELLES,2023,IND,Industrial Fishing,Pêcheries industrielles,1,SUPP,Supply vessel,Bateau auxiliaire,Purse Seine,Senne tournante,0,40,60,LOA,Length overall,2,PELAGIC
3,"BGD    ",BANGLADESH,BANGLADESH,2023,ART,Artisanal Fishing,Pêcheries artisanales,9,TRAW,Trawl,Chaluts,Other,Autres,0,15,40,LOA,Length overall,78,NULL
3,"BGD    ",BANGLADESH,BANGLADESH,2023,ART,Artisanal Fishing,Pêcheries artisanales,9,TRAW,Trawl,Chaluts,Other,Autres,0,15,60,LOA,Length overall,185,NULL
32,"MYS    ",MALAYSIA,MALAISIE,2023,ART,Artisanal Fishing,Pêcheries artisanales,9,TRAW,Trawl,Chaluts,Other,Autres,0,10,70,GRT,Gross Registered Tonnage,2609,COASTAL
1,"AUS    ",AUSTRALIA,AUSTRALIE,2023,ART,Artisanal Fishing,Pêcheries artisanales,6,TROL,Troll line,Ligne de traîne,Line,Lignes,0,4,20,LOA,Length overall,12,PELAGIC
1,"AUS    ",AUSTRALIA,AUSTRALIE,2023,ART,Artisanal Fishing,Pêcheries artisanales,6,TROL,Troll line,Ligne de traîne,Line,Lignes,0,15,24,LOA,Length overall,10,PELAGIC
23,"IDN    ",INDONESIA,INDONÉSIE,2023,ART,Artisanal Fishing,Pêcheries artisanales,6,TROL,Troll line,Ligne de traîne,Line,Lignes,0,NULL,5,GT,Gross Tonnage,7227,"ALL    "
23,"IDN    ",INDONESIA,INDONÉSIE,2023,ART,Artisanal Fishing,Pêcheries artisanales,6,TROL,Troll line,Ligne de traîne,Line,Lignes,0,5,10,GT,Gross Tonnage,1155,"ALL    "
23,"IDN    ",INDONESIA,INDONÉSIE,2023,ART,Artisanal Fishing,Pêcheries artisanales,6,TROL,Troll line,Ligne de traîne,Line,Lignes,0,10,20,GT,Gross Tonnage,1005,"ALL    "
23,"IDN    ",INDONESIA,INDONÉSIE,2023,ART,Artisanal Fishing,Pêcheries artisanales,6,TROL,Troll line,Ligne de traîne,Line,Lignes,0,20,30,GT,Gross Tonnage,562,"ALL    "
23,"IDN    ",INDONESIA,INDONÉSIE,2023,ART,Artisanal Fishing,Pêcheries artisanales,6,TROL,Troll line,Ligne de traîne,Line,Lignes,0,30,50,GT,Gross Tonnage,5,"ALL    "
23,"IDN    ",INDONESIA,INDONÉSIE,2023,ART,Artisanal Fishing,Pêcheries artisanales,6,TROL,Troll line,Ligne de traîne,Line,Lignes,0,50,100,GT,Gross Tonnage,6,"ALL    "
23,"IDN    ",INDONESIA,INDONÉSIE,2023,ART,Artisanal Fishing,Pêcheries artisanales,6,TROL,Troll line,Ligne de traîne,Line,Lignes,0,0,5,UNCL,Unclassified,84,"ALL    "
24,"IRN    ",IRAN ISLAMIC REP.,IRAN RÉP. ISLAMIQUE,2023,ART,Artisanal Fishing,Pêcheries artisanales,6,TROL,Troll line,Ligne de traîne,Line,Lignes,0,0,2,GRT,Gross Registered Tonnage,1771,COASTAL
46,"LKA    ",SRI LANKA,SRI LANKA,2023,ART,Artisanal Fishing,Pêcheries artisanales,6,TROL,Troll line,Ligne de traîne,Line,Lignes,0,10,15,LOA,Length overall,336,COASTAL
3,"BGD    ",BANGLADESH,BANGLADESH,2023,ART,Artisanal Fishing,Pêcheries artisanales,9,UNCL,Unclassified,Non classé,Other,Autres,1,0,15,LOA,Length overall,2932,NULL
46,"LKA    ",SRI LANKA,SRI LANKA,2023,ART,Artisanal Fishing,Pêcheries artisanales,9,UNCL,Unclassified,Non classé,Other,Autres,1,1,8,LOA,Length overall,39407,"ALL    "
46,"LKA    ",SRI LANKA,SRI LANKA,2023,ART,Artisanal Fishing,Pêcheries artisanales,9,UNCL,Unclassified,Non classé,Other,Autres,1,8,9,LOA,Length overall,3235,"ALL    "
